,n,xray_0+xray_1_mean,xray_0+xray_1_std,rmsd_avg_0_mean,rmsd_avg_0_std
1,,7.5985351375191135,0.07701703102790959,0.11830326241505928,0.049612267922473176
2,,7.559352768659339,0.08350163871964236,0.13891397666809807,0.05654254343718355
3,,7.533480694841796,0.0853810681865232,0.15544176050907257,0.058285406567194116
4,,7.513865090957737,0.08728107645125124,0.1671208583669668,0.05771353723080258
5,,7.498524699483444,0.08542500704510407,0.17626700919919255,0.05631922451455071
6,,7.485513108172379,0.08494507498644158,0.18438948320781623,0.054764340650388536
7,,7.4748957850863915,0.08376428581766997,0.19116962375503732,0.052297613267767676
8,,7.463890691938706,0.08229239063429301,0.19640688388217972,0.04960601244677832
9,,7.453500149891513,0.08079472952743648,0.2015487293351598,0.04669149644117497
10,,7.445767387039013,0.07830605295632584,0.20537811051711216,0.044104587572416025
11,,7.439055056497203,0.07641850291057399,0.2086787139791409,0.04172876725773551
12,,7.433737441828617,0.07495343127421704,0.2104256020605001,0.040574788301132626
13,,7.428347946979893,0.07369982015938831,0.21262761028481814,0.038608014688056844
14,,7.422258884820201,0.07113796774637902,0.21551518898599012,0.03575816591304963
15,,7.417336626205511,0.06886422876466222,0.2176645964351997,0.03314293231458469
16,,7.41319833874165,0.06695972674970024,0.2201194675154195,0.030558459659221375
17,,7.408812944866753,0.06517967690398188,0.22191573521840754,0.028476310086330142
18,,7.405518918584936,0.06391726740257701,0.2229597143251267,0.027067034998191124
19,,7.402367483973055,0.06215202586082643,0.22441144991699344,0.02473350474410603
20,,7.3993602215270915,0.061352258562348064,0.22520915845944395,0.0241998741614827
21,,7.396296863594395,0.06071318381647255,0.22574742404447234,0.023503874342909438
22,,7.393219620613864,0.05964312677522358,0.2265375761960672,0.021848746038204223
23,,7.390849154739883,0.0589215902838519,0.22721702685410075,0.02078553857566929
24,,7.387896065956294,0.05813876605775422,0.22788846963338663,0.01988115295949344
25,,7.384961717934892,0.05671018957166924,0.22864032770621426,0.018831561584878434
26,,7.38277901831978,0.0559114277142328,0.22892771261037562,0.018707798976410558
27,,7.380829007018662,0.05523889698191574,0.22918178760486965,0.018643354577810085
28,,7.378877907754243,0.0545064819178245,0.22944003210858227,0.018545058491874034
29,,7.377179107096358,0.053482750543656206,0.22969125731961593,0.018307277265196483
30,,7.374974240598158,0.05279418846534848,0.23025723319386213,0.01721480956859684
31,,7.373458659752426,0.05218800464793429,0.23059628168517982,0.016919416551906385
32,,7.372496539135452,0.05192358930711224,0.23075338737028137,0.016881753568724685
33,,7.370263166896318,0.051147050040134326,0.2314166830257001,0.01531756338204971
34,,7.368803975688891,0.0501160772319064,0.23177299644117916,0.014609650285483068
35,,7.367534272040248,0.049568953184644576,0.2319270854152296,0.014638125306133239
36,,7.366114057443727,0.04919920622867355,0.23211209551115972,0.014454568302247228
37,,7.365042975140015,0.04884244126822018,0.23243471348446074,0.014184164434895882
38,,7.3639331431835116,0.04844201387868754,0.23261820657722282,0.014150178961534289
39,,7.362602853513872,0.047807609087665286,0.232722145123498,0.013946769516757522
40,,7.361601596458007,0.04744630311723958,0.23290639318421194,0.013879959736908323
41,,7.360641497251249,0.04667612374991819,0.23298684546484066,0.013726653546492083
42,,7.359734922109824,0.04655716959766129,0.2333602910903342,0.013015731001562031
43,,7.35896182055176,0.04637997538971177,0.23349723994747132,0.012921334131399651
44,,7.358379451874147,0.04586548082822202,0.23364440762712987,0.012840087050066881
45,,7.357057767811398,0.0456757748137818,0.2338682342678863,0.012862310301800718
46,,7.355956260197131,0.045124051043122865,0.2342725210681365,0.012620113680321461
47,,7.355087336614077,0.04467901150486931,0.23425360057581643,0.012700849576675848
48,,7.35433255111205,0.04449832140468732,0.23444313826759142,0.012461614039564627
49,,7.357070830845452,0.044015568674245956,0.23475587799484082,0.012767079717892071
50,,7.356146510030319,0.04397001676410138,0.23484199012083348,0.01275910583760507
51,,7.355039515738559,0.043846183953764585,0.23492171242939144,0.01271363621469341
52,,7.354359118548583,0.04357999135206725,0.2349117574906892,0.012779311961082186
53,,7.353088871702161,0.043720945211946756,0.23510359006533918,0.012704209416591592
54,,7.352163959376293,0.0430690176574458,0.23521758894874104,0.012248005332211303
55,,7.351488835835732,0.04287957412238905,0.2353999743739849,0.012192315453541613
56,,7.35097458602317,0.04261749991774578,0.23544450299783642,0.012180624597464542
57,,7.350534308792323,0.04266696394884673,0.23546918033196623,0.012174456942181326
58,,7.349804494332013,0.04222033868506643,0.23552560967438424,0.012097813091475751
59,,7.349318323011567,0.041825139259664725,0.23546281935032282,0.011999815354512425
60,,7.348712548994464,0.04176213074979108,0.2355210428340133,0.011983333218128257
61,,7.347684371133104,0.04161826969183048,0.23561961807764506,0.011898186887966582
62,,7.347095537081588,0.04153519224188622,0.235654298675594,0.011897580388873143
63,,7.346478937530378,0.04144380746141843,0.2357262040324873,0.011944033924078917
64,,7.345776520537223,0.041571736382338444,0.2357932738139307,0.011915370547414471
65,,7.345213627082794,0.041534265431573805,0.23588318121589127,0.011861073161925383
66,,7.344745258822452,0.04139167592431004,0.23593424862879958,0.011903179513919641
67,,7.343935605898863,0.041331424371792304,0.23609255146977148,0.011810004639822338
68,,7.343461139609277,0.04123025246645834,0.2360818413103518,0.011819167872560163
69,,7.3427146694295855,0.040969450815640095,0.23612194386259308,0.01185331802933263
70,,7.342409329024005,0.04089998517454788,0.23607158509087586,0.011813038333706364
71,,7.342271319448161,0.04087177526335655,0.2361093709560324,0.011800131655329626
72,,7.341735736920287,0.040441334721722226,0.2360727203784342,0.011864301770666021
73,,7.34155067685341,0.04023773426248971,0.23613226908813054,0.011913419022566794
74,,7.341334706282067,0.04012669547820338,0.23619259542768048,0.011867497973188656
75,,7.340593821273897,0.03979834638929423,0.236346307306461,0.011771782699196556
76,,7.3402217085874195,0.039705506365663355,0.23632779588020555,0.011805880349769383
77,,7.3396136249502115,0.039649602505694666,0.23633775263955903,0.011804531481931268
78,,7.339202619912452,0.039418742457387815,0.23644358283164682,0.011743880549590042
79,,7.3388160091011345,0.03925272699437808,0.23654450858701126,0.011685372865717157
80,,7.3382690503565,0.039077701136883795,0.23650602428923478,0.01169107623169957
81,,7.337917061142431,0.039029894263237136,0.23657763535920007,0.011705441388849186
82,,7.337571620585622,0.03908845193129473,0.2365702674174407,0.011695522586135591
83,,7.33725312732773,0.03883056721788988,0.23665181092926546,0.01160741350649703
84,,7.336898664993069,0.038741137364601316,0.23670560887033235,0.01153853819257816
85,,7.336494845392239,0.03853995164472501,0.23671728362805153,0.011556516723431796
86,,7.3358551418437745,0.03841170181713977,0.2368497393751811,0.01155624437523417
87,,7.335370175050699,0.038018742265599724,0.23680976372492796,0.011454867977119611
88,,7.335001282652755,0.03779353066517039,0.236846517757885,0.01150487011584205
89,,7.334630131360693,0.03759069116505483,0.2368197760979551,0.011435912421281863
90,,7.334347511756936,0.03756125704792901,0.23682673894538978,0.011430228436425528
91,,7.334069700012189,0.03740968938829557,0.23681647871386635,0.011359830238298077
92,,7.333730865356744,0.037169832162329254,0.23684163653912615,0.01133285341135509
93,,7.33335186343764,0.037020236633175774,0.23681482397896605,0.01135220870796944
94,,7.332896534775658,0.03679959840277149,0.23679269195543484,0.011341890301462614
95,,7.332667535825133,0.036603261628278844,0.2368703146842832,0.011285272218700763
96,,7.332321738363417,0.036302629707252586,0.2369582285016283,0.011154586029954996
97,,7.332374319858413,0.036684989017381875,0.2375012149335284,0.01170556076077876
98,,7.331940939104018,0.036576142348880514,0.23754407452682097,0.011609984568849365
99,,7.331412801416171,0.0366097724323162,0.2375698353807563,0.01161764946419555
100,,7.331095153932075,0.03651259113778082,0.23752331768230425,0.011623597330881783
101,,7.330837447597531,0.03630055163687123,0.2375786986449684,0.011560278540604582
102,,7.3304668896275995,0.03625780897901674,0.23764992890902223,0.011531180958002542
103,,7.329948362907087,0.03606462424378156,0.23764584997444332,0.011431392566780711
104,,7.329490694689674,0.03581586888511484,0.2375981072219347,0.01143840563589422
105,,7.329269616165112,0.03589280267309338,0.23763967931670887,0.011461208826284522
106,,7.328808402607444,0.035821513036524776,0.23772363471137564,0.011417589320866575
107,,7.328388163778092,0.03563512347017504,0.23781485108511005,0.011447034938652421
108,,7.328364211615268,0.03560206995176964,0.23775878342144338,0.011481621288304789
109,,7.327937069942146,0.03572290867566357,0.23788591175505278,0.011433397100001562
110,,7.3275483035637645,0.0353468787961543,0.23793227744895615,0.011378923218106223
111,,7.327451021642592,0.03532052050414703,0.23795629263741763,0.011353909976019831
112,,7.3272459146798266,0.03516436097195855,0.23800318630188755,0.011356956276210825
113,,7.32703745286911,0.03509051360096777,0.23812430127041587,0.011302728232966953
114,,7.326531924852226,0.034944107844658304,0.23825603404249174,0.011204034136563934
115,,7.326224897205816,0.034902881818287844,0.23831092775638718,0.011221715913058995
116,,7.326159694241509,0.034797256690344974,0.23831589258669278,0.011217746051869992
117,,7.325723939351,0.034610582012455225,0.23847567354231597,0.011114779548424412
118,,7.325407830991739,0.03450978334612101,0.23850133913717003,0.011145543371978945
119,,7.325321837612662,0.03443903516037192,0.23848285388276078,0.011162074176989289
120,,7.325192030396418,0.034384154462937584,0.2385330986461796,0.011091845046768856
121,,7.325095148199103,0.034361835391846056,0.23853849345891262,0.011081017465915128
122,,7.324909249109457,0.034398273648521015,0.23864112635879237,0.011100920179728004
123,,7.32454915671412,0.03434699734427691,0.23868608523487844,0.01110129264613252
124,,7.323992087751128,0.0343427119778847,0.2387879155532145,0.01109236529266317
125,,7.32345835196724,0.03417415207956358,0.23884641914143856,0.011042369558608522
126,,7.323213777732271,0.03415027708083424,0.23888404422208895,0.011022639536745692
127,,7.322718232281446,0.03397565145524839,0.23895228071592878,0.011022412633665367
128,,7.322571473729329,0.033844725431064586,0.23896247054689027,0.011046758988137824
129,,7.32236206348862,0.03381558124775626,0.23900214956141874,0.011058136972447468
130,,7.322084568010209,0.033852182100876475,0.23900060790934594,0.011069554559242769
131,,7.321675230796913,0.03383583282092389,0.23892059748463865,0.011193714665510324
132,,7.321388645209208,0.03377319341123291,0.23893742548336222,0.011142560559674995
133,,7.321200577799344,0.03373031341037557,0.2389315151197766,0.011142727492763285
134,,7.321037710171188,0.03370818229318331,0.23893084270997103,0.01112731991859281
135,,7.320901738224634,0.03362064665306569,0.23894232418902522,0.01115550078617907
136,,7.320618615199402,0.033546424748316206,0.2389940275247779,0.011131206080891387
137,,7.320223636576463,0.03352865974497152,0.23903105178512063,0.011103537640804236
138,,7.320065271032231,0.03348274181425292,0.2390625821144993,0.01111486771382322
139,,7.320016040352524,0.03348264192521001,0.23905988914049386,0.011112635889654585
140,,7.319887877522408,0.03346131883384281,0.23914800611493903,0.01114336891169548
141,,7.3196917398078325,0.033376929321334514,0.23923860306205513,0.01113983704331287
142,,7.319484461689046,0.03338857264043264,0.23926414374823224,0.011093625991491158
143,,7.319389011124758,0.03332154900956423,0.23930764539844523,0.011092979546744207
144,,7.319274978420584,0.033309418212474746,0.23931754494243074,0.011092018673076277
145,,7.315786506188549,0.031995786290861215,0.23883302062375367,0.010384093183748118
146,,7.315647878720399,0.0319309607630835,0.23888708474645062,0.010405129594398897
147,,7.315386218045265,0.031725409615179445,0.2389526062777601,0.010395497763639756
148,,7.31521556707953,0.031738731529683935,0.23899812369839146,0.010368004422409866
149,,7.315094630278174,0.03167349975204342,0.23901894207293775,0.010386747029209664
150,,7.314922112860413,0.03145917147336937,0.23907463113407437,0.01031071782159734
151,,7.314596967883732,0.031485831147968206,0.23913841824188628,0.010278647165901657
152,,7.314499032129978,0.03141269073692621,0.2392090843363334,0.010224035996044416
153,,7.314231602444541,0.03140345240986152,0.23921244989264667,0.010205389916810715
154,,7.3139247027364105,0.03137717295837375,0.23927564647529934,0.010129665687467813
155,,7.313821730324463,0.031308380531621625,0.2393132326562423,0.010098506793947162
156,,7.313726707812244,0.031219378385958334,0.23932157806171833,0.010100658866944364
157,,7.31361706385902,0.031165682232280542,0.23936114353569263,0.010098650926736116
158,,7.313573164713789,0.03117554499960293,0.2393751120168726,0.01008906431528429
159,,7.313510352118818,0.031150222987840006,0.23935883416824102,0.010076065237199954
160,,7.313320705226937,0.031131199386180263,0.23942833027407526,0.010017250268731855
161,,7.31316508224217,0.031050365071321688,0.23941179419734468,0.00998922049213089
162,,7.313080932544522,0.031014419624348196,0.23940457676922292,0.00994144964918801
163,,7.312863015241888,0.030961903808102702,0.23945521462600325,0.009902070552785476
164,,7.3127584993706085,0.030907669408809325,0.23953343249869524,0.009921600512891732
165,,7.312616085010112,0.030877015397595357,0.23954854836984013,0.009925982030312926
166,,7.312462676608348,0.03076408552904336,0.23951974428757608,0.009924927905814226
167,,7.312397842322388,0.030784891297581246,0.239545431655116,0.00991578942836257
168,,7.31224688062996,0.030855956140808792,0.23957979449407538,0.009920161597192386
169,,7.312116715923793,0.030768670465106042,0.23961398367675363,0.009898130423020218
170,,7.312092465584043,0.030748236569174924,0.2396281210123177,0.009872191752763918
171,,7.31207831805681,0.030736551889741195,0.23963537360313844,0.009844805315136235
172,,7.311899132001957,0.030714867293403798,0.23964054757948292,0.009780357567427334
173,,7.311713136750063,0.030668714930996613,0.23965995108603738,0.009774895530971512
174,,7.311435329596207,0.030546182200777445,0.23970495247331353,0.009719473900196588
175,,7.311274791494717,0.03046893194015383,0.23971459651552654,0.009711784429531856
176,,7.311091721347216,0.030435685724409127,0.2397533772039936,0.009661119774765704
177,,7.310907259145441,0.03025462386609951,0.23976198483375896,0.009648800435352928
178,,7.310791700062874,0.03026646194952892,0.2397810852211915,0.009614491943904875
179,,7.3106087646971005,0.03027542432615561,0.23983460838245985,0.009598711236293373
180,,7.310399763524243,0.030219850659313978,0.23991362992604243,0.009583968769383411
181,,7.3101411224713715,0.030139921833221117,0.23998157486382396,0.00953568230143348
182,,7.310014319441142,0.030101914126098934,0.24004837878329852,0.009492939208631146
183,,7.309627907860783,0.02991157801809448,0.24015214298925236,0.009403149444187176
184,,7.309523501107156,0.029812185388974902,0.24016818531672304,0.009394088387452926
185,,7.309412296497034,0.02981896003536772,0.24018914653698265,0.009391464525969296
186,,7.309298871836603,0.02982057884273776,0.24022635136804676,0.00937030488252699
187,,7.3092047009299765,0.029841026162822883,0.24025449921954722,0.00936313870587636
188,,7.309071378051347,0.02983534583275736,0.24032424526967947,0.009333834079250307
189,,7.308935133230169,0.029868494375244053,0.2403344002006799,0.009345601815826343
190,,7.308706697129619,0.02986434952963427,0.2403770659077925,0.009342099066350007
191,,7.308504589964604,0.02983363067697127,0.24045143781177236,0.009352244285622622
192,,7.308424291192421,0.029850044416376665,0.24046139324389243,0.009340293361006754
193,,7.3084931856668165,0.028791106807729117,0.24094612189137074,0.009268016195725924
194,,7.308344727571761,0.028807365071394017,0.24091845352337968,0.009231350909826555
195,,7.3083046456140695,0.02875181783519433,0.24089989285150082,0.009251289800992494
196,,7.3080897839338395,0.028727332783658636,0.2409485966633935,0.009194878961753016
197,,7.3078381148829585,0.028721943606592887,0.24101730507253752,0.009160458908915613
198,,7.307617746588103,0.02867112387925639,0.24104528642044187,0.00915333719655484
199,,7.307616590120008,0.028671713862677774,0.24104437403060497,0.009153227910247967
200,,7.3074939540476835,0.028625222208084264,0.24107264617208163,0.009104690451427923
201,,7.307145716356515,0.02847572908189552,0.24113164535041415,0.009098430455534212
202,,7.3069512217277,0.02835001453283981,0.24115461994975926,0.009078999937390121
203,,7.306749705578764,0.028331099824501403,0.24119489297179852,0.009002493257384562
204,,7.3065030398630135,0.028184069163244084,0.24115777497283616,0.008952094569688838
205,,7.3063303806595865,0.028112873282008365,0.2412162214309468,0.008861413955330808
206,,7.306186874833283,0.02808149095001647,0.24122450457201425,0.008857577197298627
207,,7.306104629530898,0.028027686650526518,0.2411318015561178,0.008901234004800803
208,,7.306003389152709,0.02800930248221787,0.24117290167255062,0.008899923213893152
209,,7.305754650829929,0.027919151564097036,0.24124213500053196,0.00887847948081788
210,,7.305616053824299,0.027856284876938073,0.24123360829031254,0.008892158782885214
211,,7.305449488115612,0.027840908407469462,0.24125087149794228,0.008890539461363766
212,,7.305324000947821,0.027797513309564547,0.2412608368030751,0.008867301498933984
213,,7.305295595344593,0.027813634016302786,0.24126094655140348,0.00887482136677262
214,,7.3049846953184945,0.02766832984771619,0.2413048940089573,0.00884293869617002
215,,7.30488983959571,0.02766578641730834,0.24133657539752373,0.008840729551691663
216,,7.3047718197988,0.02765362348668064,0.24135039506494374,0.00883132706768096
217,,7.304624437068834,0.027589892086717933,0.2413519549247446,0.008844575404503315
218,,7.304515893810748,0.027565878659757525,0.2413506566025376,0.008883034163222437
219,,7.304383215071719,0.027575977939015863,0.24140061833062496,0.008840673073836484
220,,7.3043617066832,0.02753821931158217,0.24143732939891732,0.008843397519226722
221,,7.3042755791879665,0.027548656452380377,0.24145490850778134,0.008808836318809597
222,,7.304032742775183,0.027483249460973833,0.24152390970953094,0.008770786548383355
223,,7.304009664929014,0.02746421271250632,0.24156662911773558,0.008744952098508499
224,,7.3039810505189315,0.027424394198974456,0.24154097146071535,0.008784948145009281
225,,7.303749361340485,0.02733836325655696,0.24156335053639333,0.008809391626394507
226,,7.303629279635773,0.027325424350652088,0.2415674724109848,0.008814301217071595
227,,7.3035672580346604,0.027333559774972087,0.2415183999194239,0.008789862747518105
228,,7.303474310728292,0.02729822643353647,0.24152690129719734,0.00877770872172759
229,,7.303337005860505,0.02721929643964712,0.24156731608027823,0.008746740742892669
230,,7.303110330361825,0.027090012743233062,0.2415800658542309,0.008759893243592958
231,,7.303054079270357,0.027053743440639218,0.24160067828856022,0.008735831898395595
232,,7.30295695862606,0.027004924414163717,0.24156478827740707,0.008768075628716933
233,,7.302810061430921,0.026973852021193387,0.24159601515805126,0.00873455611820059
234,,7.3027520998755575,0.026878603558389648,0.2415751415718665,0.0087369264626593
235,,7.302570128355771,0.02683568329190209,0.2415907213710687,0.00872927753200957
236,,7.302540675573876,0.02682236980402396,0.2416107375565412,0.00872592206766186
237,,7.3025247765634065,0.0268036836933488,0.24158122336564766,0.008712119154645814
238,,7.302340711099115,0.026731490851829624,0.2415993619378615,0.008691877040000103
239,,7.3022463291109405,0.026782011640045754,0.24157441276371774,0.008670888239638365
240,,7.302137690416772,0.026723425136462385,0.2415660666997289,0.008631657916700947
241,,7.302408293764538,0.027079389954349935,0.24106318073684352,0.008635325136734838
242,,7.302277618192169,0.026979130025176216,0.24107352324513695,0.008644519366641741
243,,7.3021861382842665,0.026953533267323034,0.2410884900789348,0.0086146092038449
244,,7.301899129359415,0.026794164888096945,0.24111443520357576,0.008571180015864155
245,,7.301838710230581,0.026762061888555098,0.24111125568623054,0.008565065045854844
246,,7.301529018219477,0.0266711637999399,0.2411857377694839,0.00853921617450921
247,,7.301262400965622,0.02664785230875284,0.24129186251876536,0.008458272732548703
248,,7.3011271742567665,0.02664968744028301,0.24132828316014554,0.0084259257726164
249,,7.300899631113847,0.02661112243219968,0.24134354245620576,0.008424963987251573
250,,7.300723511556935,0.02647209596805068,0.24138784624818238,0.008374958457313697
251,,7.300563854714848,0.026384225869266646,0.24140916428284429,0.008366497851670323
252,,7.300431965478857,0.0262977608245289,0.24143895594555606,0.008361239615599604
253,,7.300344294344891,0.026235597437324187,0.2414589459892958,0.00836273011180212
254,,7.300110792340188,0.026123276648002076,0.24152052489668396,0.008301117151505496
255,,7.299980565096863,0.026073825896862107,0.2415695828716693,0.008297266805365994
256,,7.299957020138849,0.02602915420943176,0.24155987737409748,0.008320741007317395
257,,7.299853085558181,0.025980666009690158,0.24159079931218772,0.008269616604665481
258,,7.299796152520551,0.025962990682529264,0.24159279786066343,0.008254271759729995
259,,7.299606930087951,0.02577683863165447,0.24165923638873016,0.008258015425990119
260,,7.299572560626162,0.025753425800824382,0.24167353843107786,0.008260315655584253
261,,7.299461221790173,0.025784331765533172,0.24172347512821202,0.008279141824108452
262,,7.29919950289639,0.02578405066790608,0.24176455514190376,0.008284334850691905
263,,7.29917154481293,0.025797524427955933,0.24177025359300391,0.008285214686226691
264,,7.299051233816444,0.025770037632712888,0.24181763068049286,0.008268888263309442
265,,7.298966830821687,0.025719670748186603,0.24183198105981538,0.00826085410633453
266,,7.2988778172372895,0.025664869047520904,0.24187108195448034,0.008207409807035652
267,,7.298670522792995,0.025615658598703833,0.2419127681257234,0.008183151105715249
268,,7.298571773436812,0.025625677682713455,0.24191997170988985,0.00818053143263699
269,,7.29856846074478,0.025621904874511554,0.24192075865937376,0.008179434960855596
270,,7.298455510717281,0.02557898078036519,0.24196009474272015,0.0081343515513239
271,,7.298432021793949,0.025595299370765382,0.2419659186341733,0.008136237147511148
272,,7.298330517963535,0.025558393482119735,0.24199364124581885,0.008133750086709175
273,,7.298253518095035,0.025504008070029022,0.2420413283115437,0.008083876101227145
274,,7.298174690930031,0.025472901347598984,0.2420064236385247,0.00810854090439953
275,,7.2980826762473425,0.02545980822157949,0.24203287215070426,0.008095177485281536
276,,7.297966320034688,0.025394114691257772,0.24205623566910459,0.008082804487141859
277,,7.297961890283289,0.0253875107602968,0.24206680463554203,0.008078614899061556
278,,7.297847742966504,0.025295883497453053,0.2420845392911344,0.0080272398246829
279,,7.297759176845068,0.02524918192972372,0.2420854762298273,0.007982904400739186
280,,7.297673202693852,0.025182919893256897,0.24213525810094627,0.007981880851940001
281,,7.297494250009756,0.02510843418403956,0.24216800186855864,0.007932657194821684
282,,7.297393691015455,0.02508860675612521,0.24218860137918916,0.0079133055249289
283,,7.297144158185195,0.025049530021041023,0.24224593575235662,0.007921847798526943
284,,7.296965283704232,0.024899354381470753,0.242262863616981,0.007917824520562321
285,,7.29684264343123,0.02476306729545818,0.24226675593398708,0.007945139758241064
286,,7.29684264343123,0.02476306729545818,0.24226675593398708,0.007945139758241064
287,,7.296707729784995,0.024713970303312512,0.24229473946728525,0.0079432030410377
288,,7.296593663477775,0.024600060688133356,0.2423139270735984,0.00790176862110107
289,,7.298329497275459,0.025471395546229424,0.24215703715366063,0.008082042404449381
290,,7.298256539764718,0.025420995847819417,0.24215226398394313,0.008051740341411805
291,,7.298158821793858,0.025416595173947152,0.2421442536914007,0.008034522148421428
292,,7.297941534422409,0.02529125423423791,0.24206216579144285,0.008031294306622217
293,,7.297857131427652,0.025236220807408404,0.2420765161707653,0.008022584829805807
294,,7.297805516630384,0.02520674050518519,0.2420755960910201,0.008014995113193497
295,,7.297698801601046,0.025166622716212464,0.24210267824243475,0.0080008749996191
296,,7.297596771637756,0.025150694600502864,0.24212603722092876,0.007989377072176814
297,,7.297470904502307,0.025058563603678096,0.24212743488930555,0.007967487222608947
298,,7.297450164483826,0.02502132312072723,0.2420964358655303,0.008014023482866
299,,7.297348510542794,0.02496265817994774,0.2420826506122778,0.00801926918387881
300,,7.297326125033873,0.024928056565192935,0.24207154282992221,0.008021715652107044
301,,7.297224734404028,0.024871659914869663,0.24204416741133009,0.008004525120540012
302,,7.297198594314168,0.02485503294658779,0.24206339664731863,0.008000866425780769
303,,7.297092920491677,0.024830512820692565,0.2420878175357141,0.00798147931717431
304,,7.297052496779091,0.024770897122591368,0.2420716611564767,0.007999007554591346
305,,7.296960999105432,0.024702689133503188,0.24205875678250577,0.00797548822706264
306,,7.296811241597183,0.024609750299201646,0.24209444386198023,0.007915502405230729
307,,7.2966630793956915,0.02450179770382998,0.24207024821346976,0.007902476914910285
308,,7.296620447770344,0.024505605043641836,0.24204083018301395,0.007923729729923638
309,,7.296550687882944,0.024483347841611953,0.24202712143937138,0.007905387099318924
310,,7.296501984328243,0.024443057450533216,0.24205387992978683,0.007858759699971542
311,,7.296392434545595,0.024350644281743005,0.24207786569088746,0.00780591180157827
312,,7.296331948284599,0.02434367836498454,0.2420952450371062,0.007798633939213093
313,,7.296208640709067,0.024256798382473948,0.24204210496435313,0.0078082074702240005
314,,7.296189106569567,0.02423787372640732,0.24202391528671763,0.0078160897842232
315,,7.296100498072036,0.024238157227456206,0.2420663363638433,0.007767229465367416
316,,7.295932681578564,0.024086220550629714,0.24210909156738425,0.00777025309340203
317,,7.295722200075443,0.024052696292700095,0.24212262941986473,0.007767368347582062
318,,7.295595886644441,0.024065294659231056,0.24212993333428826,0.007762142867002651
319,,7.295514067684051,0.024075302588430093,0.24215143723263935,0.0077577256270695985
320,,7.2954905787607185,0.02408977177520556,0.2421572611240925,0.007759559133683039
321,,7.29543806834761,0.02402584801084902,0.24214902870412192,0.007764938469482943
322,,7.295391090500945,0.02405466581611715,0.24216067648702824,0.0077686008905034085
323,,7.295377369489484,0.02403133299378931,0.24215270290630342,0.007776848997729191
324,,7.295286511274891,0.02400662404047767,0.24218006380831997,0.007762411703430811
325,,7.295110759069209,0.0239200084691144,0.242237269132832,0.007729242493370679
326,,7.2950591060952155,0.023871972523046348,0.24227895205618477,0.0076533978026724165
327,,7.295012192510714,0.023816139053448426,0.2422921883984467,0.007655545519114527
328,,7.294974038704956,0.023791496442577654,0.2423028314633754,0.007645912543500568
329,,7.294947898615096,0.0237716392378938,0.24232206069936393,0.007641431276697584
330,,7.294845666127015,0.023789483559598933,0.24235772377952197,0.007640870758417114
331,,7.294831733483571,0.023788540253575918,0.2423417147079452,0.007632945235801783
332,,7.2947351937558755,0.023767309208257165,0.2423578567547292,0.007635196762801176
333,,7.294671646267025,0.023668102272184285,0.24238428286811664,0.007616350781781417
334,,7.294640612787922,0.023681494144058464,0.24238164602886295,0.007614119366268048
335,,7.294639456319827,0.023681574714031955,0.242380733639026,0.007614148122327047
336,,7.293783004426685,0.023497921902282264,0.24258405031889987,0.0076588917516989055
337,,7.2945886708385395,0.023675162315375836,0.2424048743766308,0.007611162013235438
338,,7.293738934185186,0.023458082689274556,0.24259159096986155,0.007654681647854426
339,,7.293681760616224,0.02344882060447382,0.2426081833665964,0.007647336032368959
340,,7.293592299512058,0.023365335464107136,0.2426416955584897,0.007594040127678282
341,,7.293479797004327,0.023297394185806748,0.2426866203446078,0.00753314507331285
342,,7.293455151612901,0.0233103195274068,0.24269153184622402,0.007534686263296924
343,,7.293298720017552,0.02328170899815923,0.24275823049784226,0.007518631597002997
344,,7.293248002379741,0.02329882988790336,0.24277107201826287,0.007520635053383369
345,,7.29320596327941,0.02324870713706223,0.24276078706335794,0.007503490460691048
346,,7.293183585796908,0.02320673505097149,0.24274829307702264,0.007519256875760691
347,,7.2930640722336015,0.023060296487369007,0.242771421685307,0.00748753077268952
348,,7.293041508768761,0.023032843785843294,0.2427789509397339,0.0074414421112915735
349,,7.293041508768761,0.023032843785843294,0.2427789509397339,0.0074414421112915735
350,,7.293020101772014,0.023005334718674213,0.24278739258399773,0.00739497888009596
351,,7.292977992469216,0.02297861599777117,0.24274419618254536,0.007413241891806604
352,,7.292808483469789,0.022925158866785308,0.242740302752227,0.00738979264800475
353,,7.292776293522592,0.022936452964940356,0.24273675352313637,0.0073876934810777175
354,,7.292776293522592,0.022936452964940356,0.24273675352313637,0.0073876934810777175
355,,7.292560915721772,0.02287870235088565,0.2427627149735476,0.007352324818506491
356,,7.292558602785584,0.022878658838637694,0.2427608901938737,0.007352478841558271
357,,7.292416169520016,0.022756653216203578,0.24273061869260948,0.007336445075700601
358,,7.292392680596684,0.022768764623374627,0.24273644258406263,0.0073379241760251224
359,,7.292327277655793,0.022742136914105662,0.2427481077871566,0.00733622939690288
360,,7.292293593010163,0.022717026617240378,0.2427588762924383,0.00732675162140499
361,,7.29221991327452,0.022648820916695664,0.24278290900987776,0.00731651323258561
362,,7.292196424351188,0.022660786528556992,0.2427887329013309,0.007317954747103801
363,,7.292141262506342,0.022631401830123334,0.24277503160432898,0.007297440541915993
364,,7.291942248258824,0.022437288904518477,0.24286338487974918,0.007189559945819984
365,,7.291886000148353,0.022381844771089742,0.2428816826394578,0.007131529547430764
366,,7.2918288265793905,0.02236740132284556,0.24289827503619268,0.007122968785254113
367,,7.291734530589993,0.022306618270389593,0.2429102966211473,0.007088448481874625
368,,7.291623752566084,0.022172539702256414,0.24292861575093777,0.007070783799136751
369,,7.2914988587265785,0.02205477744527488,0.24294736861458682,0.007077364825170744
370,,7.291385908699081,0.02196857831175381,0.2429867046979332,0.007019461953789464
371,,7.291327578662024,0.021952473014977696,0.24300238470483113,0.007010627924543667
372,,7.291194899922995,0.021885345472123778,0.24305234643291848,0.006945002661571104
373,,7.291117312826341,0.02187609914257158,0.2430830980114603,0.006939242011410805
374,,7.291088907223113,0.021878142188063048,0.24308320775978867,0.006948819909294853
375,,7.291088907223113,0.021878142188063048,0.24308320775978867,0.006948819909294853
376,,7.291056717275915,0.021887447658635657,0.243079658530698,0.006946762686210174
377,,7.290945512665793,0.021802687034891514,0.24310061975095754,0.006934418870182847
378,,7.2908577298468416,0.021753065471261764,0.2431363159433279,0.006916574849257608
379,,7.290813467428868,0.021720428370485226,0.24313614694105445,0.006925790215856441
380,,7.29070341928684,0.021633885341209854,0.24315802055115093,0.006913103544230304
381,,7.290658774085704,0.021579791851487597,0.2431682289581534,0.0069028557426195035
382,,7.290550316508987,0.021538700607043236,0.24319153854973533,0.006840324815406869
383,,7.289144391710906,0.02093807436095428,0.24387992280148113,0.006160435971694235
384,,7.290436493380087,0.021445450042687653,0.24325489422582328,0.006716721539475969
385,,7.290364300902054,0.02139618156305193,0.2432874766076919,0.006657994211295396
386,,7.288968401843889,0.020862349222649363,0.24392957455133263,0.006120948870218351
387,,7.2888916700032595,0.020827170211115614,0.24392912004630077,0.006101183818173557
388,,7.288843242815254,0.020759829467592597,0.2439112867505259,0.006078947043129954
389,,7.2888110528680565,0.020766155236213397,0.24390773752143527,0.006077078979573528
390,,7.288786683843324,0.020773115713359477,0.2438680572368612,0.006124070907123823
391,,7.288746611110018,0.0207374044947461,0.24387127740127298,0.006107656048007157
392,,7.2887402230223435,0.02073493411344217,0.24386372906040304,0.006104560522796604
393,,7.2887402230223435,0.02073493411344217,0.24386372906040304,0.006104560522796604
394,,7.288675504897611,0.0207079261611413,0.24387186072643105,0.006089050253773278
395,,7.288563854283305,0.020651936247632664,0.24384784136231183,0.006062530492426374
396,,7.288562974181906,0.02064967781572439,0.2438023371862846,0.006108490518111357
397,,7.288562974181906,0.02064967781572439,0.2438023371862846,0.006108490518111357
398,,7.28854594047841,0.020611649234258064,0.2437951505550437,0.006119409156990504
399,,7.288508943140746,0.020571432852172857,0.2438067060098093,0.006104485177736317
400,,7.288433344477556,0.020486497328115617,0.2438233158267319,0.006086370024356924
401,,7.288396347139892,0.020445831034852258,0.2438348712814975,0.0060713112259945775
402,,7.288361151999523,0.02042783899863789,0.2438558982086005,0.006018421528345013
403,,7.288264314130062,0.020377261253751094,0.2438933920920853,0.005950478014642533
404,,7.288192121652029,0.020317686978189996,0.2439259744739539,0.005880571376909307
405,,7.288139657885528,0.020238680706507143,0.24394793121108155,0.00581948904081716
406,,7.288083686141752,0.020164540381927425,0.24392163718459983,0.005793324717387556
407,,7.288059040750325,0.020172881076002413,0.24392654868621605,0.005794281844838059
408,,7.287968182535732,0.020110402847852045,0.24395390958823257,0.005766479790682065
409,,7.287937149056629,0.020115823095964862,0.24395127274897885,0.0057642502873902785
410,,7.287937149056629,0.020115823095964862,0.24395127274897885,0.0057642502873902785
411,,7.287840712636634,0.020076447112264112,0.24396030111281916,0.005757404732810829
412,,7.287834324548959,0.020073607105945464,0.24395275277194922,0.00575423756858903
413,,7.287834324548959,0.020073607105945464,0.24395275277194922,0.00575423756858903
414,,7.287834324548959,0.020073607105945464,0.24395275277194922,0.00575423756858903
415,,7.287753662056664,0.020054264311756297,0.24397516906013722,0.005741163107916222
416,,7.2877301731333315,0.020062548676506194,0.2439809929515904,0.005741790874241563
417,,7.287697983186136,0.020067308834509707,0.24397744372249977,0.005739856184685549
418,,7.287591225961072,0.019965909091227457,0.24397529043362282,0.005702839044751863
419,,7.287509407000682,0.019945161004545256,0.24399679433197385,0.005689855309628489
420,,7.287479529989674,0.019950231976267517,0.24399506988255712,0.005687318327312193
421,,7.28745007720778,0.019910009037235117,0.24401508606802955,0.005673690834434803
422,,7.287395554805345,0.019922624360992215,0.24401827312022903,0.005672050501334135
423,,7.2873123082786835,0.019808159194217943,0.24403353588938845,0.005654444446380747
424,,7.287311151810588,0.01980782766494038,0.24403262349955154,0.005654749705973326
425,,7.287285011720728,0.019773845068153776,0.2440518527355401,0.005642797392454263
426,,7.287277467164959,0.01977044791777344,0.24404339200483324,0.005639996202704162
427,,7.287211017045401,0.019685099390554777,0.2440749636450713,0.005609293344314013
428,,7.287115904883977,0.019715738177346148,0.24409734682104697,0.005611730576255961
429,,7.28705541862298,0.01967864136801591,0.24411472616726573,0.005595333573686814
430,,7.286965911836667,0.019618167580847678,0.24413636757512483,0.005597096931856644
431,,7.287497394308894,0.019734610440452893,0.24396445576333667,0.005635473575526849
432,,7.286909302716211,0.019559260142678673,0.24411968930450895,0.005583995816445136
433,,7.286861755629605,0.019485082238086336,0.2441473601847613,0.005507297000463072
434,,7.287289429707978,0.019749312809814273,0.24400570599840968,0.0056229014355826295
435,,7.287265940784646,0.019757173131174387,0.2440115298898628,0.005623510778728446
436,,7.287241295393219,0.01976466607151576,0.24401644139147902,0.005624418305786563
437,,7.287155739511681,0.01978108430608403,0.24401699160442475,0.0056205071500602935
438,,7.287144033294644,0.0197525913689525,0.24403219464007464,0.005562056729491283
439,,7.287144033294644,0.0197525913689525,0.24403219464007464,0.005562056729491283
440,,7.287119387903217,0.019759933999295796,0.24403710614169086,0.005562956037230845
441,,7.2870387254109215,0.019737362269439312,0.24405952242987883,0.0055490901893200896
442,,7.2870387254109215,0.019737362269439312,0.24405952242987883,0.0055490901893200896
443,,7.287032337323247,0.01973421385862604,0.2440519740890089,0.005545939107150634
444,,7.286954582436119,0.019633449030674627,0.24407028324525226,0.005523007732819687
445,,7.286865713862547,0.01964183417590767,0.2440716204076819,0.005517087187334227
446,,7.286761562446919,0.019625392801134116,0.244099860587323,0.005503494325756735
447,,7.286607584484657,0.01952680328500077,0.24412894073749405,0.0054808937950591155
448,,7.286607584484657,0.01952680328500077,0.24412894073749405,0.0054808937950591155
449,,7.286567165165531,0.01951144637244788,0.2441204643147626,0.005488615259222438
450,,7.286492957893073,0.019437154190806608,0.24412987008025655,0.005486354200372347
451,,7.2864357843241105,0.01940463734963018,0.2441464624769914,0.0054714378548362695
452,,7.286362946116878,0.01931133845620115,0.24417048577635952,0.00543613524775569
453,,7.286253169073027,0.01928396673871308,0.24419768812581075,0.005420531803148607
454,,7.286186294724355,0.019239815959113397,0.24420751913115954,0.005400213134844503
455,,7.286161649332929,0.019246127826769835,0.24421243063277573,0.005400979957265929
456,,7.286104244754363,0.01916408770080737,0.24422981600264743,0.005319207554979266
457,,7.286049722351929,0.01917336702129758,0.24423300305484685,0.005317329170444782
458,,7.286017194174393,0.019132948668879438,0.24424468394996546,0.005300867789417822
459,,7.2859850042271965,0.019135058605186172,0.24424113472087483,0.005298948735151284
460,,7.285919601286304,0.01908141648336153,0.24425279992396884,0.005293286613240366
461,,7.2858046146893125,0.018945463225391878,0.24424571944145104,0.0052634201207326665
462,,7.2857629770384476,0.01888217854616528,0.24420696896690158,0.005313367498324372
463,,7.285617435614286,0.018733342916108554,0.24427122134080181,0.005151566022479343
464,,7.285552717489553,0.018692636200627992,0.24427935300682982,0.005132531453209705
465,,7.285503133833453,0.018608423920305834,0.24426060732121804,0.005107679724142461
466,,7.285441066875248,0.018611866933360494,0.24425533364271057,0.005102959681177914
467,,7.285405069293429,0.01856774343250155,0.24426427736831843,0.005086896451254426
468,,7.285324577240997,0.0185015601432787,0.24425902110999875,0.005075453797062794
469,,7.285324577240997,0.0185015601432787,0.24425902110999875,0.005075453797062794
470,,7.285299931849569,0.01850697628435867,0.24426393261161494,0.005076219847391926
471,,7.285250641066716,0.01851770541203238,0.24427375561484738,0.0050777373492373636
472,,7.2852225480460735,0.01851853572004011,0.2442991698964423,0.0051010959747108155
473,,7.285174245940839,0.018450662308308996,0.2442974628672132,0.005091682400348308
474,,7.285068938057116,0.01842310166357167,0.24432479065701745,0.0050760868929166205
475,,7.285009608264215,0.01837716251867623,0.24434308239307312,0.005056774974257014
476,,7.284926240213804,0.018221046581740244,0.24437237090228464,0.005027127476820914
477,,7.284867225360588,0.01816507774174618,0.2443915844462486,0.005023835453251219
478,,7.284862308680693,0.018152351183908098,0.24438587030312386,0.005036787571351606
479,,7.284686151023201,0.017942079651272484,0.24442307963067697,0.0049729715507605245
480,,7.284653961076004,0.017941941724713948,0.24441953040158632,0.0049710532843479744
481,,7.284337723686652,0.017129384595207887,0.24443027760632274,0.005096600182991452
482,,7.284264374740524,0.017041253566023706,0.2444619475983544,0.005011737641342421
483,,7.284146714910565,0.016943234626816826,0.24449591934130802,0.004974538371872457
484,,7.284044058193371,0.01695624845016776,0.24450984178657684,0.004973009487876563
485,,7.284024807420564,0.016915426724704922,0.24451658409151983,0.004902918928841979
486,,7.283943483402762,0.016915230385160063,0.24452638198465634,0.004898533719655624
487,,7.28387876527803,0.01686371430627044,0.24453451365068432,0.004878086661237973
488,,7.283877608809936,0.016863089419739886,0.24453360126084742,0.004878534194671905
489,,7.2838450806324,0.016812917558261385,0.24454528215596602,0.004859864523870306
490,,7.283786750595342,0.016765653035101517,0.24456096216286394,0.004842051626684808
491,,7.283756032055925,0.016754621599430346,0.24455924713151847,0.004856643501146887
492,,7.283731386664498,0.016758295664369878,0.2445641586331347,0.004857140482731481
493,,7.283665983723607,0.016688189666034355,0.2445758238362287,0.004850185858506435
494,,7.283478249066563,0.016505685996693466,0.2445951650276315,0.004770870973975601
495,,7.283440827499785,0.016498693019065057,0.2445849798475079,0.004765707617343043
496,,7.283416182108358,0.016501953317481992,0.24458989134912412,0.004766187563787841
497,,7.2833566956032065,0.01645159787275669,0.24460465896618513,0.004748349375529612
498,,7.283298365566149,0.016401555487383042,0.24462033897308305,0.004729919713865414
499,,7.283249074783296,0.016407649051726248,0.24463016197631549,0.004730808301624104
500,,7.283205454985756,0.01636504671632833,0.2445972239966844,0.004724186492164726
501,,7.283181966062424,0.016368672254175903,0.24460304788813755,0.004724182581539414
502,,7.283175577974748,0.01636337019057524,0.24459549954726764,0.004721349928314522
503,,7.283172265282714,0.016354342878449665,0.24459628649675152,0.004719003697137669
504,,7.283172265282714,0.016354342878449665,0.24459628649675152,0.004719003697137669
505,,7.283094253956948,0.016358946060087386,0.24460529744040416,0.004716631988505914
506,,7.283044963174093,0.01636444070396977,0.2446151204436366,0.004717554399066148
507,,7.28298778960513,0.016313725474566342,0.2446317128403714,0.004698485539240331
508,,7.282950792267466,0.016250234789860388,0.24464326829513702,0.0046769652021049135
509,,7.282895113396938,0.01624988186938807,0.24464554295749955,0.004675035752858623
510,,7.282893956928843,0.016249163369837432,0.2446446305676626,0.004675524388618232
511,,7.282861766981646,0.016245460276445283,0.244641081338572,0.0046736522859299615
512,,7.282803436944588,0.01619299820980354,0.24465676134546988,0.004654804205463217
513,,7.282778791553162,0.016195350119656556,0.2446616728470861,0.004655219853080616
514,,7.282751494995207,0.016145700505399364,0.24467998969323773,0.004638586133679732
515,,7.282681028225209,0.016154639836762397,0.24469746136759718,0.004638240491350738
516,,7.282674640137533,0.01614906934826403,0.2446899130267273,0.0046355090624150466
517,,7.282592821177143,0.01609844161997091,0.24471141692507833,0.004616198674092157
518,,7.282544686862383,0.016103240511884203,0.24472215231814773,0.0046164053932142585
519,,7.282521197939051,0.016105961345322637,0.24472797620960088,0.0046162437833696755
520,,7.282450731169053,0.016113915654585937,0.24474544788396033,0.004615714830225515
521,,7.282423772841437,0.016114223332799143,0.2447485346059027,0.0046170705885990974
522,,7.2823632865804395,0.016051142289131334,0.24476591395212144,0.004594664745606011
523,,7.2823632865804395,0.016051142289131334,0.24476591395212144,0.004594664745606011
524,,7.28232744571087,0.015985934889207958,0.24477838179672398,0.004571790495455871
525,,7.282295255763674,0.015981029745404548,0.24477483256763335,0.004569979774907247
526,,7.282207386945947,0.015973302199577932,0.24477355800090525,0.004566126385080866
527,,7.282169233140189,0.01590585120622111,0.24478420106583387,0.00454414929734648
528,,7.282138199661086,0.01590139036593763,0.2447815642265802,0.004541801814944047
529,,7.282766773571463,0.015908823079749213,0.24480190183969547,0.004231674863699734
530,,7.282724859553904,0.015827936551336366,0.24480774315133633,0.004223328513151649
531,,7.282724859553904,0.015827936551336366,0.24480774315133633,0.004223328513151649
532,,7.2825950850741,0.01565522221284335,0.24483923660760154,0.004153906308234205
533,,7.282529682133209,0.015575382767595037,0.24485090181069555,0.004144998085618018
534,,7.282528525665114,0.015574606017119704,0.24484998942085864,0.004145594394353565
535,,7.282465302238813,0.015566082062411805,0.2448438033525143,0.004141123894999643
536,,7.282457757683043,0.015559429543843083,0.24483534262180745,0.0041389253230485375
537,,7.282456601214949,0.015558646650803474,0.24483443023197055,0.0041395190771875276
538,,7.282399427645986,0.015503126375161819,0.24485102262870537,0.004116890488544708
539,,7.282399427645986,0.015503126375161819,0.24485102262870537,0.004116890488544708
540,,7.282375938722653,0.015505732466171398,0.24485684652015854,0.004116526952938719
541,,7.28237262603062,0.015496034602033268,0.24485763346964246,0.004113785795170127
542,,7.282371469562526,0.015495242152288997,0.24485672107980552,0.004114388120371799
543,,7.282371469562526,0.015495242152288997,0.24485672107980552,0.004114388120371799
544,,7.282363925006756,0.015488513500734456,0.24484826034909865,0.004112201832098703
545,,7.28230491015354,0.015412823621273613,0.24486747389306257,0.004105950420479448
546,,7.282272720206343,0.015407688943679951,0.24486392466397194,0.00410401121839063
547,,7.2822447621228825,0.015399525822072827,0.24486962311507207,0.0041014830668709016
548,,7.282196627808123,0.015403454832229008,0.24488035850814144,0.004101301633916368
549,,7.282166750797115,0.015399716531590254,0.24487863405872462,0.004098153087366947
550,,7.282135717318013,0.015395104032040152,0.24487599721947093,0.004095610775744537
551,,7.282135717318013,0.015395104032040152,0.24487599721947093,0.004095610775744537
552,,7.282098295751236,0.01538434106454617,0.2448658120393473,0.004090294307625083
553,,7.282067262272134,0.01537958582335086,0.2448631752000936,0.004087738837386958
554,,7.2820513632616635,0.015325749042124961,0.2448336610092001,0.004081776472013383
555,,7.281972195467801,0.015324124780321618,0.24484175956301577,0.004079114044398508
556,,7.281908633811162,0.015259722068247175,0.2448508036188807,0.00405329441261472
557,,7.281878024561173,0.01519545867816138,0.24486990741451622,0.004030520632896958
558,,7.281878024561173,0.01519545867816138,0.24486990741451622,0.004030520632896958
559,,7.2818716364734986,0.015189198717628952,0.2448623590736463,0.004027700255409061
560,,7.281824658626833,0.015192849931975394,0.24487400685655258,0.004026915835015898
561,,7.28177536784398,0.015194648193260649,0.24488382985978505,0.0040273408433513635
562,,7.281745915062086,0.01513069829141168,0.2449038460452575,0.004003632479137543
563,,7.28173198241864,0.015117146616596466,0.24488783697368074,0.003998692556462828
564,,7.281652814624779,0.015113827081677847,0.24489593552749642,0.00399586497355837
565,,7.281652814624779,0.015113827081677847,0.24489593552749642,0.00399586497355837
566,,7.281652814624779,0.015113827081677847,0.24489593552749642,0.00399586497355837
567,,7.281628169233352,0.015114470829490006,0.24490084702911263,0.00399605520075303
568,,7.281549425668604,0.01505096759797029,0.24493068621781755,0.003972389366013961
569,,7.281501291353844,0.01505276425682254,0.24494142161088692,0.0039720370022114735
570,,7.281501291353844,0.01505276425682254,0.24494142161088692,0.0039720370022114735
571,,7.281476645962417,0.01505316254052532,0.24494633311250313,0.0039721721283886525
572,,7.281417316169516,0.01498268567083259,0.2449646248485588,0.0039445821365885455
573,,7.281350355311063,0.014874068277562909,0.24500384318146037,0.003832592945514129
574,,7.281247129353927,0.01475188362133229,0.24503378872407527,0.003710705938210501
575,,7.2812149394067305,0.014744209614823962,0.24503023949498465,0.0037087192349899356
576,,7.281100592268803,0.01461684309908151,0.24506342428845432,0.0036561441680219814
577,,7.280850094275089,0.014927820435255552,0.2450954023841355,0.004074628173846423
578,,7.280778471036997,0.014927570188244848,0.245111961668658,0.004073118482805766
579,,7.280754982113664,0.014927726370154024,0.24511778556011116,0.004072377889303231
580,,7.280754982113664,0.014927726370154024,0.24511778556011116,0.004072377889303231
581,,7.280717560546886,0.014913161900342574,0.24510760037998752,0.004067636523275359
582,,7.280702541637816,0.014859795355726612,0.2451235903651213,0.003979434761430758
583,,7.2806764015479555,0.014802801446412484,0.24514281960110984,0.003957134351641249
584,,7.280642716902325,0.01473758889046784,0.24515358810639154,0.00393298422334548
585,,7.280537070788264,0.014614753766498657,0.24519614602040501,0.0038832530101465747
586,,7.280490092941599,0.014614259097985065,0.2452077938033113,0.0038814378753119815
587,,7.280462134858138,0.014602239837053593,0.24521349225441144,0.003878259429706612
588,,7.280462134858138,0.014602239837053593,0.24521349225441144,0.003878259429706612
589,,7.280436332998616,0.014599902165594304,0.24521749136619073,0.0038787770607121262
590,,7.280379159429653,0.014532775824192181,0.24523408376292558,0.003852968827586284
591,,7.280379159429653,0.014532775824192181,0.24523408376292558,0.003852968827586284
592,,7.28029402777723,0.01445264352309802,0.24525637461076052,0.0038236269390355365
593,,7.280208471895693,0.014433967472642079,0.24525692482370623,0.0038176927403487963
594,,7.280159181112839,0.014430340794461155,0.24526674782693872,0.003817155770606954
595,,7.280053873229116,0.01435835014922651,0.24529407561674293,0.0037893442472572494
596,,7.280030384305784,0.014357327112673023,0.24529989950819606,0.0037882682189625903
597,,7.280006895382451,0.014356265571998875,0.24530572339964923,0.0037871829290330125
598,,7.279959348295845,0.014231997574170248,0.24533339427990158,0.003664209095609592
599,,7.279934702904418,0.014229748489370518,0.24533830578151783,0.003663830156839128
600,,7.279767967504902,0.01421817786179616,0.245377248242016,0.003656960205627571
601,,7.27968879971104,0.014203705695387637,0.24538534679583165,0.0036527832709255877
602,,7.279687643242944,0.014202622607561895,0.24538443440599472,0.0036535933847950544
603,,7.279662997851518,0.01419989730588288,0.2453893459076109,0.0036531447241945334
604,,7.279596100212193,0.014039005611645387,0.24541532884507722,0.003615885426123325
605,,7.279596100212193,0.014039005611645387,0.24541532884507722,0.003615885426123325
606,,7.279587399188328,0.014028981552629438,0.24540595572453347,0.0036155293452252357
607,,7.2795328767858924,0.014016327649567865,0.2454091427767329,0.0036117275786975277
608,,7.279461253547801,0.014009328420523489,0.24542570206125539,0.003608584887423427
609,,7.279429063600603,0.013997140961168534,0.24542215283216476,0.0036069275948220894
610,,7.2793980301215,0.013985992781137173,0.24541951599291104,0.003604436421475964
611,,7.279373384730073,0.013982714807265857,0.24542442749452728,0.0036039338318583124
612,,7.2793498958067415,0.013980521031401844,0.24543025138598043,0.003602591709952637
613,,7.279325250415314,0.013977156901127042,0.24543516288759665,0.003602074225049941
614,,7.279266920378256,0.01390131490842231,0.24545084289449454,0.0035741030785158374
615,,7.279259375822487,0.013892128432985361,0.2454423821637877,0.0035729932169090432
616,,7.279259375822487,0.013892128432985361,0.2454423821637877,0.0035729932169090432
617,,7.279211241507727,0.013886139080920422,0.2454531175568571,0.003571063523037688
618,,7.2791865961163005,0.013882505931026103,0.2454580290584733,0.0035705100147247286
619,,7.279114972878208,0.01387365162649442,0.24547458834299582,0.003567104078740743
620,,7.279011159692919,0.013851135545091918,0.24548759839842768,0.003562004938127387
621,,7.278996140783849,0.013791802618882921,0.24550358838356143,0.003459185018022637
622,,7.2789491629371845,0.013786028494781945,0.24551523616646773,0.0034561112517107603
623,,7.27894800646909,0.013784850538831371,0.2455143237766308,0.0034570017357168706
624,,7.278575773444824,0.01384872992278639,0.2455643686446632,0.0034909704635282318
625,,7.278894640534749,0.013770624629532812,0.24551842321866718,0.0034520330351541476
626,,7.278552284521491,0.01384516180265726,0.24557019253611634,0.0034893513347464163
627,,7.278552284521491,0.01384516180265726,0.24557019253611634,0.0034893513347464163
628,,7.278528795598159,0.01384155290240952,0.2455760164275695,0.003487721729430741
629,,7.278474273195724,0.013824553117706893,0.24557920347976894,0.0034836249129043062
630,,7.278450784272391,0.013820806253928933,0.2455850273712221,0.003481977556064779
631,,7.278427295349059,0.013817018442990664,0.2455908512626752,0.0034803196739160115
632,,7.278343320164731,0.01372183945508707,0.24561405450034715,0.003444580900034125
633,,7.2782716969266374,0.01370847621915092,0.24563061378486964,0.003440299402788902
634,,7.278240663447535,0.013694470599816698,0.24562797694561592,0.003437847375764226
635,,7.278240663447535,0.013694470599816698,0.24562797694561592,0.003437847375764226
636,,7.278219186248321,0.013666013386802041,0.24560350714333232,0.0034347115193754723
637,,7.278171051933561,0.0136562590206693,0.24561424253640166,0.00343220015425171
638,,7.278140018454458,0.013641970842559744,0.24561160569714796,0.00342972975033946
639,,7.278116529531125,0.0136375981208426,0.24561742958860108,0.00342800144595961
640,,7.278116529531125,0.0136375981208426,0.24561742958860108,0.00342800144595961
641,,7.278058199494068,0.013554656549764597,0.24563310959549903,0.0033977569248447425
642,,7.278010065179308,0.013544249878056469,0.2456438449885684,0.003395124623622179
643,,7.278010065179308,0.013544249878056469,0.2456438449885684,0.003395124623622179
644,,7.277986576255976,0.013539620152373496,0.24564966888002152,0.00339332336313469
645,,7.277960774396455,0.013532379717775659,0.2456536679918008,0.0033934009623431505
646,,7.27792593328273,0.013452921813531419,0.24566352410724557,0.003364528026702767
647,,7.277917232258865,0.013441379610611886,0.2456541509867018,0.0033648367868328462
648,,7.277917232258865,0.013441379610611886,0.2456541509867018,0.0033648367868328462
649,,7.277917232258865,0.013441379610611886,0.2456541509867018,0.0033648367868328462
650,,7.2779096877030955,0.01343112044683655,0.24564569025599495,0.0033641692264632914
651,,7.2778544330616795,0.01334265651230008,0.2456697055532467,0.0033312359025151864
652,,7.2778544330616795,0.01334265651230008,0.2456697055532467,0.0033312359025151864
653,,7.277846888505909,0.013332285844595091,0.24566124482253987,0.003330601120888359
654,,7.2778233995825765,0.013327294896736328,0.245667068713993,0.0033287345033577212
655,,7.277815855026807,0.013316894684336637,0.24565860798328615,0.003328092541220439
656,,7.277815855026807,0.013316894684336637,0.24565860798328615,0.003328092541220439
657,,7.277815855026807,0.013316894684336637,0.24565860798328615,0.003328092541220439
658,,7.277744748814399,0.013212246418478549,0.2456591913084442,0.003293506545515968
659,,7.277687575245436,0.013126313663247055,0.24567578370517903,0.00326082580700691
660,,7.277687575245436,0.013126313663247055,0.24567578370517903,0.00326082580700691
661,,7.277664086322104,0.013120959172812311,0.24568160759663218,0.0032588932423868937
662,,7.2776036000611075,0.013021319191966642,0.24569898694285094,0.00322204222079357
663,,7.2776036000611075,0.013021319191966642,0.24569898694285094,0.00322204222079357
664,,7.2775725665820055,0.013004979489298171,0.24569635010359725,0.003219479965592175
665,,7.277547921190577,0.012997993395037653,0.24570126160521347,0.0032184948430028226
666,,7.277497990965314,0.012892291459152463,0.24569419625924452,0.003186761733601557
667,,7.277497990965314,0.012892291459152463,0.24569419625924452,0.003186761733601557
668,,7.277474502041981,0.012886494171618398,0.24570002015069764,0.0031847505558437995
669,,7.2774396609282554,0.012801705042269615,0.2457098762661424,0.0031538232591136087
670,,7.277408627449153,0.01278468673077098,0.24570723942688869,0.0031512146472097414
671,,7.277385138525822,0.012778676365954787,0.24571306331834183,0.003149156646628471
672,,7.277014338305798,0.012466010508752668,0.24583979374630435,0.003004043528284525
673,,7.277348456127844,0.012668395599565936,0.24572554058101564,0.003138839288086815
674,,7.276983304826695,0.012447472929778962,0.24583715690705063,0.0030014188754511153
675,,7.276904137032832,0.012413192373733879,0.24584525546086633,0.0029950849327817497
676,,7.2768977489451565,0.012402967019709351,0.2458377071199964,0.0029937486615999854
677,,7.276874260021824,0.012395803555309845,0.24584353101144954,0.0029913283373246
678,,7.276728194588637,0.012159742000242148,0.24587761250273152,0.002935148809258528
679,,7.276728194588637,0.012159742000242148,0.24587761250273152,0.002935148809258528
680,,7.276728194588637,0.012159742000242148,0.24587761250273152,0.002935148809258528
681,,7.276697161109534,0.012140005344956288,0.24587497566347785,0.0029324965000048675
682,,7.276650183262869,0.01212454080479041,0.24588662344638415,0.0029273927035860722
683,,7.276590853469967,0.012013115794900957,0.24590491518243984,0.0028838872673092836
684,,7.276566208078541,0.012003537081804017,0.24590982668405606,0.002882432105131242
685,,7.276510529208011,0.011973406350944365,0.24591210134641858,0.002878299609857014
686,,7.276485883816584,0.011963630375919595,0.2459170128480348,0.0028768293526960837
687,,7.276436593033729,0.011943901860501734,0.2459268358512672,0.002873861400329959
688,,7.276405559554627,0.011923048984839828,0.24592419901201354,0.0028711976815382727
689,,7.2763820706312945,0.011914626724619024,0.24593002290346666,0.002868498363349512
690,,7.2763820706312945,0.011914626724619024,0.24593002290346666,0.002868498363349512
691,,7.276326053530426,0.011814301120502047,0.24594752769003844,0.002828100085736982
692,,7.276276762747572,0.011793654841808353,0.24595735069327088,0.002824974835982606
693,,7.276276762747572,0.011793654841808353,0.24595735069327088,0.002824974835982606
694,,7.276276762747572,0.011793654841808353,0.24595735069327088,0.002824974835982606
695,,7.276252117356146,0.01178324081577987,0.2459622621948871,0.0028233980980168706
696,,7.27619759495371,0.011752709744654807,0.24596544924708655,0.0028178989550558652
697,,7.276171793094188,0.011740436755466741,0.24596944835886586,0.0028175442291771473
698,,7.276147147702762,0.01172975493212344,0.24597435986048208,0.002815942230215587
699,,7.276117270691754,0.011709420074670065,0.24597263541106534,0.002812025494021999
700,,7.276093781768421,0.011700265304137623,0.2459784593025185,0.0028091689049319956
701,,7.276093781768421,0.011700265304137623,0.2459784593025185,0.0028091689049319956
702,,7.276069136376994,0.01168938229789957,0.24598337080413468,0.0028075463633661134
703,,7.276045647453661,0.01168011502349656,0.24598919469558783,0.0028046629202685956
704,,7.276045647453661,0.01168011502349656,0.24598919469558783,0.0028046629202685956
705,,7.276022158530329,0.011670793116096851,0.24599501858704095,0.0028017644038686625
706,,7.275998669606996,0.011661416444682809,0.2460008424784941,0.0027988507673361515
707,,7.275975180683664,0.011651984877044122,0.24600666636994722,0.00279592196340089
708,,7.2759270463689045,0.011631260154681399,0.2460174017630166,0.0027912861117069068
709,,7.2759270463689045,0.011631260154681399,0.2460174017630166,0.0027912861117069068
710,,7.27592588990081,0.011629563428696704,0.24601648937317966,0.0027925526880488933
711,,7.275900088041289,0.011616556865865098,0.24602048848495897,0.002792121639122239
712,,7.275876599117956,0.011606889348432075,0.24602631237641212,0.002789144747560747
713,,7.275875442649862,0.011605184032219147,0.2460253999865752,0.0027904152094039964
714,,7.2758507972584345,0.011593747652714967,0.24603031148819143,0.0027886990853075904
715,,7.275824995398914,0.01158053355640456,0.24603431059997075,0.0027882476160045453
716,,7.275729883237488,0.011539066385760707,0.2460566937759464,0.0027774016977559577
717,,7.275729883237488,0.011539066385760707,0.2460566937759464,0.0027774016977559577
718,,7.275729883237488,0.011539066385760707,0.2460566937759464,0.0027774016977559577
719,,7.275706394314156,0.01152898712501174,0.24606251766739956,0.0027743330107467706
720,,7.275688667837052,0.011813521229610737,0.24604991144577626,0.002875107715501054
721,,7.275688667837052,0.011813521229610737,0.24604991144577626,0.002875107715501054
722,,7.27561128215273,0.011486351854336949,0.24608490084337523,0.0027632040007125516
723,,7.275664022445624,0.01180189670260176,0.24605482294739248,0.0028734002761733298
724,,7.275640533522291,0.011791910907668651,0.24606064683884563,0.002870438015693664
725,,7.275640533522291,0.011791910907668651,0.24606064683884563,0.002870438015693664
726,,7.275632988966522,0.011778757154898513,0.24605218610813878,0.002870853686288332
727,,7.275575815397559,0.011671945055680656,0.24606877850487363,0.002830999649434542
728,,7.275575815397559,0.011671945055680656,0.24606877850487363,0.002830999649434542
729,,7.275575815397559,0.011671945055680656,0.24606877850487363,0.002830999649434542
730,,7.275575815397559,0.011671945055680656,0.24606877850487363,0.002830999649434542
731,,7.275575815397559,0.011671945055680656,0.24606877850487363,0.002830999649434542
732,,7.275575815397559,0.011671945055680656,0.24606877850487363,0.002830999649434542
733,,7.275575815397559,0.011671945055680656,0.24606877850487363,0.002830999649434542
734,,7.275528837550895,0.011651339172835751,0.24608042628777987,0.002824913553849084
735,,7.2755276810828,0.011649605840760085,0.24607951389794297,0.0028261854062876426
736,,7.275379326004077,0.011463122521835543,0.2460956186774336,0.0027753971402018317
737,,7.275379326004077,0.011463122521835543,0.2460956186774336,0.0027753971402018317
738,,7.275379326004077,0.011463122521835543,0.2460956186774336,0.0027753971402018317
739,,7.275329696990886,0.011365917762021248,0.2461206718048753,0.0027332661626229045
740,,7.275250529197024,0.011316802736383845,0.24612877035869096,0.0027254669844058274
741,,7.2752258838055965,0.01130371221829704,0.24613368186030715,0.0027235235308528186
742,,7.275202394882264,0.011292374603232963,0.24613950575176027,0.002720229245199302
743,,7.275098243466636,0.01115538500542456,0.24616774593140145,0.002670777227744457
744,,7.275098243466636,0.01115538500542456,0.24616774593140145,0.002670777227744457
745,,7.275098243466636,0.01115538500542456,0.24616774593140145,0.002670777227744457
746,,7.275051265619971,0.011131807901459432,0.24617939371430775,0.0026638924658593374
747,,7.274996743217535,0.011093584755667945,0.24618258076650718,0.002657802993396747
748,,7.274973254294203,0.011081546483476059,0.24618840465796035,0.002654319858493602
749,,7.274965709738432,0.0110670936146044,0.2461799439272535,0.0026551765000345775
750,,7.274894086500341,0.01102860700645217,0.24619650321177602,0.002646080724813352
751,,7.2748865419445705,0.011014030440309795,0.24618804248106915,0.0026469659190735766
752,,7.274863053021238,0.011001669839429809,0.24619386637252227,0.0026434564719995473
753,,7.274777921368814,0.010852413574793045,0.24621615722035722,0.002592263020164533
754,,7.274706298130723,0.010811918969567078,0.24623271650487977,0.002582713532151296
755,,7.27468280920739,0.010798934996284763,0.2462385403963329,0.002579015777083536
756,,7.274625635638428,0.010677243463870577,0.24625513279306774,0.0025333567409472884
757,,7.274566305845526,0.010539153541859128,0.24627342452912343,0.0024802404631477783
758,,7.274566305845526,0.010539153541859128,0.24627342452912343,0.0024802404631477783
759,,7.274542816922193,0.01052552070409217,0.24627924842057658,0.0024762939619711833
760,,7.274519327998861,0.010511817699457379,0.2462850723120297,0.002472327442255791
761,,7.2744946826074335,0.010496006650483633,0.24628998381364597,0.0024698740387236323
762,,7.274452768589874,0.010339518662177756,0.24629582512528683,0.0024520042096168103
763,,7.274452768589874,0.010339518662177756,0.24629582512528683,0.0024520042096168103
764,,7.274404634275115,0.010309051695025247,0.2463065605183562,0.0024454477524909184
765,,7.2743799888836875,0.01029265455398374,0.24631147201997242,0.00244292415291032
766,,7.274326622949347,0.010249838195023283,0.2463155714620088,0.0024345459054786185
767,,7.274326622949347,0.010249838195023283,0.2463155714620088,0.0024345459054786185
768,,7.275301958327795,0.011087218064075989,0.2461830170661862,0.002627770303344978
769,,7.274279645102681,0.010220627056067149,0.24632721924491507,0.0024262815491878573
770,,7.275278469404462,0.011075820172035797,0.24618884095763938,0.0026242463384184424
771,,7.275199301610601,0.011025045076300885,0.24619693951145502,0.0026159111355214273
772,,7.275199301610601,0.011025045076300885,0.24619693951145502,0.0026159111355214273
773,,7.275199301610601,0.011025045076300885,0.24619693951145502,0.0026159111355214273
774,,7.275199301610601,0.011025045076300885,0.24619693951145502,0.0026159111355214273
775,,7.275152323763936,0.01100162017423766,0.24620858729436135,0.0026087512448302423
776,,7.275095150194973,0.01088466191651041,0.2462251796910962,0.002563815719462559
777,,7.275088762107297,0.010871936308144788,0.24621763135022626,0.002563373545312465
778,,7.275040627792538,0.010845788399090396,0.2462283667432956,0.0025574309141820103
779,,7.2750159824011105,0.010831651099123688,0.2462332782449118,0.0025551682303184527
780,,7.2749901805415895,0.010815514726446212,0.2462372773566911,0.0025543577454016043
781,,7.274966691618257,0.010803152328456866,0.24624310124814422,0.002550608467987546
782,,7.274959147062487,0.010788321918438966,0.24623464051743738,0.002551681296391147
783,,7.274935658139154,0.010775860678559093,0.24624046440889052,0.002547934107695919
784,,7.274887523824393,0.010748793474805236,0.24625119980195986,0.0025418589499511496
785,,7.2748863673563,0.01074684556374118,0.24625028741212293,0.0025433336213476314
786,,7.2748553338771975,0.010719178010471078,0.2462476505728692,0.0025406590615795347
787,,7.274824300398095,0.010691348779072709,0.2462450137336155,0.002537978943776455
788,,7.274824300398095,0.010691348779072709,0.2462450137336155,0.002537978943776455
789,,7.2747932669189925,0.010663356603703256,0.2462423768943618,0.0025352932503118057
790,,7.274763389907985,0.01063718204944305,0.24624065244494503,0.002531124841612963
791,,7.274763389907985,0.01063718204944305,0.24624065244494503,0.002531124841612963
792,,7.274763389907985,0.01063718204944305,0.24624065244494503,0.002531124841612963
793,,7.274738744516557,0.01062212390324696,0.24624556394656125,0.002528814759083419
794,,7.274667121278465,0.010580482771406455,0.2462621232310838,0.002518831435509497
795,,7.274643632355133,0.010567127352377758,0.2462679471225369,0.0025149716631875586
796,,7.2745720091170405,0.01052462139269162,0.2462845064070594,0.0025047851969041374
797,,7.274491684855084,0.010463787060014515,0.24629169257103817,0.002497257725308807
798,,7.274468195931751,0.010449888172476843,0.2462975164624913,0.0024932954890039827
799,,7.274468195931751,0.010449888172476843,0.2462975164624913,0.0024932954890039827
800,,7.274443550540324,0.010433862503312274,0.24630242796410756,0.002490838200684124
801,,7.274395416225564,0.010403629175158533,0.2463131633571769,0.0024843556991766343
802,,7.27439425975747,0.010401561911925695,0.24631225096733997,0.0024858872254987755
803,,7.27434612544271,0.01037100565652598,0.24632298636040934,0.0024793492469477657
804,,7.274322636519377,0.010356652134733642,0.24632881025186248,0.002475284717754431
805,,7.274299147596046,0.010342225345303267,0.2463346341433156,0.0024711997782723865
806,,7.274261726029267,0.010297758663498077,0.24632444896319194,0.002468404586030729
807,,7.274238237105934,0.010283110118108011,0.2463302728546451,0.0024643185487809856
808,,7.274166613867843,0.010236589140839712,0.24634683213916764,0.0024535012098626757
809,,7.274141968476416,0.010219501746322423,0.24635174364078385,0.0024509052011952503
810,,7.274141968476416,0.010219501746322423,0.24635174364078385,0.0024509052011952503
811,,7.274118479553083,0.010204465208947397,0.246357567532237,0.0024467249727534415
812,,7.274118479553083,0.010204465208947397,0.246357567532237,0.0024467249727534415
813,,7.274069188770229,0.010169860749456031,0.24636739053546944,0.002441462712370201
814,,7.274045699846896,0.010154582359062315,0.2463732144269226,0.0024372289000647853
815,,7.273957492798831,0.00998897309899379,0.24638716998440371,0.002385231208522214
816,,7.273597830206687,0.009566681664819287,0.2464179731927192,0.002293703741140749
817,,7.273925302851634,0.009954090833891507,0.24638362075531314,0.0023841549115990275
818,,7.27357318481526,0.009546927306143359,0.2464228846943354,0.0022907741380966355
819,,7.2735250505005,0.00950947134963014,0.24643362008740477,0.002283157495470425
820,,7.273445882706638,0.009435583881665174,0.24644171864122041,0.0022727000812809554
821,,7.273398904859973,0.009399442910239171,0.24645336642412669,0.0022631958332379864
822,,7.273398904859973,0.009399442910239171,0.24645336642412669,0.0022631958332379864
823,,7.27337541593664,0.009381231995411922,0.24645919031557983,0.0022584061828015947
824,,7.2733272816218815,0.00934209286902484,0.2464699257086492,0.002250506825947768
825,,7.273303792698549,0.009323589501736063,0.24647574960010235,0.0022456471676594657
826,,7.273303792698549,0.009323589501736063,0.24647574960010235,0.0022456471676594657
827,,7.273303792698549,0.009323589501736063,0.24647574960010235,0.0022456471676594657
828,,7.273303792698549,0.009323589501736063,0.24647574960010235,0.0022456471676594657
829,,7.273303792698549,0.009323589501736063,0.24647574960010235,0.0022456471676594657
830,,7.273280303775216,0.009304990046273153,0.24648157349155547,0.002240761833433698
831,,7.273280303775216,0.009304990046273153,0.24648157349155547,0.002240761833433698
832,,7.273256814851884,0.00928629392527306,0.24648739738300865,0.002235850654964682
833,,7.27325565838379,0.009283836036232783,0.24648648499317172,0.0022376233257367984
834,,7.273232169460457,0.009265034747131595,0.24649230888462487,0.0022326924322238597
835,,7.273232169460457,0.009265034747131595,0.24649230888462487,0.0022326924322238597
836,,7.273208680537125,0.009246135556242867,0.24649813277607802,0.002227735399573894
837,,7.273185191613792,0.009227137861993973,0.24650395666753117,0.0022227520529056557
838,,7.273135900830938,0.009183845904665332,0.2465137796707636,0.002216309502392809
839,,7.273112411907605,0.009164532555814548,0.24651960356221672,0.002211259197142174
840,,7.273112411907605,0.009164532555814548,0.24651960356221672,0.002211259197142174
841,,7.2731112554395105,0.009162023774957156,0.24651869117237982,0.0022130648437636118
842,,7.273086610048083,0.009140083091224329,0.24652360267399603,0.002209804504772312
843,,7.273038475733324,0.009098379052839056,0.24653433806706543,0.0022014166921463965
844,,7.273014986809992,0.00907863183160271,0.24654016195851858,0.0021962776280044717
845,,7.272991497886659,0.00905878065853241,0.24654598584997173,0.002191111031112253
846,,7.272990341418565,0.009056227141546386,0.24654507346013477,0.0021929442442252954
847,,7.272990341418565,0.009056227141546386,0.24654507346013477,0.0021929442442252954
848,,7.272990341418565,0.009056227141546386,0.24654507346013477,0.0021929442442252954
849,,7.272989184950469,0.009053672756639985,0.24654416107029783,0.002194775546836048
850,,7.2729656960271365,0.009033699649320626,0.24654998496175096,0.002189594768808261
851,,7.272916405244282,0.008988272559949015,0.2465598079649834,0.0021828472464025155
852,,7.2729152487761874,0.008985689341799151,0.24655889557514643,0.0021846931663418133
853,,7.27289060338476,0.008962778078645468,0.24656380707676265,0.002181299899072072
854,,7.27289060338476,0.008962778078645468,0.24656380707676265,0.002181299899072072
855,,7.27289060338476,0.008962778078645468,0.24656380707676265,0.002181299899072072
856,,7.272817823678573,0.008895903250366405,0.24657945397144823,0.002169155792431955
857,,7.272794334755241,0.00887512160063932,0.24658527786290138,0.0021638186888908685
858,,7.272770845831908,0.008854228862715887,0.24659110175435453,0.0021584526748396346
859,,7.272770845831908,0.008854228862715887,0.24659110175435453,0.0021584526748396346
860,,7.272723867985244,0.008812106957514077,0.2466027495372608,0.0021476330472197476
861,,7.2726768901385785,0.008769531086200124,0.24661439732016713,0.0021366951396502775
862,,7.272644700191382,0.008725054221306747,0.2466108480910765,0.002135871205840629
863,,7.272644700191382,0.008725054221306747,0.2466108480910765,0.002135871205840629
864,,7.271931632679617,0.008040200272150046,0.24680831018753718,0.0019422260561723615
865,,7.27186116590962,0.007962956885688589,0.24682578186189658,0.0019221511241565928
866,,7.272621211268049,0.008703397439067244,0.24661667198252962,0.002130364898931972
867,,7.271837676986287,0.007936903012359997,0.24683160575334973,0.0019153773092675558
868,,7.271837676986287,0.007936903012359997,0.24683160575334973,0.0019153773092675558
869,,7.2718141880629545,0.007910693587343936,0.24683742964480287,0.0019085616820512445
870,,7.2718141880629545,0.007910693587343936,0.24683742964480287,0.0019085616820512445
871,,7.271790699139622,0.007884327059365375,0.24684325353625605,0.0019017037929467916
872,,7.271743721292957,0.007831116337682537,0.24685490131916235,0.0018878593839759725
873,,7.271743721292957,0.007831116337682537,0.24685490131916235,0.0018878593839759725
874,,7.271720232369624,0.007804268887179569,0.2468607252106155,0.0018808719173059412
875,,7.271696743446292,0.007777257818372814,0.24686654910206862,0.00187384029456376
876,,7.271696743446292,0.007777257818372814,0.24686654910206862,0.00187384029456376
877,,7.271673254522959,0.007750081420504202,0.2468723729935218,0.0018667640167755952
878,,7.271647452663437,0.007716343570565484,0.2468763721053011,0.0018642840657791646
879,,7.271590279094474,0.007522061200123559,0.24689296450203593,0.0017947040878219399
880,,7.271566790171142,0.007493625696778075,0.2468987883934891,0.001787228448407739
881,,7.271566790171142,0.007493625696778075,0.2468987883934891,0.001787228448407739
882,,7.271512267768707,0.007411136060970097,0.24690197544568854,0.0017768493779877256
883,,7.271504723212937,0.007385973403111171,0.24689351471498167,0.0017815208973650167
884,,7.271456588898177,0.007323912855055423,0.24690425010805103,0.0017688623204124333
885,,7.271433099974844,0.007294274495514423,0.24691007399950415,0.0017612396827914084
886,,7.271433099974844,0.007294274495514423,0.24691007399950415,0.0017612396827914084
887,,7.271386122128179,0.007234404733889893,0.24692172178241045,0.0017458362859380252
888,,7.271339144281515,0.00717372772381209,0.24693336956531675,0.0017302173599473877
889,,7.271315655358182,0.0071430800826858334,0.2469391934567699,0.0017223252443168365
890,,7.271245188588185,0.007049868307298359,0.24695666513112935,0.0016983090526504227
891,,7.271245188588185,0.007049868307298359,0.24695666513112935,0.0016983090526504227
892,,7.271221699664852,0.00701836540273931,0.2469624890225825,0.0016901876911067757
893,,7.271198210741519,0.006986641485252251,0.24696831291403568,0.0016820069526015675
894,,7.271174721818187,0.006954693530378516,0.2469741368054888,0.0016737659664982606
895,,7.271173565350093,0.006951064884911712,0.24697322441565187,0.0016763981327202338
896,,7.271172408881998,0.006947434151697997,0.2469723120258149,0.0016790256767713495
897,,7.271125431035332,0.006882769741726251,0.2469839598087212,0.0016624248765818603
898,,7.271101942112,0.006850087820005366,0.24698978370017438,0.0016540312393221602
899,,7.271031475342003,0.006750602481263746,0.24700725537453386,0.0016284658237862612
900,,7.271000441862901,0.006688606737413177,0.24700461853528016,0.00162551391954144
901,,7.271000441862901,0.006688606737413177,0.24700461853528016,0.00162551391954144
902,,7.271000441862901,0.006688606737413177,0.24700461853528016,0.00162551391954144
903,,7.271000441862901,0.006688606737413177,0.24700461853528016,0.00162551391954144
904,,7.271000441862901,0.006688606737413177,0.24700461853528016,0.00162551391954144
905,,7.270976952939568,0.006654530200529187,0.2470104424267333,0.0016168542743971346
906,,7.270928818624808,0.006581721725036465,0.24702117781980265,0.0016021124853050023
907,,7.270881840778143,0.006511670461544945,0.24703282560270895,0.0015843469652418523
908,,7.270881840778143,0.006511670461544945,0.24703282560270895,0.0015843469652418523
909,,7.2708583518548116,0.006476232907961924,0.24703864949416213,0.0015753567845051932
910,,7.270811374008146,0.006404511164630525,0.24705029727706843,0.0015571553797381749
911,,7.271256507083368,0.007040288835524384,0.24693873094962202,0.0017216811142185449
912,,7.271256507083368,0.007040288835524384,0.24693873094962202,0.0017216811142185449
913,,7.270739750770053,0.006290650263046867,0.24706685656159094,0.001532217013034031
914,,7.270739750770053,0.006290650263046867,0.24706685656159094,0.001532217013034031
915,,7.271161394921943,0.006909263701387845,0.24696111412559762,0.0016921387891999078
916,,7.271136749530517,0.006873154589091697,0.24696602562721384,0.0016865846277091777
917,,7.271136749530517,0.006873154589091697,0.24696602562721384,0.0016865846277091777
918,,7.271136749530517,0.006873154589091697,0.24696602562721384,0.0016865846277091777
919,,7.271089771683852,0.006807538588352099,0.2469776734101201,0.0016701028108047644
920,,7.271066282760519,0.006774370100350309,0.24698349730157326,0.0016617699875853863
921,,7.270947681675762,0.0066009166009173515,0.24701170436900208,0.001621891128101497
922,,7.2709230362843345,0.006562308663061512,0.2470166158706183,0.001615941802107931
923,,7.270899547361002,0.006527294289663778,0.24702243976207142,0.0016071871102817082
924,,7.270876058437669,0.006492006087445074,0.2470282636535246,0.0015983632477281845
925,,7.270852569514338,0.0064564395665050395,0.24703408754497774,0.0015894690624536853
926,,7.270829080591005,0.006420590101649616,0.2470399114364309,0.0015805033672483227
927,,7.270804435199578,0.006380433083272,0.24704482293804714,0.0015743096557393778
928,,7.270804435199578,0.006380433083272,0.24704482293804714,0.0015743096557393778
929,,7.270804435199578,0.006380433083272,0.24704482293804714,0.0015743096557393778
930,,7.270757457352912,0.006307220555291804,0.24705647072095344,0.001556049792406056
931,,7.270732811961485,0.0062660553655653345,0.24706138222256963,0.0015497058730005798
932,,7.270709323038153,0.0062286587055195505,0.24706720611402277,0.0015404055841625904
933,,7.270709323038153,0.0062286587055195505,0.24706720611402277,0.0015404055841625904
934,,7.270662345191488,0.006152914573091138,0.24707885389692907,0.0015215676124520213
935,,7.270638856268155,0.006114555322519841,0.2470846777883822,0.0015120269719485163
936,,7.270568389498157,0.005997453891704309,0.24710214946274167,0.001482899607279758
937,,7.270474433804828,0.005836342457212627,0.24712544502855427,0.0014428198517156998
938,,7.270474433804828,0.005836342457212627,0.24712544502855427,0.0014428198517156998
939,,7.2704274559581625,0.005753520015694966,0.24713709281146054,0.0014222134339058406
940,,7.2704274559581625,0.005753520015694966,0.24713709281146054,0.0014222134339058406
941,,7.27040396703483,0.005711513549753216,0.2471429167029137,0.0014117614040573333
942,,7.270356989188166,0.0056262656858632795,0.24715456448582002,0.0013905485164219782
943,,7.270286522418168,0.00549516218445778,0.24717203616017946,0.0013579207571337286
944,,7.270263033494835,0.005450557873949683,0.24717786005163261,0.0013468188373045693
945,,7.270239544571502,0.00540548345497573,0.2471836839430858,0.0013355992448930583
946,,7.270169077801505,0.0052673182324603175,0.2472011556174452,0.001301203834047701
947,,7.27012209995484,0.005172625128514917,0.24721280340035154,0.0012776265588236428
948,,7.27012209995484,0.005172625128514917,0.24721280340035154,0.0012776265588236428
949,,7.2700751221081745,0.005075731104198141,0.2472244511832578,0.0012534977017088556
950,,7.2700751221081745,0.005075731104198141,0.2472244511832578,0.0012534977017088556
951,,7.270028144261509,0.004976507603525834,0.24723609896616408,0.0012287847699552423
952,,7.270004655338177,0.004925978439082476,0.24724192285761726,0.001216198182485598
953,,7.270004655338177,0.004925978439082476,0.24724192285761726,0.001216198182485598
954,,7.270004655338177,0.004925978439082476,0.24724192285761726,0.001216198182485598
955,,7.270004655338177,0.004925978439082476,0.24724192285761726,0.001216198182485598
956,,7.269981166414845,0.004874812383838151,0.2472477467490704,0.001203451782110637
957,,7.2699576774915124,0.004822989167922681,0.24725357064052358,0.0011905404357794606
958,,7.270084979600134,0.005124735512505357,0.24723473669363863,0.0012371126773300471
959,,7.26993418856818,0.004770487374591674,0.2472593945319767,0.0011774587173923815
960,,7.26993418856818,0.004770487374591674,0.2472593945319767,0.0011774587173923815
961,,7.270006968274367,0.004936758680599851,0.2472437476372912,0.0012085194850312425
962,,7.269863721798182,0.004608677127834395,0.2472768662063361,0.0011371321490642621
963,,7.269936501504369,0.004781652271924012,0.2472612193116506,0.0011694984368821285
964,,7.269888367189609,0.004669081739690323,0.24727195470471994,0.0011466860459336844
965,,7.269864878266277,0.004614476516400704,0.24727777859617311,0.0011330036435456402
966,,7.2698179004196115,0.00450291256858331,0.24728942637907939,0.0011050386810945061
967,,7.269816743951517,0.004496957225920011,0.24728851398924245,0.0011092808523996025
968,,7.26974627718152,0.004323011390646552,0.2473059856636019,0.0010659019520682185
969,,7.26965232148819,0.004077668857692221,0.2473292812294145,0.0010046829805431222
970,,7.26965232148819,0.004077668857692221,0.2473292812294145,0.0010046829805431222
971,,7.269628832564857,0.004013647172177651,0.24733510512086768,0.000988700426229939
972,,7.269605343641525,0.003948447856237648,0.2473409290123208,0.0009724203508967714
973,,7.269581854718193,0.00388201157456892,0.24734675290377395,0.0009558275521378421
974,,7.26955836579486,0.0038142736920294264,0.24735257679522712,0.0009389054502931183
975,,7.26955836579486,0.0038142736920294264,0.24735257679522712,0.0009389054502931183
976,,7.26955836579486,0.0038142736920294264,0.24735257679522712,0.0009389054502931183
977,,7.26946441010153,0.003528785759691892,0.24737587236103972,0.0008675330720002397
978,,7.269440921178198,0.00345332905690028,0.24738169625249284,0.0008486528083155651
979,,7.269440921178198,0.00345332905690028,0.24738169625249284,0.0008486528083155651
980,,7.2694174322548655,0.0033760229195935036,0.24738752014394597,0.000829301942410785
981,,7.269392786863438,0.0032884492665582947,0.2473924316455622,0.0008153448034418959
982,,7.2693223200934405,0.003036437385720985,0.24740990331992163,0.0007528604648401411
983,,7.2693223200934405,0.003036437385720985,0.24740990331992163,0.0007528604648401411
984,,7.269298831170108,0.0029472749366523123,0.24741572721137475,0.0007307533457644137
985,,7.269251853323444,0.0027597235884654413,0.24742737499428105,0.0006842514828110182
986,,7.269204875476778,0.0025575975408753567,0.24743902277718735,0.0006341359392267597
987,,7.269204875476778,0.0025575975408753567,0.24743902277718735,0.0006341359392267597
988,,7.269181386553446,0.00244995213029015,0.24744484666864047,0.0006074461170581253
989,,7.269181386553446,0.00244995213029015,0.24744484666864047,0.0006074461170581253
990,,7.269157897630113,0.0023371183627057023,0.24745067056009365,0.0005794698830963236
991,,7.269134408706781,0.0022183046641163764,0.24745649445154677,0.000550010972871472
992,,7.269110919783447,0.0020924926440363196,0.24746231834299995,0.000518816884573993
993,,7.269087430860115,0.0019583339574273605,0.2474681422344531,0.00048555330679111606
994,,7.269016964090118,0.0014825958333214823,0.24748561390881252,0.00036759782813023013
995,,7.268993475166785,0.0012846100545670016,0.24749143780026567,0.0003185088312268926
996,,7.2689699862434525,0.0010494056034576912,0.24749726169171882,0.00026019176095653715
997,,7.26894649732012,0.0007424134897774449,0.24750308558317194,0.00018407551153396256
998,,7.268923008396788,1.7763568394002505e-15,0.2475089094746251,0.0
