,N,J,w_xray,r_free_7mhf,rmsd,r_work_7mhf,xray_7mhf,r_free_7mhg,r_work_7mhg,xray_7mhg,r_free_7mhh,r_work_7mhh,xray_7mhh,r_free_7mhi,r_work_7mhi,xray_7mhi,ff,pdb,w_0_7mhf,w_0_7mhg,w_0_7mhh,w_0_7mhi,w_1_7mhf,w_1_7mhg,w_1_7mhh,w_1_7mhi,cif_0,cif_1,cif_2,cif_3,r_free_7mhj,r_work_7mhj,xray_7mhj,w_0_7mhj,w_1_7mhj,r_free_7mhk,r_work_7mhk,xray_7mhk,w_0_7mhk,w_1_7mhk
0,2.0,4.0,1.0,0.2271080246175149,0.4741370621697025,0.1861509006397541,5.133546536470242,,,,,,,,,,4745.287247539378,/wynton/group/sali/vipul/xray/matthew/multixray/sample_bench/out/vipul_2s4c_phenix_ref/0/output_388/pdbs/3_7mhf.pdb,0.3831705455702515,0.8846827146713967,0.8008837401950499,0.9571039411317224,0.6168294544297485,0.1153172853286033,0.19911625980495,0.0428960588682778,/wynton/home/sali/mhancock/xray/dev/38_standard_flags/data/7mhf.cif,/wynton/home/sali/mhancock/xray/dev/38_standard_flags/data/7mhg.cif,/wynton/home/sali/mhancock/xray/dev/38_standard_flags/data/7mhh.cif,/wynton/home/sali/mhancock/xray/dev/38_standard_flags/data/7mhi.cif,,,,,,,,,,
1,2.0,4.0,1.0,,0.4251263104539069,,,0.2303095023824997,0.186457670855472,5.043807886923738,,,,,,,3802.223407282992,/wynton/group/sali/vipul/xray/matthew/multixray/sample_bench/out/vipul_2s4c_phenix_ref/0/output_286/pdbs/3_7mhg.pdb,0.4034854213837013,0.3433729784471505,0.9313709558962986,0.4703970247505517,0.5965145786162986,0.6566270215528495,0.0686290441037013,0.5296029752494483,/wynton/home/sali/mhancock/xray/dev/38_standard_flags/data/7mhf.cif,/wynton/home/sali/mhancock/xray/dev/38_standard_flags/data/7mhg.cif,/wynton/home/sali/mhancock/xray/dev/38_standard_flags/data/7mhh.cif,/wynton/home/sali/mhancock/xray/dev/38_standard_flags/data/7mhi.cif,,,,,,,,,,
2,2.0,4.0,1.0,,0.5080339909278362,,,,,,0.2463830759916666,0.1818803144712303,5.653159036313895,,,,2959.927043179708,/wynton/group/sali/vipul/xray/matthew/multixray/sample_bench/out/vipul_2s4c_phenix_ref/0/output_126/pdbs/51_7mhh.pdb,0.0732678886202671,0.3979596748421503,0.738119156595996,0.7137136751291047,0.9267321113797328,0.6020403251578497,0.2618808434040039,0.2862863248708954,/wynton/home/sali/mhancock/xray/dev/38_standard_flags/data/7mhf.cif,/wynton/home/sali/mhancock/xray/dev/38_standard_flags/data/7mhg.cif,/wynton/home/sali/mhancock/xray/dev/38_standard_flags/data/7mhh.cif,/wynton/home/sali/mhancock/xray/dev/38_standard_flags/data/7mhi.cif,,,,,,,,,,
3,2.0,4.0,1.0,,11.789582235520855,,,,,,,,,0.2338693083901633,0.1741060774140404,5.0863513411225485,2780.8554607022666,/wynton/group/sali/vipul/xray/matthew/multixray/sample_bench/out/vipul_2s4c_phenix_ref/0/output_926/pdbs/450_7mhi.pdb,0.6792246223093991,0.7752606294971999,0.1956573268857958,0.4493358571016644,0.320775377690601,0.2247393705028001,0.8043426731142042,0.5506641428983355,/wynton/home/sali/mhancock/xray/dev/38_standard_flags/data/7mhf.cif,/wynton/home/sali/mhancock/xray/dev/38_standard_flags/data/7mhg.cif,/wynton/home/sali/mhancock/xray/dev/38_standard_flags/data/7mhh.cif,/wynton/home/sali/mhancock/xray/dev/38_standard_flags/data/7mhi.cif,,,,,,,,,,
4,2.0,4.0,1.0,0.2267668769701398,0.1717833920689703,0.1868169557912038,5.139496604724773,,,,,,,,,,3916.214701466409,/wynton/group/sali/vipul/xray/matthew/multixray/sample_bench/out/vipul_2s4c_phenix_ref/1/output_984/pdbs/1_7mhf.pdb,0.4119533550106634,0.4257131938002541,0.4318571702852673,,0.5880466449893367,0.5742868061997459,0.5681428297147326,,/wynton/home/sali/mhancock/xray/dev/38_standard_flags/data/7mhf.cif,/wynton/home/sali/mhancock/xray/dev/38_standard_flags/data/7mhg.cif,/wynton/home/sali/mhancock/xray/dev/38_standard_flags/data/7mhh.cif,/wynton/home/sali/mhancock/xray/dev/38_standard_flags/data/7mhj.cif,,,,0.99114015762006,0.0088598423799399,,,,,
5,2.0,4.0,1.0,,0.3073282326631082,,,0.2313123680016992,0.183982254283654,5.03588540003289,,,,,,,3021.6218704845846,/wynton/group/sali/vipul/xray/matthew/multixray/sample_bench/out/vipul_2s4c_phenix_ref/1/output_554/pdbs/2_7mhg.pdb,0.7340350117940135,0.5726763443232263,0.7302880043451447,,0.2659649882059865,0.4273236556767736,0.2697119956548552,,/wynton/home/sali/mhancock/xray/dev/38_standard_flags/data/7mhf.cif,/wynton/home/sali/mhancock/xray/dev/38_standard_flags/data/7mhg.cif,/wynton/home/sali/mhancock/xray/dev/38_standard_flags/data/7mhh.cif,/wynton/home/sali/mhancock/xray/dev/38_standard_flags/data/7mhj.cif,,,,0.4916280817628445,0.5083719182371556,,,,,
6,2.0,4.0,1.0,,0.4707219368841603,,,,,,0.249217442955019,0.1736749651275896,5.641583141685048,,,,2855.3103784215323,/wynton/group/sali/vipul/xray/matthew/multixray/sample_bench/out/vipul_2s4c_phenix_ref/1/output_225/pdbs/319_7mhh.pdb,0.2390601983748962,0.515673161042326,0.6285000313291998,,0.7609398016251038,0.484326838957674,0.3714999686708001,,/wynton/home/sali/mhancock/xray/dev/38_standard_flags/data/7mhf.cif,/wynton/home/sali/mhancock/xray/dev/38_standard_flags/data/7mhg.cif,/wynton/home/sali/mhancock/xray/dev/38_standard_flags/data/7mhh.cif,/wynton/home/sali/mhancock/xray/dev/38_standard_flags/data/7mhj.cif,,,,0.9163028531062392,0.0836971468937608,,,,,
7,2.0,4.0,1.0,,0.4805303629413322,,,,,,,,,,,,2648.594380785348,/wynton/group/sali/vipul/xray/matthew/multixray/sample_bench/out/vipul_2s4c_phenix_ref/1/output_990/pdbs/150_7mhj.pdb,0.5821888359569085,0.6981863438945584,0.4173918743847348,,0.4178111640430914,0.3018136561054416,0.5826081256152652,,/wynton/home/sali/mhancock/xray/dev/38_standard_flags/data/7mhf.cif,/wynton/home/sali/mhancock/xray/dev/38_standard_flags/data/7mhg.cif,/wynton/home/sali/mhancock/xray/dev/38_standard_flags/data/7mhh.cif,/wynton/home/sali/mhancock/xray/dev/38_standard_flags/data/7mhj.cif,0.242852047542811,0.1785338992953054,5.177750388184895,0.5534043185086025,0.4465956814913974,,,,,
8,2.0,4.0,1.0,0.2269634713749349,0.4335274936412729,0.187860640854926,5.1364063318774775,,,,,,,,,,4241.931734729843,/wynton/group/sali/vipul/xray/matthew/multixray/sample_bench/out/vipul_2s4c_phenix_ref/2/output_245/pdbs/3_7mhf.pdb,0.4221057829094875,0.1333881896434318,0.9507854743238546,,0.5778942170905125,0.8666118103565682,0.0492145256761453,,/wynton/home/sali/mhancock/xray/dev/38_standard_flags/data/7mhf.cif,/wynton/home/sali/mhancock/xray/dev/38_standard_flags/data/7mhg.cif,/wynton/home/sali/mhancock/xray/dev/38_standard_flags/data/7mhh.cif,/wynton/home/sali/mhancock/xray/dev/38_standard_flags/data/7mhk.cif,,,,,,,,,0.4841992661239515,0.5158007338760485
9,2.0,4.0,1.0,,0.3067301408368257,,,0.2297825718830304,0.1822934270020361,5.034367207158323,,,,,,,3788.1852532656326,/wynton/group/sali/vipul/xray/matthew/multixray/sample_bench/out/vipul_2s4c_phenix_ref/2/output_680/pdbs/2_7mhg.pdb,0.2778613620231276,0.6378493733639157,0.6870556225629293,,0.7221386379768723,0.3621506266360843,0.3129443774370707,,/wynton/home/sali/mhancock/xray/dev/38_standard_flags/data/7mhf.cif,/wynton/home/sali/mhancock/xray/dev/38_standard_flags/data/7mhg.cif,/wynton/home/sali/mhancock/xray/dev/38_standard_flags/data/7mhh.cif,/wynton/home/sali/mhancock/xray/dev/38_standard_flags/data/7mhk.cif,,,,,,,,,0.7498189208198042,0.2501810791801958
10,2.0,4.0,1.0,,0.4626575946114584,,,,,,0.2465588514087985,0.1747368229600603,5.628395747017868,,,,2665.2203870423527,/wynton/group/sali/vipul/xray/matthew/multixray/sample_bench/out/vipul_2s4c_phenix_ref/2/output_915/pdbs/87_7mhh.pdb,0.9329471628012734,0.5907156849320057,0.3918566524918007,,0.0670528371987266,0.4092843150679944,0.6081433475081993,,/wynton/home/sali/mhancock/xray/dev/38_standard_flags/data/7mhf.cif,/wynton/home/sali/mhancock/xray/dev/38_standard_flags/data/7mhg.cif,/wynton/home/sali/mhancock/xray/dev/38_standard_flags/data/7mhh.cif,/wynton/home/sali/mhancock/xray/dev/38_standard_flags/data/7mhk.cif,,,,,,,,,0.3844262879847173,0.6155737120152827
11,2.0,4.0,1.0,,0.4608358875786927,,,,,,,,,,,,2646.041044150853,/wynton/group/sali/vipul/xray/matthew/multixray/sample_bench/out/vipul_2s4c_phenix_ref/2/output_223/pdbs/10_7mhk.pdb,0.9386283489860022,0.4718037398874672,0.3732736972720134,,0.0613716510139977,0.5281962601125327,0.6267263027279866,,/wynton/home/sali/mhancock/xray/dev/38_standard_flags/data/7mhf.cif,/wynton/home/sali/mhancock/xray/dev/38_standard_flags/data/7mhg.cif,/wynton/home/sali/mhancock/xray/dev/38_standard_flags/data/7mhh.cif,/wynton/home/sali/mhancock/xray/dev/38_standard_flags/data/7mhk.cif,,,,,,0.2525155690693434,0.1886045677788412,5.092932228998075,0.439233919400509,0.560766080599491
12,2.0,4.0,1.0,0.2274318612437946,0.3022247501768608,0.1868911647456345,5.147036007133515,,,,,,,,,,4760.660710340892,/wynton/group/sali/vipul/xray/matthew/multixray/sample_bench/out/vipul_2s4c_phenix_ref/3/output_952/pdbs/2_7mhf.pdb,0.355629317605876,0.2399343027183186,,0.2009531440175519,0.644370682394124,0.7600656972816813,,0.7990468559824481,/wynton/home/sali/mhancock/xray/dev/38_standard_flags/data/7mhf.cif,/wynton/home/sali/mhancock/xray/dev/38_standard_flags/data/7mhg.cif,/wynton/home/sali/mhancock/xray/dev/38_standard_flags/data/7mhi.cif,/wynton/home/sali/mhancock/xray/dev/38_standard_flags/data/7mhj.cif,,,,0.5982369799075127,0.4017630200924873,,,,,
13,2.0,4.0,1.0,,0.389741342076992,,,0.2308637381871707,0.1847949361469562,5.023996934520876,,,,,,,3778.195836652949,/wynton/group/sali/vipul/xray/matthew/multixray/sample_bench/out/vipul_2s4c_phenix_ref/3/output_174/pdbs/103_7mhg.pdb,0.5536337297182831,0.5646138111577246,,0.0593894562155596,0.446366270281717,0.4353861888422755,,0.9406105437844404,/wynton/home/sali/mhancock/xray/dev/38_standard_flags/data/7mhf.cif,/wynton/home/sali/mhancock/xray/dev/38_standard_flags/data/7mhg.cif,/wynton/home/sali/mhancock/xray/dev/38_standard_flags/data/7mhi.cif,/wynton/home/sali/mhancock/xray/dev/38_standard_flags/data/7mhj.cif,,,,0.7340150807455391,0.2659849192544609,,,,,
14,2.0,4.0,1.0,,0.4837678180052948,,,,,,,,,0.228529516149295,0.1747320372998407,5.0816869358693815,2585.87161312245,/wynton/group/sali/vipul/xray/matthew/multixray/sample_bench/out/vipul_2s4c_phenix_ref/3/output_449/pdbs/94_7mhi.pdb,0.8631561274222044,0.8340901707684925,,0.5295554022558856,0.1368438725777956,0.1659098292315075,,0.4704445977441144,/wynton/home/sali/mhancock/xray/dev/38_standard_flags/data/7mhf.cif,/wynton/home/sali/mhancock/xray/dev/38_standard_flags/data/7mhg.cif,/wynton/home/sali/mhancock/xray/dev/38_standard_flags/data/7mhi.cif,/wynton/home/sali/mhancock/xray/dev/38_standard_flags/data/7mhj.cif,,,,0.332297091160605,0.6677029088393951,,,,,
15,2.0,4.0,1.0,,2.5227620098518857,,,,,,,,,,,,2693.8227407857403,/wynton/group/sali/vipul/xray/matthew/multixray/sample_bench/out/vipul_2s4c_phenix_ref/3/output_273/pdbs/458_7mhj.pdb,0.6976888141145894,0.553183513972415,,0.4038671025377212,0.3023111858854107,0.446816486027585,,0.5961328974622788,/wynton/home/sali/mhancock/xray/dev/38_standard_flags/data/7mhf.cif,/wynton/home/sali/mhancock/xray/dev/38_standard_flags/data/7mhg.cif,/wynton/home/sali/mhancock/xray/dev/38_standard_flags/data/7mhi.cif,/wynton/home/sali/mhancock/xray/dev/38_standard_flags/data/7mhj.cif,0.2362750779745417,0.1761749438161867,5.159967609799683,0.5513620409197517,0.4486379590802483,,,,,
16,2.0,4.0,1.0,0.225929025414718,0.305643250679162,0.1857430184697632,5.137113875464193,,,,,,,,,,4776.012907896444,/wynton/group/sali/vipul/xray/matthew/multixray/sample_bench/out/vipul_2s4c_phenix_ref/4/output_683/pdbs/2_7mhf.pdb,0.4509517965749471,0.487688478100951,,0.5239813822724004,0.5490482034250528,0.5123115218990489,,0.4760186177275995,/wynton/home/sali/mhancock/xray/dev/38_standard_flags/data/7mhf.cif,/wynton/home/sali/mhancock/xray/dev/38_standard_flags/data/7mhg.cif,/wynton/home/sali/mhancock/xray/dev/38_standard_flags/data/7mhi.cif,/wynton/home/sali/mhancock/xray/dev/38_standard_flags/data/7mhk.cif,,,,,,,,,0.0776297045938577,0.9223702954061422
17,2.0,4.0,1.0,,0.434938417071115,,,0.2279991505150888,0.1842278312687446,5.018753017954645,,,,,,,3802.788135470984,/wynton/group/sali/vipul/xray/matthew/multixray/sample_bench/out/vipul_2s4c_phenix_ref/4/output_689/pdbs/43_7mhg.pdb,0.3204006574582909,0.515786125689056,,0.8794610780355332,0.6795993425417092,0.484213874310944,,0.1205389219644667,/wynton/home/sali/mhancock/xray/dev/38_standard_flags/data/7mhf.cif,/wynton/home/sali/mhancock/xray/dev/38_standard_flags/data/7mhg.cif,/wynton/home/sali/mhancock/xray/dev/38_standard_flags/data/7mhi.cif,/wynton/home/sali/mhancock/xray/dev/38_standard_flags/data/7mhk.cif,,,,,,,,,0.4085227377007996,0.5914772622992004
18,2.0,4.0,1.0,,0.4201156518477272,,,,,,,,,0.2311490805025685,0.1776590157866903,5.091774569129548,2699.958402100571,/wynton/group/sali/vipul/xray/matthew/multixray/sample_bench/out/vipul_2s4c_phenix_ref/4/output_946/pdbs/7_7mhi.pdb,0.6280206349392132,0.7386694699216055,,0.4582815740606126,0.3719793650607868,0.2613305300783944,,0.5417184259393875,/wynton/home/sali/mhancock/xray/dev/38_standard_flags/data/7mhf.cif,/wynton/home/sali/mhancock/xray/dev/38_standard_flags/data/7mhg.cif,/wynton/home/sali/mhancock/xray/dev/38_standard_flags/data/7mhi.cif,/wynton/home/sali/mhancock/xray/dev/38_standard_flags/data/7mhk.cif,,,,,,,,,0.2959152925907324,0.7040847074092675
19,2.0,4.0,1.0,,1.8416733015323048,,,,,,,,,,,,2840.392759324539,/wynton/group/sali/vipul/xray/matthew/multixray/sample_bench/out/vipul_2s4c_phenix_ref/4/output_139/pdbs/284_7mhk.pdb,0.3874976449500368,0.1484916749569208,,0.6488079227901344,0.6125023550499632,0.8515083250430792,,0.3511920772098655,/wynton/home/sali/mhancock/xray/dev/38_standard_flags/data/7mhf.cif,/wynton/home/sali/mhancock/xray/dev/38_standard_flags/data/7mhg.cif,/wynton/home/sali/mhancock/xray/dev/38_standard_flags/data/7mhi.cif,/wynton/home/sali/mhancock/xray/dev/38_standard_flags/data/7mhk.cif,,,,,,0.2529269178873983,0.1888102434504213,5.084746765562255,0.4417112285131168,0.5582887714868833
20,2.0,4.0,1.0,0.2254689501467527,0.3069563590463793,0.1868697398271588,5.142176635827488,,,,,,,,,,3911.701719200008,/wynton/group/sali/vipul/xray/matthew/multixray/sample_bench/out/vipul_2s4c_phenix_ref/5/output_108/pdbs/2_7mhf.pdb,0.5827237024947782,0.3437318504247128,,,0.4172762975052218,0.6562681495752872,,,/wynton/home/sali/mhancock/xray/dev/38_standard_flags/data/7mhf.cif,/wynton/home/sali/mhancock/xray/dev/38_standard_flags/data/7mhg.cif,/wynton/home/sali/mhancock/xray/dev/38_standard_flags/data/7mhj.cif,/wynton/home/sali/mhancock/xray/dev/38_standard_flags/data/7mhk.cif,,,,0.5711093991422879,0.4288906008577121,,,,0.1936671372047155,0.8063328627952845
21,2.0,4.0,1.0,,0.4182499083199311,,,0.2301682021030664,0.1854018413853282,5.035700816762009,,,,,,,3173.301743510114,/wynton/group/sali/vipul/xray/matthew/multixray/sample_bench/out/vipul_2s4c_phenix_ref/5/output_331/pdbs/3_7mhg.pdb,0.4740098026656246,0.5983645396198495,,,0.5259901973343754,0.4016354603801504,,,/wynton/home/sali/mhancock/xray/dev/38_standard_flags/data/7mhf.cif,/wynton/home/sali/mhancock/xray/dev/38_standard_flags/data/7mhg.cif,/wynton/home/sali/mhancock/xray/dev/38_standard_flags/data/7mhj.cif,/wynton/home/sali/mhancock/xray/dev/38_standard_flags/data/7mhk.cif,,,,0.3750910998807131,0.6249089001192869,,,,0.0070608308267377,0.9929391691732624
22,2.0,4.0,1.0,,1.9027611187096547,,,,,,,,,,,,2409.5527818132427,/wynton/group/sali/vipul/xray/matthew/multixray/sample_bench/out/vipul_2s4c_phenix_ref/5/output_1/pdbs/303_7mhj.pdb,0.72569619458719,0.643770696792173,,,0.27430380541281,0.3562293032078269,,,/wynton/home/sali/mhancock/xray/dev/38_standard_flags/data/7mhf.cif,/wynton/home/sali/mhancock/xray/dev/38_standard_flags/data/7mhg.cif,/wynton/home/sali/mhancock/xray/dev/38_standard_flags/data/7mhj.cif,/wynton/home/sali/mhancock/xray/dev/38_standard_flags/data/7mhk.cif,0.2425329561352897,0.1862406201845488,5.194293685747525,0.2561350849787077,0.7438649150212924,,,,0.4608942391636743,0.5391057608363258
23,2.0,4.0,1.0,,5.576939157451385,,,,,,,,,,,,2418.862609772249,/wynton/group/sali/vipul/xray/matthew/multixray/sample_bench/out/vipul_2s4c_phenix_ref/5/output_395/pdbs/312_7mhk.pdb,0.9684135625359408,0.0048266455263004,,,0.0315864374640591,0.9951733544736996,,,/wynton/home/sali/mhancock/xray/dev/38_standard_flags/data/7mhf.cif,/wynton/home/sali/mhancock/xray/dev/38_standard_flags/data/7mhg.cif,/wynton/home/sali/mhancock/xray/dev/38_standard_flags/data/7mhj.cif,/wynton/home/sali/mhancock/xray/dev/38_standard_flags/data/7mhk.cif,,,,0.3861499721322547,0.6138500278677452,0.2531998953180095,0.1911642224260545,5.108102287905977,0.356857142680754,0.6431428573192459
24,2.0,4.0,1.0,0.2275595634541264,0.3317228116872973,0.1876831117881215,5.141903794808664,,,,,,,,,,3740.8655209980657,/wynton/group/sali/vipul/xray/matthew/multixray/sample_bench/out/vipul_2s4c_phenix_ref/6/output_668/pdbs/2_7mhf.pdb,0.5502218321577899,,0.3719980960143251,0.6761916388821477,0.4497781678422101,,0.6280019039856749,0.3238083611178523,/wynton/home/sali/mhancock/xray/dev/38_standard_flags/data/7mhf.cif,/wynton/home/sali/mhancock/xray/dev/38_standard_flags/data/7mhh.cif,/wynton/home/sali/mhancock/xray/dev/38_standard_flags/data/7mhi.cif,/wynton/home/sali/mhancock/xray/dev/38_standard_flags/data/7mhj.cif,,,,0.664054997697364,0.335945002302636,,,,,
25,2.0,4.0,1.0,,0.650713291848426,,,,,,0.2488154500771806,0.1701133638086362,5.622866928176867,,,,2894.34956866613,/wynton/group/sali/vipul/xray/matthew/multixray/sample_bench/out/vipul_2s4c_phenix_ref/6/output_934/pdbs/8_7mhh.pdb,0.4170663408672699,,0.5615321130486874,0.4708499428500119,0.5829336591327301,,0.4384678869513125,0.529150057149988,/wynton/home/sali/mhancock/xray/dev/38_standard_flags/data/7mhf.cif,/wynton/home/sali/mhancock/xray/dev/38_standard_flags/data/7mhh.cif,/wynton/home/sali/mhancock/xray/dev/38_standard_flags/data/7mhi.cif,/wynton/home/sali/mhancock/xray/dev/38_standard_flags/data/7mhj.cif,,,,0.555483957149072,0.444516042850928,,,,,
26,2.0,4.0,1.0,,0.6141017776868658,,,,,,,,,0.2358638814901887,0.1747655220568921,5.088846530840206,2816.259511685605,/wynton/group/sali/vipul/xray/matthew/multixray/sample_bench/out/vipul_2s4c_phenix_ref/6/output_475/pdbs/29_7mhi.pdb,0.0446885839269297,,0.8664805149451427,0.4943589302714531,0.9553114160730702,,0.1335194850548573,0.5056410697285469,/wynton/home/sali/mhancock/xray/dev/38_standard_flags/data/7mhf.cif,/wynton/home/sali/mhancock/xray/dev/38_standard_flags/data/7mhh.cif,/wynton/home/sali/mhancock/xray/dev/38_standard_flags/data/7mhi.cif,/wynton/home/sali/mhancock/xray/dev/38_standard_flags/data/7mhj.cif,,,,0.3672647707843057,0.6327352292156944,,,,,
27,2.0,4.0,1.0,,0.6337718429822077,,,,,,,,,,,,2765.618798474713,/wynton/group/sali/vipul/xray/matthew/multixray/sample_bench/out/vipul_2s4c_phenix_ref/6/output_983/pdbs/8_7mhj.pdb,0.7534072925267177,,0.4069613519979221,0.5697443960392755,0.2465927074732823,,0.5930386480020778,0.4302556039607245,/wynton/home/sali/mhancock/xray/dev/38_standard_flags/data/7mhf.cif,/wynton/home/sali/mhancock/xray/dev/38_standard_flags/data/7mhh.cif,/wynton/home/sali/mhancock/xray/dev/38_standard_flags/data/7mhi.cif,/wynton/home/sali/mhancock/xray/dev/38_standard_flags/data/7mhj.cif,0.2433330246511946,0.1762895681682773,5.170156746169884,0.431392955215699,0.568607044784301,,,,,
28,2.0,4.0,1.0,0.2265942068991676,0.168907309908093,0.1865050178200014,5.13754213258514,,,,,,,,,,5515.73863536204,/wynton/group/sali/vipul/xray/matthew/multixray/sample_bench/out/vipul_2s4c_phenix_ref/7/output_623/pdbs/1_7mhf.pdb,0.4476994099571172,,0.381766960166319,0.5497182295311165,0.5523005900428828,,0.6182330398336809,0.4502817704688835,/wynton/home/sali/mhancock/xray/dev/38_standard_flags/data/7mhf.cif,/wynton/home/sali/mhancock/xray/dev/38_standard_flags/data/7mhh.cif,/wynton/home/sali/mhancock/xray/dev/38_standard_flags/data/7mhi.cif,/wynton/home/sali/mhancock/xray/dev/38_standard_flags/data/7mhk.cif,,,,,,,,,0.0820876744993174,0.9179123255006826
29,2.0,4.0,1.0,,0.5925946707465375,,,,,,0.2463499779007424,0.1724331134169189,5.624318523035935,,,,2692.994255306751,/wynton/group/sali/vipul/xray/matthew/multixray/sample_bench/out/vipul_2s4c_phenix_ref/7/output_922/pdbs/29_7mhh.pdb,0.7165039124127096,,0.4178605835094377,0.4603209461517356,0.2834960875872904,,0.5821394164905622,0.5396790538482644,/wynton/home/sali/mhancock/xray/dev/38_standard_flags/data/7mhf.cif,/wynton/home/sali/mhancock/xray/dev/38_standard_flags/data/7mhh.cif,/wynton/home/sali/mhancock/xray/dev/38_standard_flags/data/7mhi.cif,/wynton/home/sali/mhancock/xray/dev/38_standard_flags/data/7mhk.cif,,,,,,,,,0.6805260148231149,0.3194739851768851
30,2.0,4.0,1.0,,0.5854246509893557,,,,,,,,,0.2322744748976649,0.1758235214784203,5.082509056419786,3003.3004677930585,/wynton/group/sali/vipul/xray/matthew/multixray/sample_bench/out/vipul_2s4c_phenix_ref/7/output_398/pdbs/26_7mhi.pdb,0.0370727978508168,,0.4899643766192882,0.4544548373876828,0.9629272021491831,,0.5100356233807118,0.5455451626123171,/wynton/home/sali/mhancock/xray/dev/38_standard_flags/data/7mhf.cif,/wynton/home/sali/mhancock/xray/dev/38_standard_flags/data/7mhh.cif,/wynton/home/sali/mhancock/xray/dev/38_standard_flags/data/7mhi.cif,/wynton/home/sali/mhancock/xray/dev/38_standard_flags/data/7mhk.cif,,,,,,,,,0.5218236407832411,0.4781763592167589
31,2.0,4.0,1.0,,0.7998190685489297,,,,,,,,,,,,2778.332180460853,/wynton/group/sali/vipul/xray/matthew/multixray/sample_bench/out/vipul_2s4c_phenix_ref/7/output_919/pdbs/67_7mhk.pdb,0.0902221738993091,,0.5823919838248739,0.4932295760334598,0.9097778261006908,,0.4176080161751262,0.5067704239665402,/wynton/home/sali/mhancock/xray/dev/38_standard_flags/data/7mhf.cif,/wynton/home/sali/mhancock/xray/dev/38_standard_flags/data/7mhh.cif,/wynton/home/sali/mhancock/xray/dev/38_standard_flags/data/7mhi.cif,/wynton/home/sali/mhancock/xray/dev/38_standard_flags/data/7mhk.cif,,,,,,0.2582253610036548,0.1878242064868111,5.082601413972845,0.5176855358716764,0.4823144641283236
32,2.0,4.0,1.0,0.2241388677797052,0.1734647393924524,0.1871285566068964,5.139649758967501,,,,,,,,,,4198.470914639544,/wynton/group/sali/vipul/xray/matthew/multixray/sample_bench/out/vipul_2s4c_phenix_ref/8/output_750/pdbs/1_7mhf.pdb,0.5265152623926349,,0.4210278519304838,,0.4734847376073651,,0.5789721480695161,,/wynton/home/sali/mhancock/xray/dev/38_standard_flags/data/7mhf.cif,/wynton/home/sali/mhancock/xray/dev/38_standard_flags/data/7mhh.cif,/wynton/home/sali/mhancock/xray/dev/38_standard_flags/data/7mhj.cif,/wynton/home/sali/mhancock/xray/dev/38_standard_flags/data/7mhk.cif,,,,0.1543033044477416,0.8456966955522583,,,,0.6586076603485345,0.3413923396514655
33,2.0,4.0,1.0,,0.6295053528343943,,,,,,0.2422539765910072,0.1760615107069702,5.624396641550352,,,,2690.883350386307,/wynton/group/sali/vipul/xray/matthew/multixray/sample_bench/out/vipul_2s4c_phenix_ref/8/output_471/pdbs/6_7mhh.pdb,0.4890411038624357,,0.3112119029635036,,0.5109588961375642,,0.6887880970364965,,/wynton/home/sali/mhancock/xray/dev/38_standard_flags/data/7mhf.cif,/wynton/home/sali/mhancock/xray/dev/38_standard_flags/data/7mhh.cif,/wynton/home/sali/mhancock/xray/dev/38_standard_flags/data/7mhj.cif,/wynton/home/sali/mhancock/xray/dev/38_standard_flags/data/7mhk.cif,,,,0.3287418894203588,0.6712581105796411,,,,0.7034388707529767,0.2965611292470232
34,2.0,4.0,1.0,,12.601415290629124,,,,,,,,,,,,2564.405635217769,/wynton/group/sali/vipul/xray/matthew/multixray/sample_bench/out/vipul_2s4c_phenix_ref/8/output_497/pdbs/363_7mhj.pdb,0.2908898419640911,,0.8841759790963657,,0.7091101580359089,,0.1158240209036342,,/wynton/home/sali/mhancock/xray/dev/38_standard_flags/data/7mhf.cif,/wynton/home/sali/mhancock/xray/dev/38_standard_flags/data/7mhh.cif,/wynton/home/sali/mhancock/xray/dev/38_standard_flags/data/7mhj.cif,/wynton/home/sali/mhancock/xray/dev/38_standard_flags/data/7mhk.cif,0.2424600268229083,0.1804836657736573,5.166529413935888,0.6092479884280992,0.3907520115719007,,,,0.5162325318221177,0.4837674681778823
35,2.0,4.0,1.0,,5.848227261833291,,,,,,,,,,,,2676.5860351394003,/wynton/group/sali/vipul/xray/matthew/multixray/sample_bench/out/vipul_2s4c_phenix_ref/8/output_81/pdbs/252_7mhk.pdb,0.6058311799755515,,0.0536400584428153,,0.3941688200244486,,0.9463599415571846,,/wynton/home/sali/mhancock/xray/dev/38_standard_flags/data/7mhf.cif,/wynton/home/sali/mhancock/xray/dev/38_standard_flags/data/7mhh.cif,/wynton/home/sali/mhancock/xray/dev/38_standard_flags/data/7mhj.cif,/wynton/home/sali/mhancock/xray/dev/38_standard_flags/data/7mhk.cif,,,,0.4996634746973084,0.5003365253026917,0.2565367446082435,0.1927080475400371,5.099594385509546,0.3948972931325743,0.6051027068674257
36,2.0,4.0,1.0,0.2256319202716844,0.322177569796553,0.1872869516236529,5.1471382608660114,,,,,,,,,,4867.405327889235,/wynton/group/sali/vipul/xray/matthew/multixray/sample_bench/out/vipul_2s4c_phenix_ref/9/output_410/pdbs/2_7mhf.pdb,0.6193570314633859,,,0.5631306926388299,0.3806429685366141,,,0.4368693073611701,/wynton/home/sali/mhancock/xray/dev/38_standard_flags/data/7mhf.cif,/wynton/home/sali/mhancock/xray/dev/38_standard_flags/data/7mhi.cif,/wynton/home/sali/mhancock/xray/dev/38_standard_flags/data/7mhj.cif,/wynton/home/sali/mhancock/xray/dev/38_standard_flags/data/7mhk.cif,,,,0.3983651480658874,0.6016348519341126,,,,0.2120108416139856,0.7879891583860145
37,2.0,4.0,1.0,,2.002653361528729,,,,,,,,,0.234893849857226,0.1754615424857594,5.088996901608728,2846.385914366457,/wynton/group/sali/vipul/xray/matthew/multixray/sample_bench/out/vipul_2s4c_phenix_ref/9/output_389/pdbs/117_7mhi.pdb,0.5981882871618969,,,0.43752600953345,0.4018117128381031,,,0.56247399046655,/wynton/home/sali/mhancock/xray/dev/38_standard_flags/data/7mhf.cif,/wynton/home/sali/mhancock/xray/dev/38_standard_flags/data/7mhi.cif,/wynton/home/sali/mhancock/xray/dev/38_standard_flags/data/7mhj.cif,/wynton/home/sali/mhancock/xray/dev/38_standard_flags/data/7mhk.cif,,,,0.8593116303115119,0.140688369688488,,,,0.3492360109328264,0.6507639890671736
38,2.0,4.0,1.0,,0.5575787032931699,,,,,,,,,,,,2913.1557545240776,/wynton/group/sali/vipul/xray/matthew/multixray/sample_bench/out/vipul_2s4c_phenix_ref/9/output_489/pdbs/23_7mhj.pdb,0.890186439229832,,,0.2917404493470131,0.109813560770168,,,0.7082595506529868,/wynton/home/sali/mhancock/xray/dev/38_standard_flags/data/7mhf.cif,/wynton/home/sali/mhancock/xray/dev/38_standard_flags/data/7mhi.cif,/wynton/home/sali/mhancock/xray/dev/38_standard_flags/data/7mhj.cif,/wynton/home/sali/mhancock/xray/dev/38_standard_flags/data/7mhk.cif,0.2384509366136222,0.1758098311342461,5.17254105026847,0.6176216780114481,0.3823783219885519,,,,0.5254085200525094,0.4745914799474906
39,2.0,4.0,1.0,,1.7141894684461965,,,,,,,,,,,,2663.611650079839,/wynton/group/sali/vipul/xray/matthew/multixray/sample_bench/out/vipul_2s4c_phenix_ref/9/output_656/pdbs/143_7mhk.pdb,0.97106328751315,,,0.3055356296815033,0.02893671248685,,,0.6944643703184968,/wynton/home/sali/mhancock/xray/dev/38_standard_flags/data/7mhf.cif,/wynton/home/sali/mhancock/xray/dev/38_standard_flags/data/7mhi.cif,/wynton/home/sali/mhancock/xray/dev/38_standard_flags/data/7mhj.cif,/wynton/home/sali/mhancock/xray/dev/38_standard_flags/data/7mhk.cif,,,,0.6142865222965099,0.38571347770349,0.2508441902552034,0.1870709777831198,5.08736365389864,0.5527976782585836,0.4472023217414163
40,2.0,4.0,1.0,,0.3482181040329023,,,0.2318886376011445,0.1857962484871817,5.044664524591708,,,,,,,3442.4525247582847,/wynton/group/sali/vipul/xray/matthew/multixray/sample_bench/out/vipul_2s4c_phenix_ref/10/output_436/pdbs/2_7mhg.pdb,,0.2968900726553528,0.5045440916444577,0.8640762231328171,,0.7031099273446472,0.4954559083555422,0.1359237768671829,/wynton/home/sali/mhancock/xray/dev/38_standard_flags/data/7mhg.cif,/wynton/home/sali/mhancock/xray/dev/38_standard_flags/data/7mhh.cif,/wynton/home/sali/mhancock/xray/dev/38_standard_flags/data/7mhi.cif,/wynton/home/sali/mhancock/xray/dev/38_standard_flags/data/7mhj.cif,,,,0.1443715497617679,0.8556284502382321,,,,,
41,2.0,4.0,1.0,,0.636289562911589,,,,,,0.2454339391585407,0.174479903699554,5.626640518517882,,,,2703.727733485889,/wynton/group/sali/vipul/xray/matthew/multixray/sample_bench/out/vipul_2s4c_phenix_ref/10/output_11/pdbs/4_7mhh.pdb,,0.3400454998931235,0.4361835155153942,0.4263380544938388,,0.6599545001068765,0.5638164844846059,0.5736619455061612,/wynton/home/sali/mhancock/xray/dev/38_standard_flags/data/7mhg.cif,/wynton/home/sali/mhancock/xray/dev/38_standard_flags/data/7mhh.cif,/wynton/home/sali/mhancock/xray/dev/38_standard_flags/data/7mhi.cif,/wynton/home/sali/mhancock/xray/dev/38_standard_flags/data/7mhj.cif,,,,0.0141628852236145,0.9858371147763856,,,,,
42,2.0,4.0,1.0,,0.6023483407516547,,,,,,,,,0.2311767233510256,0.1758971844957953,5.083738073516113,2460.198391182953,/wynton/group/sali/vipul/xray/matthew/multixray/sample_bench/out/vipul_2s4c_phenix_ref/10/output_914/pdbs/95_7mhi.pdb,,0.7301023601803786,0.163299640597215,0.415647603851526,,0.2698976398196215,0.836700359402785,0.584352396148474,/wynton/home/sali/mhancock/xray/dev/38_standard_flags/data/7mhg.cif,/wynton/home/sali/mhancock/xray/dev/38_standard_flags/data/7mhh.cif,/wynton/home/sali/mhancock/xray/dev/38_standard_flags/data/7mhi.cif,/wynton/home/sali/mhancock/xray/dev/38_standard_flags/data/7mhj.cif,,,,0.5122224319408298,0.4877775680591701,,,,,
43,2.0,4.0,1.0,,0.6041029766213079,,,,,,,,,,,,2665.1867452142696,/wynton/group/sali/vipul/xray/matthew/multixray/sample_bench/out/vipul_2s4c_phenix_ref/10/output_875/pdbs/49_7mhj.pdb,,0.9592252705580404,0.7267726715691044,0.161211114840663,,0.0407747294419595,0.2732273284308955,0.8387888851593369,/wynton/home/sali/mhancock/xray/dev/38_standard_flags/data/7mhg.cif,/wynton/home/sali/mhancock/xray/dev/38_standard_flags/data/7mhh.cif,/wynton/home/sali/mhancock/xray/dev/38_standard_flags/data/7mhi.cif,/wynton/home/sali/mhancock/xray/dev/38_standard_flags/data/7mhj.cif,0.2378926292975984,0.1798198295627307,5.185926771862059,0.4419002810520929,0.5580997189479071,,,,,
44,2.0,4.0,1.0,,0.1807166324429276,,,0.2328453006307149,0.1848635777469425,5.0627329425832,,,,,,,3864.524027835388,/wynton/group/sali/vipul/xray/matthew/multixray/sample_bench/out/vipul_2s4c_phenix_ref/11/output_770/pdbs/1_7mhg.pdb,,0.4754406779915937,0.0513614306569831,0.4480686722401458,,0.5245593220084063,0.9486385693430168,0.5519313277598542,/wynton/home/sali/mhancock/xray/dev/38_standard_flags/data/7mhg.cif,/wynton/home/sali/mhancock/xray/dev/38_standard_flags/data/7mhh.cif,/wynton/home/sali/mhancock/xray/dev/38_standard_flags/data/7mhi.cif,/wynton/home/sali/mhancock/xray/dev/38_standard_flags/data/7mhk.cif,,,,,,,,,0.5087577706698256,0.4912422293301743
45,2.0,4.0,1.0,,1.9859450414388784,,,,,,0.2442248047852597,0.1732476930166838,5.61957294085938,,,,3179.9792500274407,/wynton/group/sali/vipul/xray/matthew/multixray/sample_bench/out/vipul_2s4c_phenix_ref/11/output_943/pdbs/213_7mhh.pdb,,0.6876825365024836,0.4907419638724621,0.2782942533635702,,0.3123174634975164,0.5092580361275378,0.7217057466364297,/wynton/home/sali/mhancock/xray/dev/38_standard_flags/data/7mhg.cif,/wynton/home/sali/mhancock/xray/dev/38_standard_flags/data/7mhh.cif,/wynton/home/sali/mhancock/xray/dev/38_standard_flags/data/7mhi.cif,/wynton/home/sali/mhancock/xray/dev/38_standard_flags/data/7mhk.cif,,,,,,,,,0.4096143647159166,0.5903856352840833
46,2.0,4.0,1.0,,0.5914453351804672,,,,,,,,,0.2292198139584372,0.1751415307386118,5.0780770389793455,3090.946089758778,/wynton/group/sali/vipul/xray/matthew/multixray/sample_bench/out/vipul_2s4c_phenix_ref/11/output_182/pdbs/43_7mhi.pdb,,0.2397269261447542,0.7136089750062988,0.3867389974629461,,0.7602730738552458,0.2863910249937011,0.613261002537054,/wynton/home/sali/mhancock/xray/dev/38_standard_flags/data/7mhg.cif,/wynton/home/sali/mhancock/xray/dev/38_standard_flags/data/7mhh.cif,/wynton/home/sali/mhancock/xray/dev/38_standard_flags/data/7mhi.cif,/wynton/home/sali/mhancock/xray/dev/38_standard_flags/data/7mhk.cif,,,,,,,,,0.7339299577519428,0.2660700422480573
47,2.0,4.0,1.0,,2.3483290205994543,,,,,,,,,,,,2447.3007186721447,/wynton/group/sali/vipul/xray/matthew/multixray/sample_bench/out/vipul_2s4c_phenix_ref/11/output_560/pdbs/120_7mhk.pdb,,0.2795025796319144,0.5183697808469797,0.952806841905258,,0.7204974203680855,0.4816302191530203,0.0471931580947419,/wynton/home/sali/mhancock/xray/dev/38_standard_flags/data/7mhg.cif,/wynton/home/sali/mhancock/xray/dev/38_standard_flags/data/7mhh.cif,/wynton/home/sali/mhancock/xray/dev/38_standard_flags/data/7mhi.cif,/wynton/home/sali/mhancock/xray/dev/38_standard_flags/data/7mhk.cif,,,,,,0.2534383262464796,0.1884477802175604,5.084506387375832,0.5744943251423895,0.4255056748576105
48,2.0,4.0,1.0,,0.5567082945900447,,,0.2305419214107383,0.1843848940997771,5.033895109842311,,,,,,,3692.5367278561303,/wynton/group/sali/vipul/xray/matthew/multixray/sample_bench/out/vipul_2s4c_phenix_ref/12/output_231/pdbs/3_7mhg.pdb,,0.4386374306575515,0.9509071306313446,,,0.5613625693424485,0.0490928693686554,,/wynton/home/sali/mhancock/xray/dev/38_standard_flags/data/7mhg.cif,/wynton/home/sali/mhancock/xray/dev/38_standard_flags/data/7mhh.cif,/wynton/home/sali/mhancock/xray/dev/38_standard_flags/data/7mhj.cif,/wynton/home/sali/mhancock/xray/dev/38_standard_flags/data/7mhk.cif,,,,0.7779004615153263,0.2220995384846736,,,,0.8503435583224909,0.1496564416775091
49,2.0,4.0,1.0,,0.6179650872585826,,,,,,0.2449100061948578,0.1705806653621419,5.610972821468981,,,,3254.000777191513,/wynton/group/sali/vipul/xray/matthew/multixray/sample_bench/out/vipul_2s4c_phenix_ref/12/output_927/pdbs/27_7mhh.pdb,,0.1711019160914522,0.5791318519779209,,,0.8288980839085478,0.4208681480220791,,/wynton/home/sali/mhancock/xray/dev/38_standard_flags/data/7mhg.cif,/wynton/home/sali/mhancock/xray/dev/38_standard_flags/data/7mhh.cif,/wynton/home/sali/mhancock/xray/dev/38_standard_flags/data/7mhj.cif,/wynton/home/sali/mhancock/xray/dev/38_standard_flags/data/7mhk.cif,,,,0.0302254773413853,0.9697745226586146,,,,0.822812351160715,0.1771876488392849
50,2.0,4.0,1.0,,1.3804728587086348,,,,,,,,,,,,2361.589334378474,/wynton/group/sali/vipul/xray/matthew/multixray/sample_bench/out/vipul_2s4c_phenix_ref/12/output_128/pdbs/96_7mhj.pdb,,0.1024446869413853,0.9318431222408498,,,0.8975553130586146,0.0681568777591502,,/wynton/home/sali/mhancock/xray/dev/38_standard_flags/data/7mhg.cif,/wynton/home/sali/mhancock/xray/dev/38_standard_flags/data/7mhh.cif,/wynton/home/sali/mhancock/xray/dev/38_standard_flags/data/7mhj.cif,/wynton/home/sali/mhancock/xray/dev/38_standard_flags/data/7mhk.cif,0.2406158340385026,0.1753547377316884,5.162734876028143,0.515564721865036,0.484435278134964,,,,0.5093460426826744,0.4906539573173256
51,2.0,4.0,1.0,,0.5622787346702246,,,,,,,,,,,,2716.1875224790924,/wynton/group/sali/vipul/xray/matthew/multixray/sample_bench/out/vipul_2s4c_phenix_ref/12/output_286/pdbs/50_7mhk.pdb,,0.4830819237443741,0.605581131667483,,,0.5169180762556259,0.394418868332517,,/wynton/home/sali/mhancock/xray/dev/38_standard_flags/data/7mhg.cif,/wynton/home/sali/mhancock/xray/dev/38_standard_flags/data/7mhh.cif,/wynton/home/sali/mhancock/xray/dev/38_standard_flags/data/7mhj.cif,/wynton/home/sali/mhancock/xray/dev/38_standard_flags/data/7mhk.cif,,,,0.85048098130176,0.14951901869824,0.2546500747855613,0.1887589794190138,5.084287631192792,0.5934710579949569,0.406528942005043
52,2.0,4.0,1.0,,0.3671227192983075,,,0.2310743303940169,0.1846155577381994,5.035425195413825,,,,,,,3405.0841527446946,/wynton/group/sali/vipul/xray/matthew/multixray/sample_bench/out/vipul_2s4c_phenix_ref/13/output_696/pdbs/2_7mhg.pdb,,0.4280902375639293,,0.7078656434285016,,0.5719097624360708,,0.2921343565714985,/wynton/home/sali/mhancock/xray/dev/38_standard_flags/data/7mhg.cif,/wynton/home/sali/mhancock/xray/dev/38_standard_flags/data/7mhi.cif,/wynton/home/sali/mhancock/xray/dev/38_standard_flags/data/7mhj.cif,/wynton/home/sali/mhancock/xray/dev/38_standard_flags/data/7mhk.cif,,,,0.7030300429464968,0.2969699570535031,,,,0.9783603420749316,0.0216396579250684
53,2.0,4.0,1.0,,0.6357630894754398,,,,,,,,,0.22941215344295,0.1757991148300781,5.083071722061115,2843.739878258493,/wynton/group/sali/vipul/xray/matthew/multixray/sample_bench/out/vipul_2s4c_phenix_ref/13/output_66/pdbs/170_7mhi.pdb,,0.108524060369678,,0.4001089585546525,,0.8914759396303219,,0.5998910414453476,/wynton/home/sali/mhancock/xray/dev/38_standard_flags/data/7mhg.cif,/wynton/home/sali/mhancock/xray/dev/38_standard_flags/data/7mhi.cif,/wynton/home/sali/mhancock/xray/dev/38_standard_flags/data/7mhj.cif,/wynton/home/sali/mhancock/xray/dev/38_standard_flags/data/7mhk.cif,,,,0.4994224315325651,0.500577568467435,,,,0.8938023998151919,0.1061976001848081
54,2.0,4.0,1.0,,4.438495269777253,,,,,,,,,,,,2493.635320063828,/wynton/group/sali/vipul/xray/matthew/multixray/sample_bench/out/vipul_2s4c_phenix_ref/13/output_990/pdbs/235_7mhj.pdb,,0.8601460045751512,,0.3220975458938693,,0.1398539954248487,,0.6779024541061306,/wynton/home/sali/mhancock/xray/dev/38_standard_flags/data/7mhg.cif,/wynton/home/sali/mhancock/xray/dev/38_standard_flags/data/7mhi.cif,/wynton/home/sali/mhancock/xray/dev/38_standard_flags/data/7mhj.cif,/wynton/home/sali/mhancock/xray/dev/38_standard_flags/data/7mhk.cif,0.23864976285621,0.1775161513366733,5.166245303424648,0.4651136335258261,0.5348863664741739,,,,0.4477199093554911,0.5522800906445089
55,2.0,4.0,1.0,,5.736475135999417,,,,,,,,,,,,2631.993823119225,/wynton/group/sali/vipul/xray/matthew/multixray/sample_bench/out/vipul_2s4c_phenix_ref/13/output_487/pdbs/452_7mhk.pdb,,0.7195060104140928,,0.0166240871603495,,0.2804939895859071,,0.9833759128396504,/wynton/home/sali/mhancock/xray/dev/38_standard_flags/data/7mhg.cif,/wynton/home/sali/mhancock/xray/dev/38_standard_flags/data/7mhi.cif,/wynton/home/sali/mhancock/xray/dev/38_standard_flags/data/7mhj.cif,/wynton/home/sali/mhancock/xray/dev/38_standard_flags/data/7mhk.cif,,,,0.5605813672378742,0.4394186327621258,0.2529640045691346,0.1861251449586932,5.087477329503459,0.4748944281680508,0.5251055718319492
56,2.0,4.0,1.0,,2.629026867114452,,,,,,0.2468366886049163,0.1744867300686498,5.638982686957906,,,,3443.9150372218915,/wynton/group/sali/vipul/xray/matthew/multixray/sample_bench/out/vipul_2s4c_phenix_ref/14/output_637/pdbs/180_7mhh.pdb,,,0.273222063758348,0.6529354574787144,,,0.726777936241652,0.3470645425212856,/wynton/home/sali/mhancock/xray/dev/38_standard_flags/data/7mhh.cif,/wynton/home/sali/mhancock/xray/dev/38_standard_flags/data/7mhi.cif,/wynton/home/sali/mhancock/xray/dev/38_standard_flags/data/7mhj.cif,/wynton/home/sali/mhancock/xray/dev/38_standard_flags/data/7mhk.cif,,,,0.7010993717977806,0.2989006282022194,,,,0.1786091400848045,0.8213908599151954
57,2.0,4.0,1.0,,0.7089210096865897,,,,,,,,,0.2355538201533668,0.1783981612476919,5.096765881321718,2927.457664474239,/wynton/group/sali/vipul/xray/matthew/multixray/sample_bench/out/vipul_2s4c_phenix_ref/14/output_269/pdbs/7_7mhi.pdb,,,0.8023970462254958,0.5211918244591277,,,0.1976029537745042,0.4788081755408723,/wynton/home/sali/mhancock/xray/dev/38_standard_flags/data/7mhh.cif,/wynton/home/sali/mhancock/xray/dev/38_standard_flags/data/7mhi.cif,/wynton/home/sali/mhancock/xray/dev/38_standard_flags/data/7mhj.cif,/wynton/home/sali/mhancock/xray/dev/38_standard_flags/data/7mhk.cif,,,,0.5009488668230639,0.499051133176936,,,,0.0504101483961978,0.9495898516038022
58,2.0,4.0,1.0,,2.9704669002016484,,,,,,,,,,,,2675.4089478604405,/wynton/group/sali/vipul/xray/matthew/multixray/sample_bench/out/vipul_2s4c_phenix_ref/14/output_472/pdbs/150_7mhj.pdb,,,0.1374750803348646,0.540408231031598,,,0.8625249196651353,0.4595917689684021,/wynton/home/sali/mhancock/xray/dev/38_standard_flags/data/7mhh.cif,/wynton/home/sali/mhancock/xray/dev/38_standard_flags/data/7mhi.cif,/wynton/home/sali/mhancock/xray/dev/38_standard_flags/data/7mhj.cif,/wynton/home/sali/mhancock/xray/dev/38_standard_flags/data/7mhk.cif,0.2428383861509889,0.1820243940726731,5.181680463983716,0.3153406467045669,0.6846593532954331,,,,0.5748991032917568,0.4251008967082432
59,2.0,4.0,1.0,,0.6622821377231431,,,,,,,,,,,,2863.12495573296,/wynton/group/sali/vipul/xray/matthew/multixray/sample_bench/out/vipul_2s4c_phenix_ref/14/output_521/pdbs/11_7mhk.pdb,,,0.3979521571675702,0.5125731067793582,,,0.6020478428324298,0.4874268932206418,/wynton/home/sali/mhancock/xray/dev/38_standard_flags/data/7mhh.cif,/wynton/home/sali/mhancock/xray/dev/38_standard_flags/data/7mhi.cif,/wynton/home/sali/mhancock/xray/dev/38_standard_flags/data/7mhj.cif,/wynton/home/sali/mhancock/xray/dev/38_standard_flags/data/7mhk.cif,,,,0.3212713905076877,0.6787286094923123,0.2532471498037449,0.1890748085456259,5.090891421869506,0.4178113086663187,0.5821886913336812
