,N,J,w_xray,r_free_native_5_0,rmsd,r_work_native_5_0,xray_native_5_0,r_free_native_5_1,r_work_native_5_1,xray_native_5_1,ff,pdb,w_0_native_5_0,w_0_native_5_1,w_1_native_5_0,w_1_native_5_1,cif_0,cif_1
0,2.0,2.0,1.0,0.1280585679043464,0.0916000825046313,0.1095863879140487,4.446929228579347,0.1511109363333953,0.117752766595057,4.531079566987282,18546.712495348336,/wynton/group/sali/mhancock/xray/sample_bench/out/277_native_5_ref/0/output_96/pdbs/177.pdb,0.8028060963323188,0.360693696030562,0.1971939036676811,0.639306303969438,/wynton/home/sali/mhancock/xray/dev/45_synthetic_native_4/data/cifs/native_5_0.cif,/wynton/home/sali/mhancock/xray/dev/45_synthetic_native_4/data/cifs/native_5_1.cif
1,2.0,2.0,1.0,0.1740822154310957,0.1133508749434933,0.1394516555403866,4.719086918786778,0.1372192536767591,0.1125278308239804,4.459466807738526,20123.95275403177,/wynton/group/sali/mhancock/xray/sample_bench/out/277_native_5_ref/0/output_289/pdbs/425.pdb,0.9476024095491636,0.4145864999075276,0.0523975904508364,0.5854135000924723,/wynton/home/sali/mhancock/xray/dev/45_synthetic_native_4/data/cifs/native_5_0.cif,/wynton/home/sali/mhancock/xray/dev/45_synthetic_native_4/data/cifs/native_5_1.cif
2,2.0,2.0,0.5,0.1195415430204251,0.0663967563986581,0.1029808562638961,4.34369940739002,0.1459256482781412,0.1159420548718476,4.509947228737345,10897.60838616413,/wynton/group/sali/mhancock/xray/sample_bench/out/277_native_5_ref/1/output_975/pdbs/338.pdb,0.7905659632420762,0.3010266527514197,0.2094340367579238,0.6989733472485803,/wynton/home/sali/mhancock/xray/dev/45_synthetic_native_4/data/cifs/native_5_0.cif,/wynton/home/sali/mhancock/xray/dev/45_synthetic_native_4/data/cifs/native_5_1.cif
3,2.0,2.0,0.5,0.1562864655130067,0.0808701846863405,0.1214269965275347,4.598710512225838,0.1187396914910712,0.0979080487741582,4.302237051067666,12925.093707755912,/wynton/group/sali/mhancock/xray/sample_bench/out/277_native_5_ref/1/output_693/pdbs/365.pdb,0.8182230832093499,0.3351084831179841,0.18177691679065,0.6648915168820159,/wynton/home/sali/mhancock/xray/dev/45_synthetic_native_4/data/cifs/native_5_0.cif,/wynton/home/sali/mhancock/xray/dev/45_synthetic_native_4/data/cifs/native_5_1.cif
4,2.0,2.0,0.25,0.1145169365617134,0.0557066804365723,0.0968052777280407,4.2719472441362125,0.1511218178097342,0.1088677715616613,4.46937790825205,12295.470495710517,/wynton/group/sali/mhancock/xray/sample_bench/out/277_native_5_ref/2/output_970/pdbs/477.pdb,0.8521982243294562,0.205731615935613,0.1478017756705437,0.794268384064387,/wynton/home/sali/mhancock/xray/dev/45_synthetic_native_4/data/cifs/native_5_0.cif,/wynton/home/sali/mhancock/xray/dev/45_synthetic_native_4/data/cifs/native_5_1.cif
5,2.0,2.0,0.25,0.130137239223375,0.1035111103638122,0.1022099741966894,4.454613462783788,0.1053001119649056,0.088653797156502,4.217669301728932,11755.224507276362,/wynton/group/sali/mhancock/xray/sample_bench/out/277_native_5_ref/2/output_467/pdbs/458.pdb,0.9417216235405697,0.1408242705875744,0.0582783764594304,0.8591757294124255,/wynton/home/sali/mhancock/xray/dev/45_synthetic_native_4/data/cifs/native_5_0.cif,/wynton/home/sali/mhancock/xray/dev/45_synthetic_native_4/data/cifs/native_5_1.cif
6,2.0,1.0,1.0,0.1381893417878637,0.0809045591446769,0.1106826582754001,4.422068056202825,,,,12363.573646808063,/wynton/group/sali/mhancock/xray/sample_bench/out/277_native_5_ref/3/output_885/pdbs/494.pdb,0.5294089834285667,,0.4705910165714334,,/wynton/home/sali/mhancock/xray/dev/45_synthetic_native_4/data/cifs/native_5_0.cif,
7,2.0,1.0,0.5,0.1364166756447721,0.1345328564527199,0.108724090683598,4.421234701678581,,,,13030.386071030429,/wynton/group/sali/mhancock/xray/sample_bench/out/277_native_5_ref/4/output_804/pdbs/349.pdb,0.4502715955261491,,0.5497284044738509,,/wynton/home/sali/mhancock/xray/dev/45_synthetic_native_4/data/cifs/native_5_0.cif,
8,2.0,1.0,0.25,0.1441608440002744,0.1620652120763695,0.1138447809948711,4.477935627031839,,,,12944.909400187882,/wynton/group/sali/mhancock/xray/sample_bench/out/277_native_5_ref/5/output_341/pdbs/179.pdb,0.4753391665941516,,0.5246608334058483,,/wynton/home/sali/mhancock/xray/dev/45_synthetic_native_4/data/cifs/native_5_0.cif,
9,2.0,1.0,1.0,,0.0797720507158822,,,0.1368494728742658,0.1032798277480306,4.419616210087543,11292.14661513487,/wynton/group/sali/mhancock/xray/sample_bench/out/277_native_5_ref/6/output_593/pdbs/200.pdb,,0.5571237397052953,,0.4428762602947047,/wynton/home/sali/mhancock/xray/dev/45_synthetic_native_4/data/cifs/native_5_1.cif,
10,2.0,1.0,0.5,,0.0808552097926138,,,0.1345559383215381,0.1023282973212005,4.361857741388021,14697.317011351548,/wynton/group/sali/mhancock/xray/sample_bench/out/277_native_5_ref/7/output_644/pdbs/478.pdb,,0.4880737585727568,,0.5119262414272431,/wynton/home/sali/mhancock/xray/dev/45_synthetic_native_4/data/cifs/native_5_1.cif,
11,2.0,1.0,0.25,,0.2188789188701,,,0.142115180070972,0.1106961410176003,4.46607610291549,18931.217511394265,/wynton/group/sali/mhancock/xray/sample_bench/out/277_native_5_ref/8/output_510/pdbs/309.pdb,,0.475402473949276,,0.524597526050724,/wynton/home/sali/mhancock/xray/dev/45_synthetic_native_4/data/cifs/native_5_1.cif,
