,n,xray_0_mean,xray_0_std,rmsd_avg_0_mean,rmsd_avg_0_std
1,,4.837125473855424,0.001202644854330996,0.13300420816346553,0.003764845728284537
2,,4.836461717012648,0.0011380774065240205,0.13321120113430115,0.003775503668921065
3,,4.836083683355356,0.0011005602273647995,0.13339949129874007,0.003665660560440199
4,,4.835849739081234,0.0010727082880554815,0.13342974388788748,0.003660783255333762
5,,4.83567742815496,0.0010643827222166866,0.13347734388893528,0.0037332940772496722
6,,4.835506226069812,0.0010532032319834686,0.13329547730247296,0.003741718775136863
7,,4.835344174382886,0.001039954919780934,0.1333705540009575,0.003717046643136843
8,,4.835227480307434,0.001025787617898696,0.13351973236942996,0.003721963995866167
9,,4.835108222897255,0.001026549442931338,0.13343748368052927,0.0036573918813197787
10,,4.8350089844213295,0.0010443101316653682,0.13347794539458355,0.0036313649640854133
11,,4.834938984299794,0.00104337090871966,0.13343493700656517,0.003530747564744502
12,,4.834877188432134,0.001035274491464781,0.13346436013265275,0.00359340268502892
13,,4.834809450870323,0.0010287349983088394,0.13347352300489665,0.0036401127059854507
14,,4.834732127201276,0.001035889611367533,0.1334931290953694,0.003642276724507077
15,,4.834671498343707,0.0010390723146727853,0.13346977674342475,0.003647350827131771
16,,4.834607313504252,0.0010460310952703899,0.13348963993997215,0.0036887694814136695
17,,4.834568827088463,0.001032668906840659,0.13343949175733474,0.0036918671557425835
18,,4.834519375066641,0.0010336857693080787,0.13350164464934258,0.0036458791456982498
19,,4.834476886294945,0.0010289307416274482,0.13348123910424603,0.0036998196090144504
20,,4.834427178906966,0.0010230828092305526,0.13346595568269867,0.003680122378782162
21,,4.834382005859357,0.001016083418497275,0.13346430452810376,0.00365951090120587
22,,4.834342381107928,0.0010067123898464118,0.13345345869489778,0.003683176808589407
23,,4.8343145028256185,0.0010064392098102861,0.13342693555180588,0.003681362756958802
24,,4.83428020118863,0.00101154921530773,0.13347268146019267,0.0036854414103747804
25,,4.8342423981316704,0.0010135212451649,0.13345828294747342,0.0036422444508850435
26,,4.834218247359692,0.0010043708434759973,0.13346917686434231,0.0036227542420053825
27,,4.834191600815648,0.0010048385393865195,0.13349512921691917,0.0036141247316574658
28,,4.834164506122979,0.0010071584545533155,0.1334667133451356,0.0036240481341051
29,,4.8341351911237505,0.0009992518586913967,0.133432129352857,0.003578533715933178
30,,4.834115627220993,0.0009939769623174527,0.13340843357899307,0.0035747454733927354
31,,4.834099173366815,0.0009843074817884251,0.13339352220943015,0.0035462464139062633
32,,4.834078752742463,0.0009761786906818092,0.13342040870347296,0.003546288653627369
33,,4.834059062386308,0.0009762332254437814,0.13341747343535695,0.003525925378632931
34,,4.834043242456412,0.0009735927475408116,0.13341807269551784,0.0035184815921978784
35,,4.834010922865799,0.0009849304733672603,0.13345277183336524,0.0035038757314582833
36,,4.833990530714766,0.0009839659892818284,0.13346403406847762,0.003536416159175399
37,,4.8339748628447445,0.0009781872718813641,0.13345486943674817,0.0035160464305164837
38,,4.8339465569953495,0.0009841270041870598,0.1334035075847604,0.0035551782585226573
39,,4.833923247410638,0.000985169958622363,0.13339197612637202,0.003559873861723434
40,,4.833892812587944,0.0009856830899803398,0.13333501318671334,0.003542593049865489
41,,4.833875674889551,0.0009862109087869805,0.1333400179384591,0.0035335225890851694
42,,4.833857425837157,0.000987734745204586,0.13332442087700416,0.003535558234048162
43,,4.83384260130892,0.0009916959315773555,0.1333787587384571,0.003549725867986164
44,,4.8338288401766185,0.0009853627533790682,0.1333999124692974,0.0035537386770435526
45,,4.833809512627733,0.0009946921538763465,0.1333528424046575,0.0035561757420338965
46,,4.833789306786112,0.0009909747583410373,0.13335371929409723,0.003519399075482483
47,,4.833772377070826,0.0009851217490021828,0.13336144841899092,0.0034852084498638845
48,,4.83375458584377,0.0009838922693037315,0.13335064174449515,0.0034808111219474195
49,,4.833815450093666,0.0009323515597541725,0.13330396823435792,0.003248765581465143
50,,4.833800102265541,0.0009243827972444725,0.13329278322081975,0.003307924273770642
51,,4.833781778244421,0.0009237637587901042,0.13330826593309347,0.0033322287664482478
52,,4.833756699342741,0.0009273743141181302,0.13333429840019126,0.0033088288673047777
53,,4.833747898347544,0.0009225806580565071,0.13331002619636662,0.003338070545007779
54,,4.8337189554918485,0.0009211051726401673,0.13328651088582222,0.003354092444437427
55,,4.8337049540105745,0.0009185520448832971,0.13328715056027937,0.0033849773556523226
56,,4.833685898377777,0.0009099472198430062,0.13326439703733428,0.003409030896997351
57,,4.833672769270645,0.000909452933142242,0.13324850841793143,0.00338264316023014
58,,4.833659355669885,0.0009079815816219211,0.1332512808174643,0.0033593248536004177
59,,4.83364049722937,0.0009063635743418572,0.13327301408397266,0.003370842029311597
60,,4.8336275541253935,0.0009005639614295261,0.133298201022677,0.003362962616194259
61,,4.833616331292357,0.0009003939807720204,0.13328550961285807,0.0033774916190012104
62,,4.8335972248950245,0.0009041332990783963,0.13327215122263414,0.003389969730590965
63,,4.833584879579767,0.0009054547769443643,0.13326302451983835,0.0033814184676764546
64,,4.8335784963056465,0.0009028105095158143,0.13324889935096004,0.003380240430191776
65,,4.833569016846172,0.0009038902965925162,0.13328742573891103,0.003377234321561415
66,,4.833562787551636,0.0009023514776096703,0.13327501614945242,0.0033699384901911713
67,,4.833550080637772,0.0008995829058107888,0.13328877828328892,0.003375182251922897
68,,4.8335333754783205,0.0009044621201734083,0.1332686691826321,0.003358367143130669
69,,4.833520892276359,0.0009009968336671601,0.1332476183528726,0.0033726139173553835
70,,4.833504441521068,0.0009019794034494104,0.13322082636627644,0.0033693022620022166
71,,4.83349965002991,0.000898895628453982,0.1332160057181869,0.0033622328127132723
72,,4.833496488402477,0.0008981687355995472,0.13320023137215065,0.0033466843333907936
73,,4.833476828021063,0.0009014155752798191,0.13320941418802895,0.003356384285470035
74,,4.833458839564114,0.0009014393886184137,0.13322684876208513,0.0033335403962674952
75,,4.8334525621689854,0.0008977194609325836,0.1332401718108819,0.003327134263834687
76,,4.833445772291968,0.0008945854615765106,0.13325474413996938,0.003314590040015088
77,,4.833436575025517,0.0008960307594797096,0.1332434447759393,0.0033161485736567685
78,,4.833431345298004,0.0008945167391538267,0.1332195485120902,0.003331963154144385
79,,4.833419997449137,0.0008905154797504838,0.1331879442600003,0.003296425096001476
80,,4.83341537352668,0.0008886605679183314,0.1331665151673396,0.003283184050163918
81,,4.833407858319858,0.0008873617308324742,0.1331698422237355,0.0032910302385127364
82,,4.833400856707081,0.0008822555377051549,0.13316510819342758,0.0032915030887643
83,,4.8333880065495975,0.0008883210060856169,0.13317154314928142,0.003292026966253161
84,,4.8333823705522265,0.0008839353084165931,0.13318045978717144,0.003291926187901068
85,,4.83337640968365,0.0008815926480268743,0.13318184177687728,0.003281206572891016
86,,4.833370319024934,0.0008785965568999423,0.1331795471706597,0.0032894895417245103
87,,4.833361235564899,0.0008822052045302304,0.13317875816405816,0.003305323396079742
88,,4.833353181124658,0.0008797456531986188,0.1331749129043144,0.003305178489000026
89,,4.83334923441456,0.0008777739595141228,0.1331407079625902,0.0033017891036703742
90,,4.833338759556301,0.0008753086821149403,0.1331435694524042,0.0033075277161675005
91,,4.833332082298552,0.000870599994618381,0.1331196374600319,0.0033239531312554246
92,,4.833317620439189,0.0008805916493617305,0.13311450631725355,0.0033338137391658767
93,,4.8333098241321055,0.0008806687742539528,0.1331215635804372,0.0033261381464160457
94,,4.833305580872352,0.0008817345234204822,0.13311648188852634,0.003332308356695583
95,,4.8332926795893085,0.0008861089820180984,0.13311174985815769,0.0033417765599117657
96,,4.833285883897563,0.0008882480170583437,0.13309464466528342,0.0033294177698055196
97,,4.833212078890972,0.0009274922343360777,0.13315173925010895,0.00316632233436422
98,,4.833204403334625,0.0009238125730760302,0.13313403158180373,0.0031710195889959407
99,,4.833199966704805,0.0009257081189526863,0.13310816390193617,0.0031785552957912175
100,,4.833197665930826,0.0009256843662522087,0.13311059814220894,0.003188680769293322
101,,4.833185966626702,0.000920629192855181,0.13311957853181539,0.0031890392034984467
102,,4.833177865955706,0.0009233467493402844,0.13312428191798498,0.0031972139228601593
103,,4.833170007386023,0.0009235256099631887,0.13310131175322656,0.0032121053620324837
104,,4.833152324747123,0.0009240993745007662,0.13312174318832476,0.0031945631821586737
105,,4.833145488827451,0.0009270005635458189,0.13311027874653295,0.00319573096816552
106,,4.833139676489265,0.0009216422317443106,0.13310627259801996,0.0032235355086895705
107,,4.833135892069675,0.0009202176230061482,0.13310050070922236,0.00322643590657904
108,,4.833129357670603,0.0009160462149801179,0.13307437831386068,0.0032905118784235933
109,,4.83312399483415,0.0009146680586704723,0.13306115660816617,0.0033046254706070037
110,,4.8331165926901765,0.0009152241389811493,0.1330751007419551,0.0033118781367935833
111,,4.833104549623071,0.0009166941468863282,0.1330934123295211,0.0032657420001751566
112,,4.8330957379363575,0.0009141033202308767,0.13310819812464494,0.003250274070791095
113,,4.833089808285663,0.0009147009124004025,0.13310114982983884,0.003255087585471163
114,,4.833084412761277,0.0009186302396419718,0.133104728746263,0.0032546041625094824
115,,4.833082282407857,0.0009176606909409176,0.1331042283501354,0.003250883252320102
116,,4.8330711352001074,0.0009186955730532307,0.13310269118439721,0.003260715888400841
117,,4.83306154677033,0.0009211278119676092,0.13308959417382998,0.0032497914397299934
118,,4.833053063504399,0.0009252523369310445,0.133095866779397,0.003245987033871234
119,,4.833046474428268,0.0009242627084147565,0.13310160088949272,0.003232107933041899
120,,4.833043023841976,0.0009252284484969174,0.13312163200823054,0.003230514224374651
121,,4.833038489033038,0.0009262612806672267,0.13311308171280903,0.0032331152110402755
122,,4.833031490942098,0.000925161142253942,0.13309278501950803,0.003220363330873593
123,,4.833025077649315,0.0009244088748775715,0.13309040943974476,0.0031972341040902063
124,,4.8330152602521075,0.0009250070115626911,0.1330944125390518,0.0031944293976368817
125,,4.833013474826682,0.0009241575863115164,0.13309200318618192,0.003194400343348531
126,,4.833007653749725,0.0009241714018936502,0.13309746029706873,0.0031997122838823906
127,,4.8330064470552445,0.000923404952147766,0.13308115088474448,0.0032215134860889135
128,,4.832995025272831,0.0009195586544605276,0.1330737973221351,0.0032353195364299174
129,,4.832991893833448,0.0009176627086713439,0.13305625698390192,0.0032373975742746833
130,,4.832989598640403,0.0009154363522427957,0.13304740880728327,0.0032505463949280273
131,,4.8329864699458325,0.0009134202873850301,0.1330318152310293,0.00324159294887772
132,,4.832982109047826,0.0009098758612933435,0.13303441184455325,0.0032329153175588107
133,,4.832977247405427,0.0009103935290161046,0.13303816947999972,0.003231148853900861
134,,4.83296848718303,0.0009106022684847887,0.13303202210869897,0.003223861202548454
135,,4.832966349821794,0.0009091579691983395,0.133010813951525,0.00321381398807354
136,,4.832963944059011,0.000907461116428346,0.13299920626367284,0.0032232622066966725
137,,4.832958513845604,0.0009066292462613369,0.13300060392384136,0.0032357210460789787
138,,4.832955419205895,0.0009048247011621266,0.1329988787953933,0.0032076857147881675
139,,4.8329516640632955,0.0009056935657696464,0.1329870922912756,0.003200001524588241
140,,4.832947346466435,0.0009034340190766589,0.13296584537104805,0.003189555469133381
141,,4.832943050249363,0.0009042639289590958,0.13297050307702035,0.003176746308274557
142,,4.832940667693364,0.0009033261341341779,0.13295934896459422,0.0031690642859184587
143,,4.832938088368226,0.0009016215233742818,0.13297634614100737,0.003142682386692441
144,,4.8329343948258865,0.0008987213661484834,0.13295121211894312,0.003136656103441095
145,,4.832965261843638,0.0008830545179611185,0.13295232256843617,0.003059324505748758
146,,4.832959073567779,0.0008813183622249782,0.13294539710109665,0.003052805795815239
147,,4.8329529695949125,0.0008776055144505853,0.13291787896644175,0.0030450678665467786
148,,4.832950632719185,0.0008765668773281995,0.13291487044942335,0.0030411875434875934
149,,4.83294716751221,0.0008742139307106241,0.13291893718588202,0.003021553974239881
150,,4.832942579086597,0.0008740038036103529,0.13293733554380172,0.0030063546578475565
151,,4.832933372992431,0.0008758550833900586,0.13294395346749296,0.002972970227009033
152,,4.832931012521265,0.0008737750700148718,0.13293303303586748,0.002957162936218309
153,,4.832919362375649,0.0008800639977594752,0.13293334994438735,0.002943758871596976
154,,4.832918008079112,0.0008784241785894474,0.13293142490403437,0.0029428497460183166
155,,4.832912338860764,0.000881200945013155,0.13292534957659388,0.002959169667215317
156,,4.832908954115189,0.0008828468614461009,0.1329201127034579,0.0029617593219340315
157,,4.832905969468736,0.0008831988232905595,0.13292942220492032,0.00296174744684498
158,,4.8329039244220775,0.0008850833149813592,0.13292601694984904,0.002964853417976691
159,,4.8329010277108235,0.0008830456043227201,0.132923448415193,0.0029462549590706117
160,,4.83289312808554,0.000880406556417767,0.13288888156461998,0.0029289931706376407
161,,4.832889353928825,0.0008811632354792079,0.1329002910393231,0.0029129583915915784
162,,4.83288556258217,0.0008814397396804568,0.13291661883733225,0.002924305737490431
163,,4.83288479340205,0.000880921842641473,0.13292587165041075,0.002909613017456195
164,,4.832878358199605,0.0008827780640522494,0.13293135861437494,0.0029065018532472746
165,,4.832870654572943,0.0008858498115347442,0.13296085773803054,0.0028887688281411723
166,,4.832866274152741,0.0008890294655839943,0.13296160533954007,0.0028865534537732946
167,,4.832863709219071,0.000887534581701353,0.13298146122097454,0.002857154938079822
168,,4.832860843980602,0.0008856280094378381,0.13296622144089873,0.0028707056410887067
169,,4.832858383179633,0.0008845985407298225,0.1329682300328762,0.0028701563796135906
170,,4.832853977954089,0.0008879108809930868,0.13296769833910546,0.002869007949318002
171,,4.8328534675542265,0.0008876334917783385,0.13296379028496247,0.0028557390568966882
172,,4.832850907700596,0.0008889922720910314,0.13295786391555153,0.0028453350450152945
173,,4.83284461330635,0.000890944277527766,0.13295920939808048,0.002841814371352218
174,,4.832836879918243,0.0008947075880509,0.13297459826328603,0.0028340970235608983
175,,4.8328335973574035,0.0008959798571730061,0.13295441954249082,0.0028141093460561373
176,,4.832831460528251,0.0008950095655287946,0.1329527121383815,0.0028001723102620657
177,,4.832827906536173,0.0008916326965461214,0.13295448429641107,0.0027671427459267112
178,,4.832819717749081,0.000892639744577695,0.13296389117664378,0.002749169064610682
179,,4.832811733627566,0.0008967792956719432,0.13297980016132604,0.0027313114594615696
180,,4.832809676895887,0.0008945351381081967,0.1329620252876301,0.0027239670484561383
181,,4.832807579416518,0.0008934836247524558,0.13296305278321047,0.002722864429104657
182,,4.8328036213247,0.0008934326014659127,0.13296617306686437,0.0027245398632303125
183,,4.832798926256025,0.0008966450459738772,0.13296634475439487,0.0027265859578348385
184,,4.832787090961595,0.0008924862615619763,0.1329652384430503,0.0027406726055801624
185,,4.832781655799752,0.000894447065493637,0.1329650416526358,0.002738241253413772
186,,4.8327781099232086,0.0008912999607504697,0.1329633845209469,0.002737563750011605
187,,4.832771537839388,0.0008959046817284894,0.1329557631239744,0.0027265245366423
188,,4.832765945728245,0.0008979446305490497,0.13295139605882916,0.002729157441812719
189,,4.8327633101657375,0.0008967554032655371,0.13294288704668492,0.0027292599719388
190,,4.832762681256731,0.0008966652071645247,0.13294277412626343,0.002729343082301614
191,,4.832757516591198,0.0008964351089934806,0.13293767122070735,0.0027287430029466794
192,,4.832747556729407,0.0008972888747913003,0.13296195694584045,0.0027220129100700243
193,,4.832725326455528,0.0008930120283116708,0.1330598278980009,0.0028092419076948217
194,,4.8327173083704835,0.000892794275638233,0.13304334738613174,0.0028071042675101112
195,,4.832714431791865,0.0008929506619557515,0.133037951585636,0.002810352147457509
196,,4.832705604314203,0.0008954290981612852,0.13303803538616618,0.002801243876685489
197,,4.832701526051197,0.0008955635226237746,0.13302734644472344,0.002775405758144876
198,,4.832693117061637,0.0008942464257813286,0.13302134317287553,0.0027523813043038767
199,,4.832688047657476,0.0008964460055510616,0.13300466328037908,0.002745533204687583
200,,4.832684380650256,0.0008966834249241305,0.1330030683283056,0.0027302260625460114
201,,4.83268427769187,0.000896480098543633,0.13300454952985752,0.0027309829685130617
202,,4.832677840180319,0.0008972412613867563,0.13300960521879798,0.002726448750824424
203,,4.832674426734223,0.0008970354504257439,0.1330076987743306,0.00273061306781918
204,,4.832671699621064,0.000898240155744555,0.13299970260102645,0.002714367083970785
205,,4.832668928317296,0.0008959574788252578,0.13301820497955197,0.0026880854214145866
206,,4.832662456747822,0.0008992234808799516,0.13303397221479568,0.002699450107630336
207,,4.832657426861946,0.0008979368715924671,0.13302925885688086,0.00269941018350685
208,,4.8326534628748306,0.0009001903604173261,0.13302955113805073,0.00270090230002809
209,,4.83265181130877,0.0008991834628796893,0.1330190676318217,0.0026918301705359166
210,,4.832646717380119,0.0008977859203281276,0.13300371675155515,0.0027092684947896436
211,,4.8326456679278635,0.0008972460795520801,0.13300859454535816,0.002697253570409272
212,,4.832643388165054,0.0008953690316696333,0.13300364073414134,0.0026965256830762062
213,,4.832640067821582,0.0008921114387252719,0.1330144964475679,0.002689797868408429
214,,4.832639584396102,0.0008919887374733607,0.13300635078131948,0.0026932870253557847
215,,4.832631777910718,0.000897245691403978,0.1330192033475148,0.00268861115602387
216,,4.832628120842775,0.0008997029681673619,0.13301407976878232,0.002677845146334104
217,,4.832619387779905,0.0009017666153261707,0.13303658932438933,0.002668579754763555
218,,4.8326110483611195,0.0009016279752565938,0.13303865476388194,0.0026662827746943836
219,,4.832608622933633,0.000902616686217601,0.1330272282938547,0.002656683922825026
220,,4.832606669445883,0.000903766179457074,0.13303434513271695,0.0026527466652253888
221,,4.832602701417221,0.0009028328308119909,0.1330294622825292,0.002635840191603838
222,,4.832601784264578,0.0009021815067720124,0.13303146878036398,0.002634037424884982
223,,4.832592169206575,0.0009054505394166936,0.133030422230601,0.002634617184301446
224,,4.8325883162173096,0.0009074603172758079,0.13302709766133244,0.0026183174089674955
225,,4.8325853453675,0.0009079437299779481,0.13303347924868217,0.0026089330290068524
226,,4.832585146748869,0.0009077227999009539,0.1330267843100488,0.0025951437463536038
227,,4.832583503439547,0.0009060693981240719,0.13302888475522479,0.0026079215468806987
228,,4.832580162831412,0.0009057172059336476,0.13301952328627323,0.0025963894073818584
229,,4.8325795601950245,0.0009055185040868616,0.1330158574269327,0.0025968230789055187
230,,4.83257702651329,0.0009064939139416841,0.13300728256493588,0.0026001332961432303
231,,4.832575118792114,0.0009043257887439487,0.1330008894200298,0.0026276275321614993
232,,4.832568639949691,0.0009046353842039619,0.1329801075783291,0.002644221051317741
233,,4.832567333348783,0.000903582148581655,0.13296875747675646,0.002649158423613385
234,,4.832566292819699,0.0009027476133547535,0.13296068848924952,0.002658132496394322
235,,4.832565933244934,0.0009023038426997931,0.13295584393111756,0.0026470042067645075
236,,4.832562598900859,0.0009024736057071259,0.13296305088044125,0.002629616495618504
237,,4.832559647319334,0.0009032910711481945,0.13295512270832724,0.0026293644726886963
238,,4.832556761461761,0.0009018902679081806,0.13294389877916296,0.002627401172159105
239,,4.832556647460451,0.000901813817614239,0.132945402526748,0.0026281973509266346
240,,4.832552287427335,0.000900791564405634,0.13294758961678924,0.002628122354668268
241,,4.832540758526926,0.0009105455744753602,0.13311359896337108,0.002722772388055861
242,,4.832537470366374,0.0009106001034307544,0.13310741544722,0.002693549190904385
243,,4.832532961568787,0.000909909962152682,0.13310343175651443,0.002692929269755093
244,,4.832530724476366,0.0009109245663695869,0.13310405539183504,0.002691817626484714
245,,4.8325300831257385,0.0009106658446576666,0.13310134887429964,0.002692694106445737
246,,4.832526746045385,0.0009129845038205034,0.133106389191121,0.0026926552975463343
247,,4.83252062357546,0.0009130604579789584,0.13310919341396876,0.0026782449669314696
248,,4.832517283790708,0.0009100548153967271,0.13310350327643747,0.0026772734345738513
249,,4.832515258220898,0.0009109746362865322,0.13310670850166756,0.0026757908772687745
250,,4.8325131637669205,0.0009084241064194696,0.13310213724891062,0.002677178796500291
251,,4.832510878476795,0.0009067077266388916,0.133092290569791,0.002660157011711608
252,,4.832508038028906,0.0009061592693105478,0.13310044641659358,0.0026592852124056794
253,,4.832502470369613,0.0009068311251891794,0.13310210867426595,0.0026574083831399455
254,,4.832500155216506,0.0009074341148640391,0.1331068906061887,0.0026575799080435533
255,,4.832495834976952,0.0009063060703742127,0.13314016598305686,0.0026474535663866057
256,,4.832494113253431,0.0009049917628770623,0.13314104702838317,0.0026430004350304786
257,,4.832488877104258,0.0009055911790149815,0.13315874992233503,0.0026255655774106972
258,,4.832486841225214,0.0009035178199794635,0.13318510465285816,0.002615511813744321
259,,4.832484192288478,0.0009034120238549352,0.13318999340635923,0.0026121832332996735
260,,4.832477518512453,0.0009028475686847101,0.13319024414372616,0.0026045171114107255
261,,4.832477518512453,0.0009028475686847101,0.13319024414372616,0.0026045171114107255
262,,4.832473906722726,0.000902288084878098,0.13318776113481576,0.0026061896033010325
263,,4.832471255219872,0.0009024833796363008,0.13318588214203414,0.002609840536935877
264,,4.832470858721987,0.0009020544881022638,0.13319085316832083,0.0026207636290706045
265,,4.832467301634769,0.0009017680934655621,0.1331869780706505,0.0026200124843478987
266,,4.832467083203147,0.0009016155641464994,0.13318490716524384,0.0026225649974138047
267,,4.832460780510463,0.0009006150103922781,0.13317138439062473,0.002645574259678115
268,,4.832459425633505,0.0008998401335961337,0.13316036626644953,0.002632710887653207
269,,4.8324533612464515,0.0008998872105733364,0.133153362645017,0.002620574702998295
270,,4.832451676261257,0.0008984593948555713,0.13316555831110594,0.0026295366473077005
271,,4.832451338618728,0.0008982392515319783,0.1331679672126072,0.002628646227993044
272,,4.8324488629912565,0.0008987960323089502,0.1331678977270261,0.0026286862867511804
273,,4.83244337409496,0.0009015948678622719,0.13317660619279803,0.0026280301754239453
274,,4.832440112338458,0.0009033939104172495,0.13319737648720623,0.002609968953278038
275,,4.832437335403477,0.0009035112359268765,0.13318254011834238,0.002598498014191109
276,,4.832433650975252,0.0009029698319783942,0.13318956237205345,0.002580128757511433
277,,4.832431160494175,0.0009032730221414172,0.1331847106806761,0.0025831919537741455
278,,4.832429228674152,0.0009038594338729987,0.13318958656094584,0.002568303955126011
279,,4.832428610822527,0.0009032606526638405,0.1331869409953137,0.002570756968451308
280,,4.832428585939286,0.0009032390635131433,0.1331817538010859,0.0025725663645073085
281,,4.832426524102146,0.0009014462513995351,0.13317252433063798,0.002575054336740267
282,,4.832425170602706,0.0009001667150505822,0.13316600888012925,0.002579944859533278
283,,4.832423001135544,0.0009008848407098425,0.13317005949128885,0.002576170811292701
284,,4.83241661806911,0.000900110027889658,0.1331806681758303,0.002584133614969145
285,,4.832415305071177,0.0008993955502730273,0.13316741862141623,0.002572959358233265
286,,4.832411967990826,0.0009013183301473026,0.13317245893823756,0.002572789310208149
287,,4.83241179114407,0.0009011735551917664,0.13317710068871638,0.0025729205554832686
288,,4.832424644158689,0.0008888826494384558,0.13303689909027838,0.0024050356172665103
289,,4.832408870813855,0.0009008687311048431,0.1331783017087078,0.0025733786525689102
290,,4.8324178748322675,0.0008885676469368722,0.1330339517675455,0.0024178393806499835
291,,4.83241467118831,0.0008887438381646402,0.13303687138394593,0.002415879134613963
292,,4.83241193057888,0.0008862142032895983,0.13304100366647775,0.0024298283741607685
293,,4.8324087255506845,0.0008860761946448405,0.1330387970405536,0.002431010881232778
294,,4.832404358104845,0.0008849284833279095,0.13302636875914853,0.0024251765840708917
295,,4.832404066838366,0.0008848236241384671,0.13302384693722583,0.002426098356228772
296,,4.832402133454044,0.0008856582921263269,0.13302958599158304,0.0024231690024499697
297,,4.832402090715745,0.0008856184650694918,0.13301915587512578,0.0024094372077046724
298,,4.832400965255706,0.0008841874128203527,0.13302590731281375,0.0023946512037835124
299,,4.832397011711686,0.0008856482402522201,0.13302123797148144,0.002379173325384502
300,,4.832393537090894,0.0008847848482177079,0.13301838527553508,0.0023764616465404274
301,,4.832390004375611,0.0008840360553861384,0.13301021113415126,0.0023773387268172267
302,,4.832385988577464,0.0008826177017647178,0.13301431321091264,0.002389498819054553
303,,4.832380303798953,0.0008846455744095412,0.1330229196470478,0.0023894062838987146
304,,4.832378178255629,0.0008852754161319366,0.13302303485707934,0.0023894823724598772
305,,4.832377767778244,0.0008850878826077518,0.13302499284206454,0.002386919969348778
306,,4.832377476511765,0.0008849742908276985,0.1330224710201418,0.002387855056449287
307,,4.832377476511765,0.0008849742908276985,0.1330224710201418,0.002387855056449287
308,,4.832376873875379,0.000884632865794056,0.13301880516080128,0.0023883311183622593
309,,4.832373872425201,0.0008843386416458036,0.1330138872344876,0.0023897823605428335
310,,4.832371066817008,0.0008845354387017798,0.1330122552687889,0.002391166207675597
311,,4.832370058683422,0.0008834196038996414,0.1330121476409791,0.0023737266033153114
312,,4.832366661202068,0.0008828649621061291,0.13301326125685364,0.0023737654111337055
313,,4.832364496944503,0.0008834266761004792,0.1330143358086903,0.0023742667340741277
314,,4.832359240173667,0.0008840746869038625,0.13300915423165172,0.0023737439644334266
315,,4.832354481941856,0.0008846445105588872,0.13300289215575622,0.0023596585658660946
316,,4.832352140419121,0.0008851576133607412,0.1329999411380851,0.0023602402552588826
317,,4.832346346631136,0.0008850243767986309,0.13300399702935292,0.0023363646200107928
318,,4.832345717722129,0.0008846366054693336,0.13300388410893146,0.0023364646595333866
319,,4.832340255098453,0.0008868671932439201,0.1330090396357843,0.0023367086801523913
320,,4.8323353461917815,0.0008876040723815732,0.1330047708177818,0.002339160405178946
321,,4.832333101437551,0.0008880443762605901,0.1330093658347213,0.002335698009235778
322,,4.832331047786244,0.0008859322820015121,0.13300295559743514,0.0023348508630190224
323,,4.832329112196995,0.0008842864827739997,0.13299657754551997,0.002334660769461872
324,,4.832326649011144,0.0008845224708995304,0.13299910165705278,0.002333911345866254
325,,4.832325830395346,0.0008840849952289642,0.13299236957000962,0.00233486090428798
326,,4.832325830395346,0.0008840849952289642,0.13299236957000962,0.00233486090428798
327,,4.832323075943015,0.0008841802840407332,0.1329923718596197,0.002335039821536065
328,,4.8323227846765375,0.0008840485565718465,0.13298985003769695,0.00233596045987005
329,,4.832320354039454,0.0008842931096651202,0.13298139962699265,0.002320369160160023
330,,4.832316153152794,0.00088527228971473,0.13297027306260956,0.002309172731692846
331,,4.832312976741459,0.0008846082927881406,0.1329813968404539,0.0023040314208670164
332,,4.8323072066850505,0.0008863997357909687,0.13298863480358447,0.0022822093979305543
333,,4.832305156428795,0.0008869242092077767,0.1329882056078361,0.0022818549066184013
334,,4.832305081141728,0.0008868531555622001,0.132988750013616,0.002282290790999288
335,,4.832304551453436,0.0008865482920838988,0.13299518780550917,0.002276031516284066
336,,4.832302959535579,0.0008873154763360424,0.132992091697343,0.0022605313390257776
337,,4.832281150443706,0.0008778229446524021,0.1329307890747146,0.0023306675086102084
338,,4.832277501993446,0.0008790195061536379,0.13293468535411818,0.0023304829035230533
339,,4.832275262448814,0.0008792900503669393,0.13293630431173475,0.0023314686942180565
340,,4.832272907479525,0.0008792583086748523,0.13293620181371238,0.0023304043043417934
341,,4.832269451188266,0.0008805964815179004,0.13294572193744167,0.0023272851614150416
342,,4.832264299934497,0.0008826333776861507,0.1329520215017123,0.0023281602309884798
343,,4.832262366550174,0.0008831641963433568,0.13295776055606953,0.0023252847700124934
344,,4.832256405488197,0.0008844667847105562,0.13296309213544613,0.0023234722265579404
345,,4.832254180837396,0.0008848250659023454,0.13296630936788065,0.0023214643846733844
346,,4.832254033668784,0.0008846869108699284,0.1329523045984317,0.0023086320694460415
347,,4.832252146828526,0.0008831807580011053,0.13294231310244972,0.002317143274747078
348,,4.832250623921588,0.0008839317253945109,0.13294609417182177,0.0023168559215175754
349,,4.8322496633534655,0.0008828750588573207,0.13294823661508248,0.0023173506556443506
350,,4.832245798923794,0.0008838540250379061,0.1329490666667834,0.0023175812659555223
351,,4.832243778102615,0.0008841880565625935,0.13296198786614963,0.002295613647101074
352,,4.832236397176055,0.0008859895380015569,0.13298173926041146,0.0023104794212860276
353,,4.832230024252454,0.0008865646668707742,0.1329839025824487,0.0023091636552278177
354,,4.832227712826278,0.0008866484139629977,0.13297097236483638,0.0022969083998264587
355,,4.832225898652863,0.0008871914499160243,0.13297223161228566,0.0022974880452560653
356,,4.832225779441956,0.0008870970941206973,0.13297671141919362,0.0022939463545649653
357,,4.832223554791155,0.0008873775373952458,0.13297992865162814,0.002291893528622118
358,,4.832221623745805,0.0008878031162045124,0.13297501964897182,0.0022950897525616984
359,,4.8322187150060785,0.0008875340450678407,0.1329651002474137,0.0022791630731356254
360,,4.832215669192204,0.0008889108370118454,0.13297266238615776,0.002278496849372656
361,,4.83221539960472,0.0008886374435515294,0.13296895722544233,0.002282472593417912
362,,4.83221539960472,0.0008886374435515294,0.13296895722544233,0.002282472593417912
363,,4.832212351316131,0.0008879613373323768,0.13297567696839038,0.002297493389984815
364,,4.832207713679466,0.0008881313476300691,0.13297006132791153,0.0022832156368629173
365,,4.8322075956541,0.0008880030492183492,0.13296017561723417,0.0022688085290431793
366,,4.832205642166349,0.0008882899507232087,0.1329672924560964,0.002264407638150893
367,,4.832203083698377,0.0008878840021928464,0.1329648162883847,0.0022692047815426166
368,,4.832201806844906,0.000886625436507977,0.1329598466674262,0.0022688936283557963
369,,4.8322000215825085,0.0008870484505053142,0.1329654922325196,0.0022673091572689634
370,,4.832198118294745,0.0008873380166212867,0.13296125208693568,0.002251195097730803
371,,4.832193706412326,0.0008875859478882375,0.13295924965802117,0.00224995145029306
372,,4.8321914252828275,0.0008876105997179571,0.13295415595975224,0.0022531180570414555
373,,4.83219049266572,0.0008869250720748383,0.13294892762029412,0.0022548930991369777
374,,4.8321870270795975,0.0008878100800377375,0.13295999394777058,0.002256468616312804
375,,4.832182749833567,0.00088824782745346,0.1329734300414703,0.0022477995855634644
376,,4.832182339242945,0.0008878279400287498,0.1329657352917379,0.00225366678017385
377,,4.8321814624700545,0.0008866818153780504,0.13295451011779114,0.002258777746853496
378,,4.832177078771286,0.0008869276058372423,0.13295582584273938,0.0022617602666174124
379,,4.832176548969756,0.0008864034166906985,0.13295261089991497,0.00226399073626971
380,,4.83217370655651,0.000885853138813218,0.13295083125706358,0.00226459879524159
381,,4.832172479983903,0.0008843393983726699,0.13293611422400056,0.0022544209846775396
382,,4.832170019250263,0.000884268754194927,0.13293764301323738,0.0022514115489793408
383,,4.832165968944427,0.0008843178487084405,0.13295128299637024,0.0022473231167275784
384,,4.8321491798785505,0.0008987413401819349,0.13311624150141538,0.0021032195677310813
385,,4.832163336155214,0.0008841479088400421,0.1329458101567764,0.0022487730626760704
386,,4.832145606715358,0.0008994583080471271,0.13311959337503904,0.0021022322768347733
387,,4.832141966981973,0.0008979295877481887,0.13312119370212996,0.002102360605142628
388,,4.832136460434458,0.000898869133233632,0.13313028463011087,0.002097706810269437
389,,4.832134296176894,0.0008988667542556178,0.13313135918194755,0.0020982141606436877
390,,4.832128076777932,0.0008989223493937878,0.13313208673562613,0.002097223314249655
391,,4.832126864572562,0.0008977930086165157,0.13313777267408505,0.0020939493599398122
392,,4.832124520597616,0.000897577262636645,0.13313581697870994,0.002097174170537163
393,,4.832121474783741,0.0008986194634729838,0.133143379117454,0.0020958342284179677
394,,4.832121064306356,0.0008983174248138796,0.13314533710243923,0.0020927997468171886
395,,4.8321167194740475,0.0008979124969390451,0.13314266272807065,0.002094274914596439
396,,4.8321157793083716,0.000897195395514898,0.13315105850494904,0.002083924464256011
397,,4.832115704021303,0.0008971092626256481,0.13315160291072894,0.0020843592052305813
398,,4.832115704021303,0.0008971092626256481,0.13315160291072894,0.0020843592052305813
399,,4.832111620006577,0.0008972384086394856,0.13314664459645148,0.002069406895604068
400,,4.832109396693535,0.0008968015527077316,0.133132465553789,0.002054879592760582
401,,4.832106953611111,0.0008965491878325441,0.1331336118808168,0.002055549393060696
402,,4.8321024842060805,0.0008963904621357216,0.1331414241301908,0.002048770356751504
403,,4.832098663700249,0.0008967432850440273,0.13313831878076368,0.0020537232904802006
404,,4.832095617886375,0.0008976987280865572,0.13314588091950777,0.0020523457621347435
405,,4.8320930929230475,0.0008970558281949334,0.13314542146931385,0.002052224239126971
406,,4.832092976051114,0.0008969316559973871,0.13313925321920822,0.00205564365987137
407,,4.832092976051114,0.0008969316559973871,0.13313925321920822,0.00205564365987137
408,,4.832088529088486,0.0008968089803771705,0.13313503962706366,0.002058276100116617
409,,4.83208675919943,0.0008950638874515376,0.13312890377953407,0.0020549756921546727
410,,4.832086229511138,0.0008946325682272414,0.13313534157142723,0.0020475811930736024
411,,4.832086229511138,0.0008946325682272414,0.13313534157142723,0.0020475811930736024
412,,4.8320831836972635,0.0008955479746044411,0.13314290371017132,0.002046210532633551
413,,4.832081058153941,0.0008954651649318298,0.13314301892020286,0.002046292627139849
414,,4.8320759620838105,0.0008963567087370593,0.13315015186319853,0.002044531069783454
415,,4.832073911827554,0.0008963465787215405,0.1331497226674502,0.0020441692735770076
416,,4.832070866013679,0.0008972184221960281,0.13315728480619426,0.0020427430863868517
417,,4.832069032402686,0.0008972567497940247,0.13314820189611082,0.0020646652637136753
418,,4.832064993578469,0.0008973568627243066,0.1331526783759946,0.0020626521610058604
419,,4.832060776725676,0.0008971550815377719,0.13316397178909647,0.0020549888313762515
420,,4.83205650181862,0.0008969733456930982,0.1331667598257826,0.0020520466841682733
421,,4.832054657348526,0.0008971241781263907,0.13316018255388853,0.002035944973460578
422,,4.832052723964204,0.0008971947781268352,0.1331659216082458,0.002032068365057661
423,,4.832045520115206,0.0008978897729024799,0.13318244003378163,0.0020240030608301264
424,,4.8320430570425925,0.0008974852228563294,0.133194616880032,0.0020123278223153048
425,,4.832040812288362,0.00089718967645479,0.1331992118969715,0.002007867615633918
426,,4.8320385876375616,0.0008970083502178508,0.133202429129406,0.0020051650204713544
427,,4.832036989443556,0.0008972926844933361,0.13320675460455794,0.002004779340751721
428,,4.83203465663923,0.0008967092329784215,0.13321191899868973,0.0020005194057078294
429,,4.832032531095907,0.0008965114849061225,0.13321203420872127,0.0020005994007129212
430,,4.832063205165114,0.0008920875572694599,0.13300052129239892,0.00208934406815942
431,,4.832030189573173,0.0008961770040269906,0.13320908319105015,0.0020015938251804043
432,,4.8320277534127385,0.0008955234569390216,0.13320459366654785,0.002006950844345525
433,,4.832023403218614,0.0008950896125739819,0.13320792610901389,0.0020043184568152538
434,,4.832055024661933,0.0008918811108472718,0.1330060940448871,0.0020898393201711388
435,,4.832052488641225,0.0008913948924285354,0.13300816723990386,0.002087012865361347
436,,4.83205038320133,0.0008913589242305983,0.1330069046654304,0.0020886786409994194
437,,4.8320479401189065,0.000890943209985165,0.13300805099245824,0.002089406494585343
438,,4.832047052385641,0.0008896395447543462,0.13301064435223506,0.002091866104453293
439,,4.8320410801771025,0.0008896866256475566,0.1330208598864761,0.0020867969646696425
440,,4.832034213857396,0.000890531413408747,0.13302531667579304,0.0020905643695590848
441,,4.832033686508078,0.0008900534785340001,0.13302110641067263,0.0020906459265252293
442,,4.832030303051675,0.0008904122723108889,0.13303107745091802,0.002088754278585965
443,,4.8320287801447375,0.0008907779541972221,0.13303485852029004,0.0020882747887569714
444,,4.832026777749497,0.0008907008948486123,0.1330337203971091,0.002068464761493728
445,,4.832025753154106,0.0008892628604162972,0.13304117602600285,0.002062769860332315
446,,4.832023819769782,0.0008892712454601122,0.1330469150803601,0.0020592754482751754
447,,4.832022005596367,0.000889396881092805,0.13304817432780938,0.002059875537848946
448,,4.832019445642011,0.0008887672785406327,0.1330431524047316,0.0020637089498301074
449,,4.832017220991211,0.0008885307386771523,0.1330463696371661,0.002061323163974933
450,,4.832015698084273,0.0008888747814258442,0.13305015070653814,0.0020608092346824144
451,,4.8320123485623,0.0008893052649829474,0.13305259742624556,0.002061848268125004
452,,4.83201010380807,0.000888929456501397,0.13305719244318504,0.002057812562360582
453,,4.832006766727718,0.0008893557087555177,0.1330622327600064,0.0020578699344542626
454,,4.832001615473948,0.0008898532374526574,0.133068532324277,0.0020585029926902102
455,,4.831999726013465,0.0008898368791420667,0.13307033597750623,0.002059551552070661
456,,4.8319982031065285,0.0008901504864437327,0.1330741170468783,0.0020589931700368794
457,,4.83199504042072,0.0008906316589314378,0.13307551093551676,0.002061074434512617
458,,4.831987618140102,0.0008905934592493774,0.13308995845564586,0.002057009904313161
459,,4.831986913944026,0.0008898569152449067,0.13309038994100433,0.0020575848465488626
460,,4.831986165824112,0.0008890908060424031,0.1330947568274908,0.0020534905156007074
461,,4.831985755346728,0.0008887230358469704,0.13309671481247604,0.0020504397987649377
462,,4.8319837050904715,0.0008885046879329631,0.13309628561672768,0.002050067857944152
463,,4.831978006383956,0.0008882347098500121,0.13309975270038288,0.00204917201290992
464,,4.831977745214036,0.000887899352089434,0.13308725167851895,0.0020364642282125474
465,,4.831973785393868,0.0008874680492604855,0.1330900039205048,0.0020354585217401606
466,,4.831971065835968,0.0008861138044240277,0.13309423898993988,0.0020343117523583835
467,,4.831967199067323,0.0008858877458231744,0.1331057170986544,0.0020269020838962833
468,,4.831965676160387,0.0008861468525083874,0.13310949816802642,0.0020262686839059383
469,,4.831965676160387,0.0008861468525083874,0.13310949816802642,0.0020262686839059383
470,,4.831965676160387,0.0008861468525083874,0.13310949816802642,0.0020262686839059383
471,,4.831963215426746,0.0008855018487222895,0.1331110269572633,0.002022788825133774
472,,4.831961337226062,0.0008853508690293333,0.13311759939034562,0.00201686110518531
473,,4.8319609267486765,0.0008849700284139096,0.13311955737533082,0.0020137326877011905
474,,4.8319609267486765,0.0008849700284139096,0.13311955737533082,0.0020137326877011905
475,,4.8319601057939074,0.0008842072834130327,0.13312347334530125,0.0020074554976633853
476,,4.831959695316522,0.0008838253781095414,0.13312543133028645,0.0020043066613606533
477,,4.831957881143105,0.0008838201725063018,0.13312669057773577,0.002004873888692093
478,,4.83192504092871,0.0008803563312116357,0.13320163705760432,0.0019801397366802508
479,,4.83195524601492,0.0008830429789934112,0.13313186579515549,0.0019991204974576238
480,,4.831954954748441,0.0008827897288620115,0.13312934397323273,0.0020003716212248614
481,,4.831954954748441,0.0008827897288620115,0.13312934397323273,0.0020003716212248614
482,,4.8319142877369305,0.000879720347279458,0.13321894974014079,0.001973638910449582
483,,4.831911634844288,0.0008786705033761155,0.1332148546850519,0.001974219204740469
484,,4.831908589030414,0.000878997742016997,0.13322241682379599,0.0019724927608494405
485,,4.831905441656851,0.0008791699486954332,0.13323407630723902,0.0019703347870096573
486,,4.8319036274834355,0.0008790527549206379,0.1332353355546883,0.0019708423751951466
487,,4.8319036274834355,0.0008790527549206379,0.1332353355546883,0.0019708423751951466
488,,4.831902907975115,0.0008782318884002399,0.13322550144524217,0.00197564283741879
489,,4.831901967809438,0.0008772695930623455,0.13323389722212056,0.00196431346406026
490,,4.831901967809438,0.0008772695930623455,0.13323389722212056,0.00196431346406026
491,,4.831901967809438,0.0008772695930623455,0.13323389722212056,0.00196431346406026
492,,4.8318982202517,0.0008768765766292607,0.1332408955239271,0.0019605860546356058
493,,4.8318982202517,0.0008768765766292607,0.1332408955239271,0.0019605860546356058
494,,4.8318982202517,0.0008768765766292607,0.1332408955239271,0.0019605860546356058
495,,4.831896697344763,0.0008770185745001284,0.13324467659329914,0.001959670421601372
496,,4.831895174437825,0.0008771579053422157,0.13324845766267118,0.001958747061770814
497,,4.83188993245799,0.000874511671627799,0.1332488866499626,0.0019551426409430595
498,,4.83188993245799,0.000874511671627799,0.1332488866499626,0.0019551426409430595
499,,4.831887999073668,0.0008742198749116937,0.13325462570431987,0.00195084455979567
500,,4.83188770780719,0.000873941656385474,0.1332521038823971,0.001952285202881806
501,,4.831885655211961,0.0008735025100083689,0.13326232274366231,0.0019431345625192408
502,,4.831883721827639,0.0008732009057184139,0.13326806179801953,0.0019387700887839227
503,,4.831878861840348,0.0008732634493153938,0.1332768831842129,0.0019372936841715977
504,,4.831877338933411,0.0008733722798266026,0.13328066425358498,0.0019362967641140898
505,,4.831874293119537,0.0008735819356047124,0.13328822639232904,0.0019342792093646113
506,,4.831874293119537,0.0008735819356047124,0.13328822639232904,0.0019342792093646113
507,,4.831870956039183,0.0008734969799112835,0.13329326670915037,0.001933738145794724
508,,4.831868221690281,0.0008722852816625484,0.1332918912142555,0.001935859347082652
509,,4.831864413629789,0.0008715377218563054,0.1332791891270962,0.0019232375169984984
510,,4.831864005491377,0.0008710921917701534,0.13327049905506783,0.0019287962815819726
511,,4.831863673058446,0.0008706130518698697,0.1332699318972462,0.0019331816125037209
512,,4.831860627244572,0.0008707755725262247,0.1332774940359903,0.0019312028290988357
513,,4.831856760475927,0.0008700548491632559,0.13328897214470475,0.0019223020772909014
514,,4.831854946302511,0.0008698349013395378,0.13329023139215407,0.0019227863938656212
515,,4.831854200521571,0.0008689245444384417,0.133283950221627,0.0019270368991705382
516,,4.831854200521571,0.0008689245444384417,0.133283950221627,0.0019270368991705382
517,,4.831851595489942,0.0008677304521540353,0.13327914623910556,0.0019067972070730059
518,,4.831851595489942,0.0008677304521540353,0.13327914623910556,0.0019067972070730059
519,,4.831846205814361,0.0008670218535894557,0.1332944054171921,0.0018967269168772994
520,,4.831844391640945,0.0008667790454693233,0.13329566466464138,0.001897214155970714
521,,4.83184398116356,0.0008663346331116507,0.13329762264962658,0.0018937040094100508
522,,4.831843864291626,0.0008661724451946222,0.13329145439952098,0.0018979038526379215
523,,4.831843864291626,0.0008661724451946222,0.13329145439952098,0.0018979038526379215
524,,4.8318367595501055,0.0008651762910165372,0.13330487080265385,0.0018912963209413616
525,,4.831831489085431,0.0008645243200679092,0.13331565017383243,0.0018860679862296404
526,,4.831866180982502,0.0008634304743276908,0.1332163452618479,0.001969242251522803
527,,4.831827194074945,0.0008630713903283296,0.13331981599502357,0.0018806583890886505
528,,4.831827118787878,0.0008629566748608148,0.13332036040080344,0.0018810912670703356
529,,4.831858065466183,0.0008614489872800639,0.13321740573361188,0.0019695625175073323
530,,4.831857654988799,0.0008610083426668341,0.1332193637185971,0.0019662594670169253
531,,4.831857654988799,0.0008610083426668341,0.1332193637185971,0.0019662594670169253
532,,4.831827092515257,0.0008629150918770537,0.13332391333972252,0.0018800423984092068
533,,4.831857654988799,0.0008610083426668341,0.1332193637185971,0.0019662594670169253
534,,4.831857654988799,0.0008610083426668341,0.1332193637185971,0.0019662594670169253
535,,4.831855723943448,0.0008606263458594015,0.1332144547159408,0.0019705806484807947
536,,4.831854201036512,0.0008606958351933612,0.13321823578531283,0.001969720417951029
537,,4.831847582059445,0.0008603383649531959,0.13322914979768058,0.0019667351546520614
538,,4.831845828279265,0.0008600560730209787,0.13322826636453203,0.001970534508138611
539,,4.831845300929947,0.0008594456091635253,0.13322405609941163,0.0019710545904624314
540,,4.831843427938861,0.0008590078725458252,0.13322765247317103,0.0019701513907599082
541,,4.8318416137654445,0.0008587569301396897,0.13322891172062032,0.0019706631309970224
542,,4.831839196955643,0.000857772456450445,0.1332265051087291,0.0019721367183174318
543,,4.831839196955643,0.000857772456450445,0.1332265051087291,0.0019721367183174318
544,,4.8318374379658655,0.0008574965848322449,0.13322859773490348,0.0019703851804507423
545,,4.831834392151991,0.0008575684172141558,0.13323615987364756,0.0019686025827672224
546,,4.831830618321632,0.0008568291036975818,0.13324671111437314,0.0019640107958803477
547,,4.831828153751541,0.0008553341486719573,0.13324410898358138,0.0019672179156767656
548,,4.831825637834261,0.0008542847651747374,0.13324480439409314,0.001965807222830156
549,,4.831825637834261,0.0008542847651747374,0.13324480439409314,0.001965807222830156
550,,4.831825637834261,0.0008542847651747374,0.13324480439409314,0.001965807222830156
551,,4.831825035197875,0.0008535415371813025,0.1332411385347526,0.0019667999093475447
552,,4.831824495406936,0.0008528933106473879,0.13323433467251833,0.0019685983337515947
553,,4.831818411536061,0.0008511896636416244,0.13323540589733082,0.0019715005681571916
554,,4.8318164781517385,0.0008507273443996956,0.13324114495168807,0.0019672775538390496
555,,4.831816333853752,0.0008504965935499402,0.13323481217992975,0.0019510631425341967
556,,4.831813992331018,0.0008495483353541526,0.13323186116225863,0.0019521172355711463
557,,4.831812058946695,0.0008490750597435606,0.1332376002166159,0.0019478626419394368
558,,4.831810125562372,0.0008485971153051221,0.13324333927097315,0.001943581788560183
559,,4.831808072967144,0.0008479570687471174,0.13325355813223833,0.001934436277623215
560,,4.831806258793727,0.0008476271882766833,0.13325481737968764,0.0019349406043267427
561,,4.83180249113256,0.0008466643063485904,0.13326319346599916,0.0019291919167349267
562,,4.8318009682256235,0.0008466391934836491,0.13326697453537123,0.001928217652427084
563,,4.83179860659946,0.0008455111377267905,0.13326540130220507,0.0019274413604144342
564,,4.83179860659946,0.0008455111377267905,0.13326540130220507,0.0019274413604144342
565,,4.831796554004231,0.0008448407677293098,0.13327562016347028,0.0019181013642467985
566,,4.831793216923877,0.0008444457680443401,0.13328066048029164,0.0019175888712186467
567,,4.8317912259037055,0.0008437979417941535,0.13328656147821977,0.001917990986096311
568,,4.831790669744094,0.000842769111397855,0.1332770604491221,0.0019026802286294994
569,,4.831790669744094,0.000842769111397855,0.1332770604491221,0.0019026802286294994
570,,4.831786922186356,0.0008418647011269506,0.13328405875092864,0.0018986727486277875
571,,4.831786922186356,0.0008418647011269506,0.13328405875092864,0.0018986727486277875
572,,4.831784094899169,0.0008402157804078519,0.13328361012402262,0.0018967819841810968
573,,4.83171799805035,0.0008308908823418245,0.13342558573622496,0.0018347765443764092
574,,4.83177812269063,0.000838394570604782,0.1332938256582637,0.0018897149747861889
575,,4.831774474240369,0.0008374587050034002,0.13329772193766726,0.001888738528734628
576,,4.831714924861915,0.000830463928414189,0.13343085704213783,0.0018297066329092315
577,,4.831768429083736,0.000835425676653704,0.13329783382067467,0.001891339167620062
578,,4.831711177304177,0.000829203846852931,0.13343785534394437,0.0018249492832752231
579,,4.831711177304177,0.000829203846852931,0.13343785534394437,0.0018249492832752231
580,,4.8317077210129185,0.0008282819588358293,0.13344737546767366,0.0018183399792174627
581,,4.831761810106668,0.0008343772513237017,0.13330874783304242,0.001887769854283108
582,,4.831703895598333,0.0008265727220872852,0.13346415745052082,0.001828927266838394
583,,4.831702081424917,0.0008260055285168289,0.1334654166979701,0.0018293157147315497
584,,4.831697923389794,0.0008241404184806367,0.13347437298476186,0.001820584236724631
585,,4.831697923389794,0.0008241404184806367,0.13347437298476186,0.001820584236724631
586,,4.831697512912409,0.0008236000051165534,0.13347633096974706,0.0018167334609774724
587,,4.831695477968398,0.0008226579787257008,0.13348616736880325,0.0018103799075474807
588,,4.8316921408880456,0.000821842007082206,0.1334912076856246,0.0018092504514042142
589,,4.831690095841387,0.0008208482962376223,0.1334878024305533,0.0018153845578322923
590,,4.831690095841387,0.0008208482962376223,0.1334878024305533,0.0018153845578322923
591,,4.831688281667971,0.0008202466235062459,0.1334890616780026,0.0018157595049546622
592,,4.831687699135014,0.0008195113958387579,0.1334840180341571,0.0018195001284932665
593,,4.8316859401452374,0.0008188972875934975,0.1334861106603315,0.0018173050059401383
594,,4.8316858209343305,0.0008187164437917089,0.13349059046723943,0.0018115551016526846
595,,4.8316827751204565,0.0008182274854969311,0.1334981526059835,0.0018085208887591042
596,,4.8316827751204565,0.0008182274854969311,0.1334981526059835,0.0018085208887591042
597,,4.8316809609470415,0.0008176076405252244,0.1334994118534328,0.0018088900533839122
598,,4.831679146773625,0.0008169832967799607,0.1335006711008821,0.001809258266245095
599,,4.831678736296239,0.0008164287057174016,0.13350262908586732,0.0018053548118218148
600,,4.831678693557941,0.0008163476301500884,0.13349219896941006,0.0017896405865790057
601,,4.831678283080556,0.0008157923789077871,0.13349415695439526,0.0017857035387586738
602,,4.831677700547599,0.0008150459870503207,0.13348911331054977,0.001789521350419687
603,,4.831677581336693,0.0008148630831090456,0.13349359311745773,0.0017836743432393435
604,,4.831677581336693,0.0008148630831090456,0.13349359311745773,0.0017836743432393435
605,,4.831677581336693,0.0008148630831090456,0.13349359311745773,0.0017836743432393435
606,,4.831675767163277,0.0008142291048517669,0.13349485236490702,0.00178405186750053
607,,4.831675356685891,0.0008136709316317081,0.13349681034989225,0.001780099540621098
608,,4.831675255126203,0.0008134861860243681,0.1335009076945912,0.001779041147394529
609,,4.831674844648818,0.0008129272441540495,0.13350286567957642,0.0017750709845583512
610,,4.8316743172995,0.0008121703481758642,0.13349865541445602,0.001776299305543785
611,,4.831668638696412,0.0008098424539243065,0.13350074471360623,0.0017767178721447136
612,,4.831665301616059,0.0008089028404002055,0.13350578503042754,0.0017755256220569522
613,,4.831661964535706,0.000807948351088318,0.1335108253472489,0.0017743182528440879
614,,4.831660150362291,0.0008072738481021689,0.13351208459469818,0.0017746855401154032
615,,4.831660150362291,0.0008072738481021689,0.13351208459469818,0.0017746855401154032
616,,4.831657572756716,0.0008054316695242967,0.13350744513382942,0.0017756059266493956
617,,4.83165534160126,0.0008039597273945842,0.13350616087360848,0.0017719271601145
618,,4.831653818694322,0.0008036544838960326,0.13350994194298052,0.0017703475283234204
619,,4.831653818694322,0.0008036544838960326,0.13350994194298052,0.0017703475283234204
620,,4.831653408216938,0.00080307774255088,0.13351189992796575,0.001766347810962937
621,,4.831705864809108,0.0008139910240840245,0.1334203680269483,0.0017752334956870146
622,,4.831705864809108,0.0008139910240840245,0.1334203680269483,0.0017752334956870146
623,,4.831650362403063,0.0008024562399655194,0.1335194620667098,0.0017631444120804638
624,,4.831650362403063,0.0008024562399655194,0.1335194620667098,0.0017631444120804638
625,,4.831650362403063,0.0008024562399655194,0.1335194620667098,0.0017631444120804638
626,,4.831698349590202,0.0008111757033064759,0.13343574241506637,0.0017632668653252955
627,,4.831696535416787,0.0008105853237231214,0.13343700166251565,0.0017636900629801056
628,,4.8316947764270095,0.0008099836372497525,0.13343909428869002,0.0017614812461853476
629,,4.831644855855547,0.0008001313037501288,0.13352855299469077,0.0017555314601586402
630,,4.831693253520073,0.0008097548332462025,0.13344287535806204,0.001760036322855962
631,,4.831688393532782,0.0008086784113727592,0.13345169674425542,0.0017575326521832653
632,,4.831688393532782,0.0008086784113727592,0.13345169674425542,0.0017575326521832653
633,,4.831686579359367,0.0008080638553923405,0.13345295599170473,0.0017579458019217618
634,,4.831686579359367,0.0008080638553923405,0.13345295599170473,0.0017579458019217618
635,,4.831686579359367,0.0008080638553923405,0.13345295599170473,0.0017579458019217618
636,,4.831683123068108,0.0008070124799316663,0.133462476115434,0.0017510015179656518
637,,4.83168160016117,0.0008067608357849755,0.13346625718480604,0.0017494974068028054
638,,4.831681189683786,0.0008062004617826887,0.13346821516979124,0.0017454989151711414
639,,4.831679666776847,0.0008059449107977793,0.13347199623916328,0.0017439776156333102
640,,4.831674396312173,0.0008042161282069373,0.13348277561034186,0.0017372695774338022
641,,4.831674105045694,0.0008038362888642453,0.1334802537884191,0.0017392180163663406
642,,4.831670767965341,0.0008029123660886125,0.13348529410524046,0.0017380594659980326
643,,4.831670767965341,0.0008029123660886125,0.13348529410524046,0.0017380594659980326
644,,4.831668616149397,0.0008016773947908598,0.13348896225419102,0.001736660598130736
645,,4.831666199339595,0.0008001003453519786,0.13348655564229983,0.001738692547398039
646,,4.831664676432658,0.0007998143031330805,0.13349033671167185,0.0017371253674234787
647,,4.831661048085826,0.0007984591862193253,0.13349285520657045,0.0017379043643492716
648,,4.831659306747267,0.0007977692538808297,0.1334945653705358,0.0017405404340141634
649,,4.831657783840329,0.0007974692130409366,0.13349834643990785,0.0017389575036586326
650,,4.831657783840329,0.0007974692130409366,0.13349834643990785,0.0017389575036586326
651,,4.831657783840329,0.0007974692130409366,0.13349834643990785,0.0017389575036586326
652,,4.8316547380264545,0.0007968600610496193,0.13350590857865194,0.0017357626032386995
653,,4.831654426656547,0.0007963247492390556,0.1335047645412342,0.0017354553797766425
654,,4.831654135390068,0.0007959338362546146,0.13350224271931144,0.0017374377696216636
655,,4.83165384412359,0.0007955426245444099,0.13349972089738868,0.0017394142440052894
656,,4.831651619472789,0.0007942549931949893,0.13350293812982317,0.0017357369314077934
657,,4.831651619472789,0.0007942549931949893,0.13350293812982317,0.0017357369314077934
658,,4.831651328206311,0.0007938620310749597,0.1335004163079004,0.0017377163495221196
659,,4.831649514032895,0.0007931512213277843,0.13350167555534972,0.0017380989127284972
660,,4.83164763583221,0.0007922393001797439,0.13350824798843205,0.0017297129511603833
661,,4.831641252937984,0.0007905242578798261,0.1335208504439975,0.0017251865763978282
662,,4.831639319553661,0.0007895927697258265,0.13352658949835472,0.0017194065381518958
663,,4.831635863262402,0.00078830958580398,0.133536109622084,0.001711896526275844
664,,4.831634340355465,0.0007879606347334406,0.13353989069145605,0.0017101952375017087
665,,4.83163129454159,0.0007872534306400052,0.13354745283020011,0.001706762443592077
666,,4.83157497211588,0.0007651949113708425,0.13360881732098664,0.001702242451806008
667,,4.83162157456701,0.0007842397667928319,0.13356509560258686,0.0017004642494060993
668,,4.831617710137339,0.000782244955213492,0.13356592565428782,0.0017004774261651734
669,,4.83161565754211,0.0007810450654886963,0.13357614451555302,0.001688065191058991
670,,4.831568178744267,0.0007621577906549984,0.13362337776153727,0.0016925938756879593
671,,4.8316110888212975,0.0007798607098184993,0.13358748772366913,0.0016825885305650564
672,,4.831566821519352,0.0007600064771277209,0.1336076666295206,0.0017075898652275572
673,,4.831607169207988,0.000777803456212436,0.13358748439664497,0.001685418763626543
674,,4.831561842321155,0.0007578344812680519,0.1336209678226219,0.0016976793600696313
675,,4.831601662660472,0.0007750978079670088,0.13359657532462588,0.0016770844124061016
676,,4.831560319414217,0.0007573226563414169,0.13362474889199397,0.001695774611739018
677,,4.831598206369213,0.0007736223669212329,0.13360609544835517,0.0016689848567678915
678,,4.8315571543894364,0.0007560726623474992,0.13363679083764599,0.001685367291180059
679,,4.8315571543894364,0.0007560726623474992,0.13363679083764599,0.001685367291180059
680,,4.8315571543894364,0.0007560726623474992,0.13363679083764599,0.001685367291180059
681,,4.831553817309084,0.0007545732645658728,0.13364183115446732,0.0016837031544862506
682,,4.83155169176576,0.0007529821485278167,0.13364194636449886,0.0016837687850652764
683,,4.831549758381438,0.0007517738645203506,0.1336476854188561,0.001677431813659211
684,,4.831549758381438,0.0007517738645203506,0.1336476854188561,0.001677431813659211
685,,4.8315461300346065,0.0007497760804690309,0.1336502039137547,0.001678002372799704
686,,4.831544315861191,0.0007487685963645745,0.13365146316120396,0.0016782861623786704
687,,4.831544315861191,0.0007487685963645745,0.13365146316120396,0.0016782861623786704
688,,4.831543905383805,0.0007480894633150498,0.13365342114618917,0.0016739009732489253
689,,4.831542382476869,0.0007475344255347407,0.13365720221556124,0.0016718957431372217
690,,4.831539336662994,0.0007464137903063069,0.1336647643543053,0.0016678523352983362
691,,4.83153629084912,0.000745279022511021,0.1336723264930494,0.0016637647300370012
692,,4.831534240592864,0.0007437807019765785,0.133671897297301,0.0016634548478704333
693,,4.831533949326386,0.0007433150649179925,0.13366937547537827,0.0016657759804704752
694,,4.831533949326386,0.0007433150649179925,0.13366937547537827,0.0016657759804704752
695,,4.831529089339095,0.0007410983309085794,0.13367819686157162,0.0016619286064133464
696,,4.83152674781636,0.0007391004501525148,0.1336752458439005,0.0016639524873429455
697,,4.83152674781636,0.0007391004501525148,0.1336752458439005,0.0016639524873429455
698,,4.831526337338976,0.0007384026591682013,0.13367720382888573,0.0016595013628423127
699,,4.831524814432038,0.0007378040731173365,0.13368098489825778,0.0016574244577071677
700,,4.831523000258622,0.0007367277312330256,0.13368224414570706,0.0016576883877748986
701,,4.831520464237914,0.000734303914275756,0.1336843173407238,0.0016532759978221954
702,,4.831515312984145,0.0007314897886933847,0.13369061690499442,0.0016516929815079935
703,,4.831513790077208,0.00073086256989372,0.13369439797436647,0.0016495755009549133
704,,4.831510744263333,0.0007295969783492356,0.13370196011311056,0.0016453062969589741
705,,4.831509221356396,0.00072895858623934,0.13370574118248257,0.0016431544845470745
706,,4.831507698449459,0.0007283164501758148,0.13370952225185462,0.0016409911384252754
707,,4.831506175542521,0.0007276705602470558,0.13371330332122663,0.0016388162129177901
708,,4.831506175542521,0.0007276705602470558,0.13371330332122663,0.0016388162129177901
709,,4.831506175542521,0.0007276705602470558,0.13371330332122663,0.0016388162129177901
710,,4.831505864172613,0.0007270206859719083,0.1337121592838089,0.0016386356137980812
711,,4.8315026991478325,0.0007254809703872329,0.13372420122946094,0.0016272162931808087
712,,4.8315007657635105,0.0007240960037519019,0.13372994028381816,0.0016203669036445403
713,,4.831499242856574,0.0007234317518826418,0.1337337213531902,0.0016181165476466558
714,,4.831494674135762,0.0007214160378263391,0.13374506456130633,0.0016112933879231274
715,,4.831493151228825,0.0007207364446531414,0.13374884563067835,0.0016089948009304937
716,,4.831491628321888,0.0007200529891461932,0.1337526267000504,0.0016066840274013851
717,,4.831541733698603,0.0007480938020236003,0.133679567380342,0.001658810181706039
718,,4.831489694937566,0.0007186277778594447,0.13375836575440764,0.0015996447514678225
719,,4.83153980031428,0.0007468518316631247,0.13368530643469925,0.0016522468243993266
720,,4.83153980031428,0.0007468518316631247,0.13368530643469925,0.0016522468243993266
721,,4.831484133206411,0.0007147855052891667,0.13376662330366346,0.0015929705881675223
722,,4.831536754500407,0.0007457196241786502,0.1336928685734433,0.0016480262586404926
723,,4.831536754500407,0.0007457196241786502,0.1336928685734433,0.0016480262586404926
724,,4.831477750312184,0.0007114187038486351,0.1337792257592289,0.001586002773603907
725,,4.8314747044983095,0.0007099638625293922,0.13378678789797296,0.00158115632256413
726,,4.831527325792305,0.0007417684457115737,0.1337130331677528,0.0016375179508063137
727,,4.83152427997843,0.0007405771643358409,0.13372059530649688,0.0016331309417310326
728,,4.83152427997843,0.0007405771643358409,0.13372059530649688,0.0016331309417310326
729,,4.831519711257618,0.0007387630957053466,0.13373193851461299,0.0016264623192668555
730,,4.83151941999114,0.0007382885620546942,0.13372941669269026,0.0016289291232953677
731,,4.831517897084202,0.0007376756029235517,0.13373319776206227,0.001626691829305695
732,,4.8315126289585,0.000734612485279275,0.13373332907622731,0.0016314576251471524
733,,4.8315084531589205,0.0007312625262019175,0.13373301509051047,0.001631218969301691
734,,4.831508161892442,0.0007307786349492754,0.13373049326858774,0.0016336802528034572
735,,4.831506347719027,0.0007296505271486213,0.13373175251603703,0.0016339098628075231
736,,4.831506109297214,0.000729185793372287,0.13374071212985292,0.0016197186155407094
737,,4.831502772216861,0.000727396851076183,0.13374575244667425,0.0016176631934064789
738,,4.831502772216861,0.000727396851076183,0.13374575244667425,0.0016176631934064789
739,,4.831502244867542,0.0007264259525679717,0.13374154218155387,0.0016196424498400451
740,,4.831500430694127,0.0007252762742677233,0.1337428014290032,0.0016198654604851147
741,,4.83149861652071,0.0007241202255265967,0.13374406067645245,0.0016200874616554403
742,,4.83149861652071,0.0007241202255265967,0.13374406067645245,0.0016200874616554403
743,,4.83149375653342,0.0007216066223262295,0.13375288206264585,0.0016157236165608888
744,,4.8314904194530675,0.0007197415722006897,0.13375792237946718,0.001613625092222971
745,,4.8314903002421605,0.0007195034135172454,0.13376240218637514,0.0016063888109440635
746,,4.831488366857838,0.0007180735356624331,0.13376814124073239,0.0015993131572094716
747,,4.831486552684423,0.0007168753433042555,0.13376940048818167,0.0015995180617852588
748,,4.831483506870548,0.0007154690716757421,0.13377696262692573,0.0015947592760690323
749,,4.831483506870548,0.0007154690716757421,0.13377696262692573,0.0015947592760690323
750,,4.831483506870548,0.0007154690716757421,0.13377696262692573,0.0015947592760690323
751,,4.831481983963611,0.000714760031151299,0.13378074369629778,0.0015923610829415896
752,,4.831475892335861,0.0007118842291047362,0.1337958679737859,0.0015826416423782555
753,,4.831475481858476,0.0007111303799232353,0.13379782595877113,0.0015778114933958558
754,,4.8314709131376645,0.0007089265847164769,0.13380916916688723,0.0015703502873958767
755,,4.8314678673237905,0.0007074371823050491,0.13381673130563132,0.0015653107267322953
756,,4.831465761883896,0.0007056496824741722,0.13381546873115788,0.0015681821262550038
757,,4.831462424803544,0.0007036095841835236,0.13382050904797918,0.0015658184444463784
758,,4.83145908772319,0.0007015476800071083,0.1338255493648005,0.0015634349398820436
759,,4.83145908772319,0.0007015476800071083,0.1338255493648005,0.0015634349398820436
760,,4.831458796456712,0.0007010227681047319,0.13382302754287778,0.0015661517690687848
761,,4.831456691016818,0.00069919155639822,0.1338217649684043,0.0015690266959413454
762,,4.831454349494083,0.0006968303432282727,0.13381881395073322,0.0015714398823807813
763,,4.831454058227605,0.0006962998931113548,0.13381629212881047,0.0015741321054538377
764,,4.831454058227605,0.0006962998931113548,0.13381629212881047,0.0015741321054538377
765,,4.831459472970056,0.000697994550944325,0.13379949351707748,0.0015744860364965475
766,,4.831456427156181,0.0006964317398679398,0.13380705565582154,0.001569506375404089
767,,4.8314506019363455,0.0006939223068975054,0.13382581225253976,0.0015641632743684652
768,,4.831454493771859,0.000694860151012078,0.1338127947101788,0.0015620996408534065
769,,4.8314468543786075,0.0006909817077161148,0.13383281055434632,0.001556821197624468
770,,4.831452388331965,0.0006929995833427448,0.13381153213570535,0.0015649737561208364
771,,4.831452388331965,0.0006929995833427448,0.13381153213570535,0.0015649737561208364
772,,4.831443398087348,0.0006885495988385278,0.13384233067807558,0.0015466391272451379
773,,4.8314487599851335,0.0006903202628924283,0.13381405063060392,0.0015653217039162588
774,,4.831447237078197,0.0006895086238917198,0.133817831699976,0.0015627886107789605
775,,4.831434260645725,0.000683530136135527,0.13386501709430781,0.0015306331307261387
776,,4.8314457141712595,0.000688692660764695,0.133821612769348,0.0015602422421657396
777,,4.831444191264322,0.00068787235812335,0.13382539383872005,0.001557682532971697
778,,4.8314426683573855,0.0006870477004241567,0.1338291749080921,0.0015551094173210705
779,,4.8314426683573855,0.0006870477004241567,0.1338291749080921,0.0015551094173210705
780,,4.831436285463158,0.0006831569839951363,0.1338417773636575,0.0015474618558537964
781,,4.8314347625562215,0.000682308981891926,0.13384555843302953,0.0015448316177335763
782,,4.831431716742347,0.0006805995851271805,0.13385312057177362,0.0015395298022089362
783,,4.831427969184609,0.0006774967165631424,0.13386011887358015,0.00153194493395149
784,,4.831424923370734,0.0006757445277378916,0.13386768101232419,0.0015265262360197242
785,,4.831420063383445,0.0006725179459252924,0.13387650239851756,0.0015211774273594198
786,,4.831420063383445,0.0006725179459252924,0.13387650239851756,0.0015211774273594198
787,,4.831416726303091,0.000670149506479384,0.13388154271533892,0.001518538023010986
788,,4.831414620863196,0.0006681011299289483,0.13388028014086548,0.0015215514765119064
789,,4.831414329596718,0.0006675305165149851,0.13387775831894272,0.001524433498297232
790,,4.831411283782844,0.0006656896942273833,0.13388532045768678,0.0015189001861416857
791,,4.831409469609428,0.0006641865250729483,0.1338865797051361,0.0015190188001980333
792,,4.831409469609428,0.0006641865250729483,0.1338865797051361,0.0015190188001980333
793,,4.831409469609428,0.0006641865250729483,0.1338865797051361,0.0015190188001980333
794,,4.831407827491585,0.0006629794219917568,0.13389484058141607,0.0015081307378540959
795,,4.831407827491585,0.0006629794219917568,0.13389484058141607,0.0015081307378540959
796,,4.831406013318168,0.0006614606144352168,0.13389609982886538,0.0015082422504263421
797,,4.831406013318168,0.0006614606144352168,0.13389609982886538,0.0015082422504263421
798,,4.831406013318168,0.0006614606144352168,0.13389609982886538,0.0015082422504263421
799,,4.831404490411232,0.0006605149681262746,0.1338998808982374,0.0015054070624848147
800,,4.831402967504295,0.0006595644496920781,0.13390366196760942,0.00150255701010511
801,,4.831402967504295,0.0006595644496920781,0.13390366196760942,0.00150255701010511
802,,4.8314008419609715,0.0006572558802404996,0.13390377717764096,0.0015026104773615736
803,,4.831397193510711,0.000653960196589947,0.13390767345704452,0.0014997985556693982
804,,4.831395670603774,0.0006529831191553667,0.1339114545264166,0.0014969181420551997
805,,4.8313953793372955,0.0006523908226037811,0.13390893270449383,0.0014998999138499164
806,,4.8313953793372955,0.0006523908226037811,0.13390893270449383,0.0014998999138499164
807,,4.8313935651638795,0.0006508126071773264,0.13391019195194312,0.0015000002080458798
808,,4.8313916317795575,0.0006489433242196142,0.1339159310063004,0.0014918518157104783
809,,4.83139010887262,0.00064794560977693,0.1339197120756724,0.0014889350596085345
810,,4.831388585965683,0.0006469427717488718,0.13392349314504443,0.0014860029577538185
811,,4.831388294699204,0.0006463417473741754,0.1339209713231217,0.0014890269764214626
812,,4.831386480525789,0.0006447287903590484,0.133922230570571,0.0014891178226997149
813,,4.831383434711914,0.0006426907074684912,0.13392979270931507,0.00148322606636288
814,,4.831360948948882,0.0006252942328681128,0.13397264039283266,0.0014530229765429771
815,,4.831360948948882,0.0006252942328681128,0.13397264039283266,0.0014530229765429771
816,,4.831360948948882,0.0006252942328681128,0.13397264039283266,0.0014530229765429771
817,,4.831359426041946,0.0006241838660576873,0.1339764214622047,0.0014498802356765828
818,,4.831374006003813,0.0006358323675078055,0.13394995730362455,0.001468291216284662
819,,4.831357903135008,0.0006230677981923322,0.13398020253157675,0.0014467207858734053
820,,4.831373714737334,0.0006352141455783777,0.1339474354817018,0.001471396995262321
821,,4.831356380228072,0.0006219459985808101,0.13398398360094876,0.001443544517422151
822,,4.831354857321134,0.0006208184361518611,0.1339877646703208,0.0014403513190571757
823,,4.83135181150726,0.0006185458966184537,0.1339953268090649,0.001433913679569506
824,,4.8313687355391375,0.0006310920951682859,0.13396073667480313,0.0014567849934771472
825,,4.831347242786449,0.0006150930668416439,0.134006670017181,0.0014241273715482185
826,,4.831345719879511,0.0006139302529160331,0.13401045108655302,0.0014208301661690179
827,,4.831344196972575,0.0006127614474845416,0.13401423215592506,0.0014175152058541478
828,,4.831344196972575,0.0006127614474845416,0.13401423215592506,0.0014175152058541478
829,,4.831339628251762,0.0006092187364241955,0.13402557536404117,0.0014074625374041476
830,,4.831338105344825,0.000608025616996342,0.13402935643341324,0.0014040752900194495
831,,4.831336291171409,0.0006061605441283321,0.13403061568086252,0.001404074430387131
832,,4.831332954091057,0.0006030683787888831,0.13403565599768386,0.0014006599902726046
833,,4.831329908277182,0.0006006176310502301,0.13404321813642792,0.0013937792525263652
834,,4.831326571196829,0.0005974611305379124,0.13404825845324925,0.0013902938417179685
835,,4.831322942849997,0.000593582706067945,0.13405077694814785,0.0013902567236582823
836,,4.831319897036122,0.0005910410420795182,0.1340583390868919,0.0013832415771111203
837,,4.831316851222248,0.0005884726365240987,0.13406590122563597,0.0013761491168241503
838,,4.831314917837926,0.0005861516845166843,0.13407164027999324,0.0013666090734608626
839,,4.83131339493099,0.000584847173246075,0.13407542134936526,0.001362992529776658
840,,4.83131339493099,0.000584847173246075,0.13407542134936526,0.001362992529776658
841,,4.831312812398032,0.0005834413876570705,0.13407037770551977,0.001370131947177425
842,,4.831311289491095,0.0005821252947994475,0.13407415877489182,0.001366528220345618
843,,4.831311289491095,0.0005821252947994475,0.13407415877489182,0.001366528220345618
844,,4.831309766584158,0.0005808022265525504,0.13407793984426386,0.0013629044751392262
845,,4.8313082436772214,0.0005794721351371239,0.1340817209136359,0.0013592605514532177
846,,4.8313082436772214,0.0005794721351371239,0.1340817209136359,0.0013592605514532177
847,,4.8313082436772214,0.0005794721351371239,0.1340817209136359,0.0013592605514532177
848,,4.8313063102928995,0.0005770861507082602,0.13408745996799315,0.00134953385825176
849,,4.831304787385962,0.0005757383321886609,0.1340912410373652,0.0013458269875633179
850,,4.831304787385962,0.0005757383321886609,0.1340912410373652,0.0013458269875633179
851,,4.831304787385962,0.0005757383321886609,0.1340912410373652,0.0013458269875633179
852,,4.831302854001639,0.0005733251541765904,0.13409698009172244,0.0013359615994741733
853,,4.831298285280829,0.0005692054468424087,0.13410832329983854,0.001324582038427266
854,,4.831298285280829,0.0005692054468424087,0.13410832329983854,0.001324582038427266
855,,4.831295239466953,0.0005664218573307119,0.1341158854385826,0.0013168867576616185
856,,4.831292193653079,0.0005636080608406544,0.1341234475773267,0.0013091025615283778
857,,4.831286631921926,0.0005567311591881689,0.1341317051265825,0.001298619312269025
858,,4.831283586108051,0.0005538207972200434,0.1341392672653266,0.0012906322640251248
859,,4.8312802490276985,0.0005501150585174311,0.1341443075821479,0.001286491261691447
860,,4.831278726120761,0.000548628655519012,0.13414808865151998,0.0012824346075916765
861,,4.83127415739995,0.0005441195115569822,0.13415943185963608,0.0012701193778313763
862,,4.831276333240661,0.0005501167607034553,0.13418187507869586,0.001234713757161268
863,,4.831273287426787,0.0005471138880495854,0.13418943721743995,0.0012260011421652546
864,,4.83127176451985,0.0005455998779371665,0.134193218286812,0.0012216039785328666
865,,4.831272634493012,0.0005425995880404388,0.13416321292900812,0.0012659650936729498
866,,4.831269950346433,0.0005432991566504641,0.13419447753426128,0.00122143406745891
867,,4.831266904532559,0.0005402224055806829,0.13420203967300534,0.0012125474492082479
868,,4.831265019958326,0.0005348701580745451,0.13418211827586832,0.0012448134985243626
869,,4.831262044545269,0.000534746696319653,0.13421086105919872,0.0012033581009353717
870,,4.831260521638333,0.0005331654581915281,0.13421464212857073,0.0011988103222777956
871,,4.8312589987313945,0.0005315751535778376,0.1342184231979428,0.0011942332542437461
872,,4.831258054531142,0.0005260998255967519,0.13418967708758822,0.0012400217574739469
873,,4.831254430010584,0.0005267490173061403,0.1342297664060589,0.0011803228956264052
874,,4.831251384196709,0.0005234847247042744,0.13423732854480297,0.001170896474793055
875,,4.8312498612897725,0.0005218382547734057,0.134241109614175,0.0011661363014662846
876,,4.831248338382835,0.0005201821150329164,0.13424489068354706,0.0011613443070601136
877,,4.831243478395545,0.0005143177539518953,0.1342537120697404,0.0011514182521658943
878,,4.8312431670256375,0.0005132385348335313,0.13425256803232263,0.001151698129791108
879,,4.831239829945284,0.0005089726243724895,0.134257608349144,0.00114655770203974
880,,4.831239829945284,0.0005089726243724895,0.134257608349144,0.00114655770203974
881,,4.831238307038347,0.0005072443665606942,0.134261389418516,0.001141628890807859
882,,4.831238015771868,0.0005063911625020945,0.13425886759659328,0.001146305935972171
883,,4.831236492864932,0.0005046485894883714,0.13426264866596532,0.0011413718659848086
884,,4.831236492864932,0.0005046485894883714,0.13426264866596532,0.0011413718659848086
885,,4.831236492864932,0.0005046485894883714,0.13426264866596532,0.0011413718659848086
886,,4.83123192414412,0.0004993565220994581,0.13427399187408146,0.0011263638361934012
887,,4.83123192414412,0.0004993565220994581,0.13427399187408146,0.0011263638361934012
888,,4.831230109970703,0.000496696213267488,0.13427525112153074,0.0011260892346518219
889,,4.831230109970703,0.000496696213267488,0.13427525112153074,0.0011260892346518219
890,,4.831230109970703,0.000496696213267488,0.13427525112153074,0.0011260892346518219
891,,4.831225541249893,0.0004912591396010156,0.13428659432964685,0.0011107460622792652
892,,4.8312220849586325,0.00048626178817490375,0.13429611445337614,0.0010924820401485855
893,,4.831215702064405,0.00047781118421068265,0.13430871690894153,0.0010761137178693931
894,,4.831215702064405,0.00047781118421068265,0.13430871690894153,0.0010761137178693931
895,,4.831212656250531,0.00047396132889817135,0.13431627904768562,0.0010652056520767082
896,,4.831212656250531,0.00047396132889817135,0.13431627904768562,0.0010652056520767082
897,,4.831209610436657,0.0004700602098249851,0.13432384118642968,0.0010541304742587008
898,,4.831209319170179,0.0004691215686761073,0.13432131936450695,0.0010593426337845578
899,,4.831204750449366,0.00046315600550816055,0.13433266257262302,0.0010425169269074376
900,,4.831204750449366,0.00046315600550816055,0.13433266257262302,0.0010425169269074376
901,,4.831204750449366,0.00046315600550816055,0.13433266257262302,0.0010425169269074376
902,,4.831199890462077,0.0004560955284399488,0.1343414839588164,0.001030697043416462
903,,4.831199890462077,0.0004560955284399488,0.1343414839588164,0.001030697043416462
904,,4.831199890462077,0.0004560955284399488,0.1343414839588164,0.001030697043416462
905,,4.831199890462077,0.0004560955284399488,0.1343414839588164,0.001030697043416462
906,,4.83119836755514,0.00045403215511431873,0.13434526502818847,0.0010249019838649857
907,,4.83119836755514,0.00045403215511431873,0.13434526502818847,0.0010249019838649857
908,,4.831196844648202,0.00045195423020645586,0.1343490460975605,0.0010190599417022233
909,,4.831196844648202,0.00045195423020645586,0.1343490460975605,0.0010190599417022233
910,,4.831187074376233,0.00043369128062716397,0.13434413044085594,0.0010419504564254613
911,,4.831187074376233,0.00043369128062716397,0.13434413044085594,0.0010419504564254613
912,,4.831186783109755,0.00043265857697557923,0.1343416086189332,0.0010472720966449803
913,,4.831191693394434,0.0004436255238159145,0.13435534566183113,0.0010123617643498291
914,,4.831180691482006,0.0004236675469293707,0.13435673289642133,0.0010241846711835794
915,,4.831180691482006,0.0004236675469293707,0.13435673289642133,0.0010241846711835794
916,,4.831185310500207,0.0004338993365047779,0.13436794811739652,0.0009939251230911183
917,,4.831179168575068,0.00042137605605457293,0.13436051396579335,0.0010182959330806032
918,,4.831174189376872,0.00041279611754020093,0.1343738151588947,0.0009915397790890344
919,,4.831172666469936,0.00041041981037614155,0.13437759622826673,0.0009853904412557113
920,,4.831180159246439,0.000425077384427876,0.1343742476816672,0.0009869357519461195
921,,4.831167806482645,0.00040204752319754924,0.1343864176144601,0.0009724692385253181
922,,4.831163237761833,0.0003945900789318247,0.1343977608225762,0.0009533385028511714
923,,4.831161714854897,0.00039206091351129554,0.13440154189194822,0.0009468455041819804
924,,4.831158669041022,0.00038693501192558116,0.1344091040306923,0.0009336781273106292
925,,4.831158669041022,0.00038693501192558116,0.1344091040306923,0.0009336781273106292
926,,4.8311571461340845,0.00038433737457148207,0.13441288510006436,0.0009270011727478141
927,,4.8311541003202105,0.00037907034979877026,0.13442044723880844,0.0009134539140412741
928,,4.8311541003202105,0.00037907034979877026,0.13442044723880844,0.0009134539140412741
929,,4.8311510545063365,0.0003737042797939396,0.1344280093775525,0.0008996391276473335
930,,4.831147717425983,0.00036698699391388725,0.13443304969437384,0.0008920582839755121
931,,4.831147717425983,0.00036698699391388725,0.13443304969437384,0.0008920582839755121
932,,4.831146194519046,0.00036420133327538096,0.13443683076374585,0.0008849651012530359
933,,4.831144671612109,0.0003613877835872422,0.1344406118331179,0.0008777983173207069
934,,4.831143148705173,0.0003585456883042304,0.13444439290248994,0.0008705561144321146
935,,4.831141625798234,0.0003556743631271869,0.13444817397186196,0.0008632365943865125
936,,4.83113857998436,0.0003498411369199505,0.13445573611060604,0.0008483575767329572
937,,4.831137057077424,0.00034687771273545577,0.1344595171799781,0.0008407938323985983
938,,4.831137057077424,0.00034687771273545577,0.1344595171799781,0.0008407938323985983
939,,4.831134011263549,0.00034085317240949836,0.13446707931872215,0.0008254064882738441
940,,4.831134011263549,0.00034085317240949836,0.13446707931872215,0.0008254064882738441
941,,4.831132488356612,0.0003377903139219938,0.1344708603880942,0.0008175779978511469
942,,4.831132488356612,0.0003377903139219938,0.1344708603880942,0.0008175779978511469
943,,4.831132488356612,0.0003377903139219938,0.1344708603880942,0.0008175779978511469
944,,4.831129442542737,0.00033155874710536756,0.13447842252683825,0.0008016382145507869
945,,4.831129442542737,0.00033155874710536756,0.13447842252683825,0.0008016382145507869
946,,4.831127919635801,0.0003283880301514402,0.1344822035962103,0.0007935212409257405
947,,4.831126396728863,0.0003251792665904854,0.13448598466558231,0.000785302170887925
948,,4.831124873821927,0.00032193131876664233,0.1344897657349544,0.0007769777644379902
949,,4.8311233509149885,0.00031864298845926876,0.1344935468043264,0.0007685445987642053
950,,4.831121828008052,0.00031531301225068176,0.13449732787369845,0.0007599990534053431
951,,4.831121828008052,0.00031531301225068176,0.13449732787369845,0.0007599990534053431
952,,4.831121828008052,0.00031531301225068176,0.13449732787369845,0.0007599990534053431
953,,4.831120305101115,0.0003119400564272952,0.1345011089430705,0.0007513372938256225
954,,4.83111725928724,0.0003050594852633785,0.13450867108181455,0.0007336486120834802
955,,4.83111725928724,0.0003050594852633785,0.13450867108181455,0.0007336486120834802
956,,4.831115736380303,0.00030154879735323965,0.13451245215118657,0.000724612775911819
957,,4.831124873821927,0.0003219313187666423,0.13448976573495436,0.0007769777644379901
958,,4.8311123992999505,0.00029278067439949423,0.1345174924680079,0.0007145836972427638
959,,4.831120305101115,0.00031194005642729526,0.1345011089430705,0.0007513372938256225
960,,4.831118782194178,0.0003085227113553401,0.1345048900124425,0.0007425552531887506
961,,4.8311172592872405,0.0003050594852633785,0.13450867108181455,0.0007336486120834802
962,,4.831104784765263,0.00027377374506619824,0.13453639781486812,0.0006664287905956234
963,,4.831115736380303,0.00030154879735323965,0.13451245215118657,0.000724612775911819
964,,4.831103261858327,0.000269785944873864,0.13454017888424014,0.0006563086534056137
965,,4.831109644752554,0.000286996241819476,0.13452757642867474,0.0006870744510700206
966,,4.83110659893868,0.00027938610324904556,0.1345351385674188,0.0006673856131467665
967,,4.831105076031742,0.00027548958762022024,0.13453891963679085,0.0006572874522152045
968,,4.831095647323641,0.0002487505608131444,0.13455908423110036,0.0006028106933100381
969,,4.831100507310931,0.0002634016638825604,0.13455026284490695,0.0006258793427052925
970,,4.831098693137514,0.0002573981406240994,0.13455152209235627,0.0006248284864736643
971,,4.831098693137514,0.0002573981406240994,0.13455152209235627,0.0006248284864736643
972,,4.831097170230578,0.0002531158655563463,0.13455530316172828,0.0006139299481411097
973,,4.831097170230578,0.0002531158655563463,0.13455530316172828,0.0006139299481411097
974,,4.831097170230578,0.0002531158655563463,0.13455530316172828,0.0006139299481411097
975,,4.831097170230578,0.0002531158655563463,0.13455530316172828,0.0006139299481411097
976,,4.831094124416703,0.00024429777551645854,0.13456286530047237,0.0005914582738808546
977,,4.8310926015097655,0.0002397526355405647,0.1345666463698444,0.0005798589953981214
978,,4.8310926015097655,0.0002397526355405647,0.1345666463698444,0.0005798589953981214
979,,4.831088032788954,0.00022550668433827351,0.13457798957796052,0.0005434202711741265
980,,4.8310865098820175,0.00022053261401271563,0.13458177064733254,0.0005306644740701896
981,,4.8310846957086016,0.00021320697122062524,0.13458302989478185,0.0005293497120848162
982,,4.831083172801665,0.00020791444782282978,0.1345868109641539,0.0005162094487961167
983,,4.831081649894727,0.00020247218119730072,0.1345905920335259,0.000502697403412143
984,,4.83108012698779,0.0001968677531060728,0.13459437310289796,0.0004887827439640633
985,,4.831078604080853,0.0001910868958777535,0.13459815417227,0.00047443004671455515
986,,4.831077081173916,0.00018511308124570205,0.13460193524164202,0.00045959827532630995
987,,4.83107403536004,0.00017250576662594493,0.1346094973803861,0.0004282968674693161
988,,4.831072512453104,0.00016582211890471546,0.13461327844975812,0.0004117027243385642
989,,4.831066420825355,0.00013566699157361415,0.13462840272724627,0.00033683365284801965
990,,4.831066420825355,0.00013566699157361415,0.13462840272724627,0.00033683365284801965
991,,4.831066420825355,0.00013566699157361415,0.13462840272724627,0.00033683365284801965
992,,4.831061852104543,0.00010741623042977083,0.1346397459353624,0.00026669273676045187
993,,4.831060329197607,9.612426452229368e-05,0.13464352700473445,0.00023865707325576647
994,,4.831060329197607,9.612426452229368e-05,0.13464352700473445,0.00023865707325576647
995,,4.831060329197607,9.612426452229368e-05,0.13464352700473445,0.00023865707325576647
996,,4.831058806290669,8.32878347004102e-05,0.13464730807410646,0.0002067868187724852
997,,4.8310557604767945,4.813446056732028e-05,0.13465487021285055,0.00011950811315781237
998,,4.831054237569858,8.881784197001252e-16,0.1346586512822226,2.7755575615628914e-17
