,n,rmsd_mean,rmsd_std
1,,0.0770401899776702,0.05934502788745009
2,,0.052807301612041196,0.020778444915669655
3,,0.04821744382969486,0.00972081090841926
4,,0.04647372588080996,0.003752177817814484
5,,0.04586346326036975,0.0027291950612403962
6,,0.04544427414764134,0.002440435623474115
7,,0.04509584039639058,0.002308217408484212
8,,0.044794740152689166,0.002214180963623707
9,,0.044574656441209046,0.0021276632406633826
10,,0.04436580597794443,0.002070847002569582
11,,0.04420759387680915,0.0020212196679624704
12,,0.04403853701528528,0.0019866617138098955
13,,0.04389958081809969,0.0019482056819999452
14,,0.04376494820542366,0.0019311989853400841
15,,0.0436380677963772,0.0019060624870243595
16,,0.04351229162880756,0.0018928372323613269
17,,0.043403933722332796,0.0018825591241656313
18,,0.04331467768862666,0.0018668821823726524
19,,0.04320727784514428,0.001863547555275575
20,,0.04311612442033154,0.0018461267401913405
21,,0.04303148401941028,0.0018338096045670677
22,,0.04297446186722269,0.0018154021054358539
23,,0.04290567456655065,0.0018034175689789897
24,,0.042837803737362685,0.0017890425204304299
25,,0.042785321825872726,0.0017787804068178407
26,,0.042741006847019807,0.0017652714061605931
27,,0.04269029422724094,0.0017613906401310608
28,,0.04263927658827035,0.0017453819301479448
29,,0.04259373910812694,0.0017360994495336155
30,,0.04254054542170532,0.0017242332445043434
31,,0.042496363605599184,0.0017260737138062603
32,,0.04244866119939147,0.001709204546179286
33,,0.0424114626726592,0.0016978462971233524
34,,0.04236675677254992,0.0016982941960809771
35,,0.04231617496568198,0.0016919056576027102
36,,0.04227169420389287,0.0016814850965980587
37,,0.04223177772655381,0.0016693652495880324
38,,0.04218922056967478,0.0016529383429709536
39,,0.04215730590669986,0.001646632895216114
40,,0.042129052495200145,0.0016448241372202734
41,,0.0420805985087687,0.0016457561038260833
42,,0.04205134103618652,0.001634973154370821
43,,0.042019532959030145,0.0016251289154088871
44,,0.04198484408822257,0.0016194146125296004
45,,0.04195443622317024,0.001620035370066939
46,,0.04193082552219799,0.0016177691504874715
47,,0.041901900649854384,0.0016116305813555663
48,,0.04187709117450932,0.00160060808066769
49,,0.04189535160106141,0.00157347624264415
50,,0.04186504089631333,0.0015744162249310503
51,,0.04184150102264206,0.001572787587567827
52,,0.04181793158530398,0.001566834936347333
53,,0.04179539720222466,0.0015663398702885113
54,,0.04176539269611063,0.0015621647955749015
55,,0.04174939438581551,0.0015585047006900891
56,,0.04172090292027572,0.0015563074097288165
57,,0.04170513038452462,0.0015556307851943224
58,,0.04168764693747165,0.001554443986688306
59,,0.04166613515222739,0.0015507090930225716
60,,0.04164150238751471,0.0015493136038178138
61,,0.04162264167515826,0.0015492918649369553
62,,0.041602183996793905,0.0015453985778629128
63,,0.04157636045554513,0.0015408001913987746
64,,0.04155699996107713,0.0015323572173441158
65,,0.041538521657757774,0.0015281238541761017
66,,0.04152489433897203,0.001523506873585683
67,,0.04150767507066779,0.0015183168760264372
68,,0.04148313574846242,0.001521701544237319
69,,0.041465502397776015,0.001518730951051929
70,,0.04145014094132947,0.0015175370262810225
71,,0.041436538241107324,0.0015155617008521835
72,,0.04142124996074303,0.0015134917440164483
73,,0.04140503498508269,0.001509071864327373
74,,0.04139458990597112,0.0015077663595629014
75,,0.041381279683119186,0.0015019080819828063
76,,0.04136108402208297,0.0015011084429687631
77,,0.04134214019890311,0.001500934595248537
78,,0.041315521106416904,0.0015002063676512849
79,,0.04129604720888933,0.0014972040301189321
80,,0.041278094920549444,0.001498641123146028
81,,0.04126141170665495,0.0014938462993449638
82,,0.04124108303530669,0.0014907229456483147
83,,0.04123396190995152,0.0014907442397026436
84,,0.04122273165374023,0.0014844183007435862
85,,0.04120429905498324,0.0014830868818889993
86,,0.04118770279756547,0.0014823296199211594
87,,0.04116909224692341,0.001481947124582247
88,,0.041144622026389105,0.0014819265133417354
89,,0.04113179345320714,0.001480735047864254
90,,0.041118678699399946,0.0014772964859878634
91,,0.0411047591449286,0.0014729459870895818
92,,0.04108640214362479,0.0014722311984551395
93,,0.04106902118010107,0.00146997927718667
94,,0.04104959575478686,0.0014667962147185969
95,,0.0410346032401676,0.001463122561690795
96,,0.041018967677609985,0.001463020131138329
97,,0.041061325576367796,0.0014504405832414555
98,,0.04104132431141495,0.0014476586868187992
99,,0.04102550530806888,0.001442460917468926
100,,0.04101405426346918,0.0014443205258356832
101,,0.04099380272800212,0.0014414760857496933
102,,0.04097741036316128,0.0014388866922697323
103,,0.04096209240705865,0.001437887493352348
104,,0.04094975492605538,0.001434227765876393
105,,0.040932956989819774,0.0014338681152421357
106,,0.04091598454128269,0.00143100961052575
107,,0.040906136686324944,0.0014301250527330343
108,,0.04089262003409395,0.001427646609659191
109,,0.04087222637047401,0.0014265501440051272
110,,0.04085905693215676,0.001424418861391319
111,,0.04084706361023615,0.0014239817289923582
112,,0.04084191190090051,0.0014219163897457596
113,,0.040830710894386134,0.0014208717833642638
114,,0.04081917437775349,0.0014174331315994291
115,,0.04081317953461949,0.0014153070086125115
116,,0.04080032093229319,0.0014122303979836335
117,,0.0407920167196844,0.0014108308110524165
118,,0.04077883777763908,0.0014076189004399095
119,,0.04077208119067027,0.0014072929982585337
120,,0.04076052646114017,0.0014063777307946113
121,,0.04074373262832621,0.001405376724626268
122,,0.04073516887501451,0.0014028267031115887
123,,0.04072382726505722,0.001396754921757858
124,,0.04071652329223783,0.0013940071077243334
125,,0.040708475440960186,0.0013930983758485226
126,,0.04069350505202613,0.001387772487719657
127,,0.040685399121143176,0.001384906845459107
128,,0.040675203747743,0.0013834636630374172
129,,0.04066864885393037,0.0013800790272228943
130,,0.04065096348932647,0.0013753014968673652
131,,0.04064112669599664,0.0013726825831427158
132,,0.04063644164889569,0.0013723258063836447
133,,0.040625084609851,0.0013704910834025931
134,,0.04061621106813536,0.0013695540772048747
135,,0.04060357633865237,0.0013611606527682096
136,,0.040597071451325906,0.001358896508650359
137,,0.040591942979480475,0.0013584554585916485
138,,0.04057974727568854,0.0013564734649963363
139,,0.040570983330935374,0.0013521124094963398
140,,0.040559077980239305,0.001348529125705031
141,,0.04055096823827868,0.0013469975754658568
142,,0.040541233394102594,0.001345444614046343
143,,0.04052907200768359,0.001341478170885168
144,,0.040521126272185126,0.0013389555787381463
145,,0.04052460028192924,0.001339963946435152
146,,0.04051157873474017,0.0013361455097514983
147,,0.04050081979710914,0.001333752424134236
148,,0.04049237601807465,0.0013311117632271111
149,,0.040482768017739805,0.0013269350643013186
150,,0.040474498462833595,0.0013245549708803845
151,,0.040468822232051456,0.0013236642835055303
152,,0.04046004239878084,0.0013215875700967128
153,,0.040453894167698984,0.0013188801158865563
154,,0.04044637237940566,0.0013188633672868513
155,,0.04043938726839888,0.0013134193320441597
156,,0.04043109770404223,0.001310934935339174
157,,0.04042831391912998,0.0013095487561221855
158,,0.040423773840210266,0.0013075344541018858
159,,0.04041518137224995,0.0013053180444720562
160,,0.04040692785806411,0.0013027293475017041
161,,0.04039838700115536,0.0013025268326758233
162,,0.040386613271393895,0.001298188046964737
163,,0.040378421373543485,0.0012983415999250991
164,,0.04037359191780947,0.0012978194709368565
165,,0.04036599891717552,0.0012962320081390034
166,,0.04036213567477081,0.001295066561884255
167,,0.04035691825934291,0.001293360542191288
168,,0.040348710161485064,0.0012918767212100714
169,,0.04034222190149865,0.00128904176256425
170,,0.04033191764605351,0.001287544149562234
171,,0.040318037578974855,0.0012810257269101082
172,,0.04031216263914721,0.0012807419952560312
173,,0.040305758090011606,0.0012769682004497955
174,,0.0403007995540575,0.001276996065793882
175,,0.04029400274793183,0.0012759996423975818
176,,0.04028805456411451,0.0012737242088533458
177,,0.040281231683396174,0.0012710606510728136
178,,0.04027335303276562,0.001269967217922561
179,,0.04026433188036389,0.001265968624052317
180,,0.04025339740972129,0.0012604251821066094
181,,0.04024748205795363,0.0012571641642438102
182,,0.040236028391726276,0.001249510501724263
183,,0.0402265438970856,0.0012446950089980485
184,,0.040218000498347034,0.0012437261286204928
185,,0.040206530062807305,0.0012388660882370266
186,,0.04019774840541301,0.0012375792437612225
187,,0.04019162315854172,0.0012332964675923438
188,,0.04018594446286967,0.001231422610500143
189,,0.04017803179647478,0.0012270954967918957
190,,0.0401899715606993,0.001226344766194733
191,,0.0401812646139623,0.0012242826715486404
192,,0.04017611674708576,0.0012226306879673963
193,,0.040172880664365175,0.0012212152481186904
194,,0.04016768708049877,0.001219152504892961
195,,0.040147604305686146,0.0012161320761128447
196,,0.040158658649889,0.0012161675160936418
197,,0.040152446919953316,0.00121331083945477
198,,0.04014837052809127,0.0012122657186620183
199,,0.04012523171843851,0.0012060041324871
200,,0.04012020501009969,0.0012045016409916464
201,,0.040136108835485095,0.001208081946111704
202,,0.04013278830616109,0.0012062151738771697
203,,0.04012512867654079,0.001202664349589506
204,,0.04011483558804081,0.0012000916575173538
205,,0.04011117359652924,0.0011985148845214293
206,,0.0401013246571503,0.0011943460404388662
207,,0.040093877851629114,0.0011910354118746926
208,,0.04008630056411601,0.001187412013920602
209,,0.04007757946675359,0.0011845046881370242
210,,0.040071652772612716,0.001183987580622075
211,,0.04006704539667718,0.001182922552315923
212,,0.040061112910493205,0.0011784680254834383
213,,0.04005219292329402,0.001173234391557835
214,,0.040045212688795205,0.0011692215793689064
215,,0.04004276558188748,0.0011691956375412768
216,,0.04003355129398192,0.0011635427659565682
217,,0.04002933322496406,0.0011632834451345026
218,,0.04002395239450565,0.0011606317916846485
219,,0.04001858917451063,0.0011582124712854846
220,,0.04000937446872211,0.0011539009954529857
221,,0.04000408875332444,0.0011532650003582795
222,,0.039998065835851845,0.0011504939129703639
223,,0.03999376344835457,0.0011489449493321312
224,,0.03998706373953556,0.0011450077963564111
225,,0.039981111449358474,0.00114092948134396
226,,0.03997679756261742,0.0011391905378050952
227,,0.03997383983502039,0.0011370334181549082
228,,0.039968443134972824,0.0011330784938899524
229,,0.039962301906833815,0.0011290489363584653
230,,0.03997853231368176,0.0011374106308263362
231,,0.03997613683440775,0.0011355493459870136
232,,0.039974830098203226,0.0011354806402764813
233,,0.03994346233182351,0.00112052283792149
234,,0.03996881439745545,0.0011339343969804954
235,,0.03993027966799144,0.0011122873751807328
236,,0.03995522607722887,0.0011276610912051687
237,,0.03995311083764369,0.0011263050844867641
238,,0.03994864025136714,0.001124011268035716
239,,0.039940576466178684,0.001117548080202822
240,,0.03990158741293377,0.001097654704362609
241,,0.03993074080000054,0.0011125210562024008
242,,0.03991900330663035,0.0011070774756879104
243,,0.03988557057624795,0.0010909904030430733
244,,0.03990624933320631,0.0011010673453460624
245,,0.03989912707789419,0.0010978640308177924
246,,0.03989385187492956,0.0010958235592520458
247,,0.03989079686427161,0.0010947664772163219
248,,0.03988668143668876,0.0010928209356857775
249,,0.03986012051471351,0.0010761413034713826
250,,0.03987655748188189,0.0010854675012152931
251,,0.039872518055192485,0.0010812405770990324
252,,0.039869183041569244,0.0010770961628819536
253,,0.03984384738966319,0.001067735899424759
254,,0.03985284930582631,0.0010657822258913175
255,,0.039845500782833124,0.0010629559773525715
256,,0.03982609987056143,0.0010578764818433297
257,,0.039823953339010426,0.0010553354105893593
258,,0.03983417197755772,0.0010576365404982534
259,,0.03983098417967686,0.0010569541438747501
260,,0.03981153448609507,0.0010465265206855983
261,,0.039810654465853273,0.0010449778059320953
262,,0.03981929791012392,0.0010500168523345274
263,,0.03981643531949764,0.0010485992273752648
264,,0.03981336540879384,0.001045282043336829
265,,0.039806736243046696,0.0010403819649086822
266,,0.03980059035311872,0.0010369212988179065
267,,0.03978718189024615,0.0010302349045070013
268,,0.03979010300788806,0.0010303510723128498
269,,0.039784413006899354,0.0010292996348888765
270,,0.03978068917982162,0.0010271838873853244
271,,0.03977914226139272,0.0010264407079191222
272,,0.039776391767871615,0.0010229957517048842
273,,0.039768544405945634,0.0010170871512175125
274,,0.03976553190233942,0.0010152821052062252
275,,0.03976069341594413,0.0010111043711887296
276,,0.03972793988185102,0.0009841538625956507
277,,0.03972287585977573,0.0009802119919423526
278,,0.03975209284306107,0.0010063990355348204
279,,0.03971705307432557,0.000978533938356956
280,,0.03971569645306019,0.0009775661937356005
281,,0.0397408655641097,0.0009979616100511467
282,,0.03970864452591019,0.0009725848682194903
283,,0.03970573335958651,0.0009717128364187643
284,,0.03970405875698593,0.0009705320655091353
285,,0.03972987232276543,0.0009883776622940906
286,,0.0397274633454226,0.0009865048830065288
287,,0.0396908787048826,0.000961070017353697
288,,0.03968461482554462,0.0009564427784715551
289,,0.039684343875952696,0.0009562727664697697
290,,0.03968159989838744,0.0009547507958654402
291,,0.03967730377713976,0.0009490513139545475
292,,0.03967463531161075,0.0009477597592166303
293,,0.03967134164623566,0.0009463423669337373
294,,0.03966856843095054,0.000944623974809964
295,,0.03966379677741974,0.0009408112035089802
296,,0.039662149624617817,0.0009400751921589561
297,,0.03969612075951054,0.0009675270955728164
298,,0.03969121733425022,0.0009642611767643771
299,,0.039646488551019564,0.0009241223329999907
300,,0.03964304827150216,0.0009206066511118873
301,,0.03964124888953989,0.0009200612799669356
302,,0.03963745513791296,0.0009177883139810047
303,,0.039680909007465126,0.0009535657413215477
304,,0.039675615078204225,0.000950860003364425
305,,0.03967277195880492,0.0009500426855605793
306,,0.0396234023894634,0.0009067088654975012
307,,0.03962042402687291,0.000903893708971188
308,,0.03961998765144058,0.0009037845819100257
309,,0.03966313788493036,0.0009484542319005044
310,,0.039659808147315324,0.0009461567118314793
311,,0.039608238505141675,0.0008946173535798403
312,,0.039604310329355706,0.0008927226112419897
313,,0.03960158945600585,0.00088962884166921
314,,0.03959943243501967,0.0008892776532636263
315,,0.03959578213329156,0.0008864089322737307
316,,0.03963931650832357,0.0009326461073974029
317,,0.03958594819186746,0.00087766674258949
318,,0.03962891233846671,0.0009236650124102203
319,,0.039577839475166916,0.0008741477842840534
320,,0.03957488712253385,0.0008734111926048364
321,,0.03957488712253385,0.0008734111926048364
322,,0.039595517053163436,0.0008981230738376228
323,,0.03959065661402652,0.0008922495086916967
324,,0.039587771562448665,0.0008912170013290901
325,,0.03956400812832875,0.0008636080081456567
326,,0.03956179773911471,0.0008614392675497612
327,,0.03957662108113004,0.000879357596637714
328,,0.03957384089570258,0.0008771766387451361
329,,0.03957047204232798,0.000875000168091179
330,,0.039564332077903386,0.0008703916096076732
331,,0.03956255435615109,0.0008689849667281635
332,,0.039549518621156035,0.0008498261765982553
333,,0.03955692377412488,0.000864760916886587
334,,0.03954675271543476,0.0008487238890463656
335,,0.03954271481577013,0.0008460777937014424
336,,0.039545443866653686,0.0008549154535786412
337,,0.03954376896042981,0.0008542366153303588
338,,0.039543253857023945,0.0008533908510871723
339,,0.03954097577730351,0.0008521012940459194
340,,0.03953899904292561,0.000850389397232792
341,,0.03952839814960143,0.0008382335092161852
342,,0.03953128533048929,0.000844454650548215
343,,0.03953026126235051,0.0008448119308049353
344,,0.03952905217012365,0.0008439624745011035
345,,0.0395260882284392,0.0008409700195796912
346,,0.03951703495543535,0.0008268102593721234
347,,0.039522290384837816,0.0008390796215002976
348,,0.039518247269332625,0.000836152612052809
349,,0.039513975492196284,0.0008327490715043564
350,,0.039513975492196284,0.0008327490715043564
351,,0.039507053706492976,0.0008176254556839209
352,,0.03951025868465421,0.0008301950463419684
353,,0.03950184853829021,0.0008145779394162256
354,,0.03949851351549273,0.0008111689031312384
355,,0.039503113352802315,0.0008253417026975302
356,,0.03949405234811515,0.0008074166436992803
357,,0.039498631914669145,0.0008236354205996402
358,,0.03949727457121821,0.0008225262066090659
359,,0.03949472505963031,0.0008209154675689629
360,,0.039493106615277766,0.000818900704305118
361,,0.03949051542051079,0.0008170166382097381
362,,0.03948488373941609,0.0008122226648977171
363,,0.039478874910782565,0.000797414494459964
364,,0.03947840866725424,0.0007975495832907516
365,,0.0394752754504052,0.0008013728671206668
366,,0.03947300616372766,0.0008011491202913323
367,,0.03947268915585675,0.0008011900369964968
368,,0.039467327203279993,0.0007888262559212012
369,,0.03946471683664087,0.0007868455686736088
370,,0.03948131570003311,0.0008120579326083583
371,,0.03947957523058469,0.0008113854221955785
372,,0.03947651140403438,0.0008083278254792585
373,,0.03947546227921312,0.0008068680106289111
374,,0.03945193099657844,0.0007793479491918359
375,,0.039469531643814434,0.0008025883130211159
376,,0.03946485665501172,0.0007984116014937928
377,,0.03946306609318469,0.0007969686491585147
378,,0.03945993224806301,0.0007939753539176679
379,,0.03945731869486277,0.0007916646928910367
380,,0.03945573380579847,0.0007904933798695981
381,,0.03943354275512519,0.0007673213809752581
382,,0.039452615687317935,0.0007881976807045948
383,,0.039429169374883694,0.0007625457522092945
384,,0.03944265475240987,0.0007779647032347654
385,,0.03944016900517741,0.0007768400657154167
386,,0.03943866865762855,0.0007744674322159387
387,,0.03941876907510076,0.0007547168278235393
388,,0.039435123680498604,0.000770609367007589
389,,0.039416426393640645,0.0007539477029690442
390,,0.03943092523254941,0.0007659195336291546
391,,0.03942869171918119,0.0007631884117058257
392,,0.03942803853111452,0.0007634339243980166
393,,0.03940877710912784,0.000747908130605493
394,,0.039425473375458514,0.0007617820746290176
395,,0.03940775194331549,0.0007463956082189694
396,,0.03942047638351626,0.0007582589912766966
397,,0.0394177787762492,0.0007574411606888406
398,,0.0394150891539535,0.000753736959146861
399,,0.03941334411667052,0.0007517261958700109
400,,0.03941103396074659,0.0007501353298505088
401,,0.03939703085525794,0.0007381511787419352
402,,0.03939496204562394,0.0007354636636359341
403,,0.039404441433237236,0.00074441628175016
404,,0.03939027083969699,0.0007319575279893944
405,,0.039386424224090395,0.0007262568959360288
406,,0.03939998452628944,0.0007383816254594027
407,,0.0393992351997747,0.0007367353257083588
408,,0.03939837082643659,0.0007351585357233591
409,,0.03939734449172531,0.0007340877518692431
410,,0.039395612767239525,0.0007321375182393454
411,,0.03939158062658816,0.0007277067547260751
412,,0.03939036802782362,0.0007263213112397213
413,,0.03939036802782362,0.0007263213112397213
414,,0.03936903237917164,0.0007062288076236462
415,,0.03939040859025318,0.0007163364773456666
416,,0.039364182964189955,0.0007016097288801698
417,,0.03936308462539409,0.0007010802452841578
418,,0.03938446301852257,0.0007104034991515157
419,,0.03938244476724472,0.0007096746355250437
420,,0.03938042139217594,0.0007066967391590485
421,,0.03937957520262197,0.0007061275372829927
422,,0.039378548491755296,0.0007055449605647826
423,,0.03937090504279583,0.0007069517494269195
424,,0.03937783435701817,0.0007056625129836368
425,,0.03937463610478613,0.0007029148049616492
426,,0.03934751849574141,0.0006867262859310097
427,,0.039370708001501435,0.0006998144009280641
428,,0.03936899810659727,0.0006979537377772926
429,,0.03936602547332892,0.0006956818215500708
430,,0.039365113976575876,0.0006949394120749546
431,,0.039364291420526325,0.0006946983776221181
432,,0.03934820641893896,0.0006844194147111127
433,,0.03936248190967558,0.000693301214641355
434,,0.03934562008856702,0.0006831267837598302
435,,0.03934387581399684,0.0006808303077776227
436,,0.039341368661773096,0.0006772974408149748
437,,0.03935200478350308,0.0006844458746891746
438,,0.0393508217477816,0.0006827344264071607
439,,0.03934640015849817,0.0006772648530756826
440,,0.039344867282906835,0.000674348765249403
441,,0.03934365664541138,0.0006735472253746589
442,,0.039342138005819455,0.0006729699742929379
443,,0.039336322840410644,0.0006747639173836128
444,,0.03933815958425856,0.0006669733415416521
445,,0.03933067866502122,0.0006684096062929975
446,,0.03933387565311148,0.0006625642292642577
447,,0.03933327932948138,0.0006622638158585983
448,,0.0393326658661599,0.0006623763362535384
449,,0.039331848077019525,0.0006613136048705305
450,,0.039323247938237355,0.0006597494295036168
451,,0.03932284007573405,0.0006584136982252149
452,,0.03932082565656964,0.0006563812088362931
453,,0.03932627565834126,0.0006574937476101491
454,,0.03931942322583601,0.0006551384667835241
455,,0.03932162860744254,0.0006504748490031028
456,,0.039319057593117726,0.0006478510774310047
457,,0.03931756469985597,0.0006471736599124639
458,,0.039315951888159756,0.000646141257251846
459,,0.03931494128201464,0.0006449709171301812
460,,0.0393099975848777,0.0006370586296762379
461,,0.03932848727499182,0.0006741454119608915
462,,0.03930766981214846,0.000636597595455499
463,,0.0393227209498963,0.0006685877480771972
464,,0.03932033437327165,0.00066612788122833
465,,0.039318365696432184,0.0006640952054171326
466,,0.03930569088321121,0.0006445028986689598
467,,0.039305538195008656,0.0006445776451582117
468,,0.039313343573732486,0.0006553756889364867
469,,0.039302250844674654,0.0006407232359395105
470,,0.039310712914150815,0.0006531942772826909
471,,0.03929491720909437,0.0006205421873562223
472,,0.03930833365756088,0.0006515725766862013
473,,0.03930778435521136,0.0006513496499928125
474,,0.039306627470760656,0.0006501381734430966
475,,0.039306274487255745,0.0006497124259206064
476,,0.039305818546448754,0.0006490802034382127
477,,0.03930500955654321,0.0006487534731914478
478,,0.03930497809267784,0.0006487645310276765
479,,0.039304698663748014,0.0006478817367547252
480,,0.03928287726566433,0.0006087848914089045
481,,0.03930269047058933,0.000646700805396602
482,,0.03930129250123756,0.0006451704349377116
483,,0.03929831847104344,0.0006420015994609261
484,,0.03927587265394584,0.0006006312779234136
485,,0.03929688798117968,0.0006384948125475829
486,,0.03927292138427122,0.0005975528546162131
487,,0.03927122157912841,0.0005961346685946717
488,,0.039275393075930004,0.0006123488225643373
489,,0.039288604050660064,0.0006269447774902425
490,,0.03928777050197942,0.0006265922330869732
491,,0.03928566590492307,0.0006249117604969266
492,,0.0392836455929225,0.0006229963701606266
493,,0.03928326602662988,0.0006221493704600111
494,,0.039280939974125,0.0006190249281244632
495,,0.03926219209982956,0.0005859511374720335
496,,0.03927836013463742,0.000615637234212642
497,,0.039260866387621045,0.0005844445385064656
498,,0.03927812156544942,0.0006155081597736697
499,,0.039257474153649836,0.0005789677830920041
500,,0.039274965151559295,0.0006114210448257569
501,,0.03927284106542634,0.000610217535849236
502,,0.039251435702405295,0.0005720289555160652
503,,0.039251435702405295,0.0005720289555160652
504,,0.03926530709524098,0.0006017461512761429
505,,0.039264935113231314,0.000601931489075807
506,,0.03924779578005508,0.0005669101886735471
507,,0.03924949628856333,0.0005743020456916619
508,,0.03925977313830152,0.0005941005293208615
509,,0.03924908594339094,0.0005739975289687016
510,,0.03925684422315197,0.0005913462299510194
511,,0.03925603434315853,0.0005903842592789475
512,,0.03924450817825083,0.0005687673896678278
513,,0.03924354344106846,0.0005679541800110397
514,,0.039241818299262494,0.0005664067716819322
515,,0.03924028806025307,0.0005651158767267208
516,,0.039239544955430104,0.000564501327875667
517,,0.03923923075554911,0.0005644268064554837
518,,0.03923889753270519,0.0005644857014719647
519,,0.0392385627140919,0.0005640909524251881
520,,0.039232201341722464,0.0005458451743185777
521,,0.03923726131825095,0.0005633639154480578
522,,0.03924216669285891,0.0005716190794619805
523,,0.039229343284252,0.0005444205629308256
524,,0.03922819411610548,0.000542293828974718
525,,0.03923403433342004,0.0005623803855577036
526,,0.039233445428873664,0.0005623981539064
527,,0.03923251985473115,0.0005619607520830163
528,,0.039232413384093036,0.0005620150316215257
529,,0.03923453134567434,0.0005667708708736913
530,,0.039230342227898445,0.0005605755221015729
531,,0.03923006196282783,0.0005607001470505303
532,,0.039228678827867895,0.0005597094672096115
533,,0.039231975092401034,0.0005639548975610951
534,,0.039227643330542135,0.0005593168108943171
535,,0.03922704260505546,0.0005593608597885934
536,,0.03922620272847567,0.0005578637347590003
537,,0.03922595152181553,0.0005581391457635804
538,,0.03922252593641929,0.0005548739362937596
539,,0.03922279604749039,0.0005530256792490862
540,,0.03922279604749039,0.0005530256792490862
541,,0.03922105667861806,0.0005515570406478816
542,,0.03920916093065593,0.0005261271347948037
543,,0.03921435909718787,0.0005445227821769286
544,,0.03921649108716316,0.0005445419638110579
545,,0.03921282601996285,0.0005394717095684305
546,,0.03920953792925107,0.000534638722153532
547,,0.039189192970384375,0.000516816861052088
548,,0.03920994404032755,0.0005377175895173689
549,,0.03920795629332895,0.0005336260548534027
550,,0.03920639310801896,0.0005309250408299937
551,,0.03918653700431201,0.0005151348559925077
552,,0.039202976955963316,0.0005264531726737
553,,0.03920471595129649,0.0005307348327081995
554,,0.0392012209949196,0.0005243505238901015
555,,0.039184025527176154,0.0005118500456417555
556,,0.039200362624379204,0.0005253907172731165
557,,0.03919918406625394,0.0005195160548790913
558,,0.039198502765575835,0.0005182979009924998
559,,0.03919723436436335,0.0005161888875702422
560,,0.03918051009393926,0.0005086099559116666
561,,0.0391949011305763,0.0005218329895837527
562,,0.03917956141650266,0.0005084564788465992
563,,0.03917826649341456,0.0005066719803250261
564,,0.039177362735867985,0.0005065696175513657
565,,0.03917601385856443,0.0005043164768866572
566,,0.03917373011740006,0.0004975497598946028
567,,0.0391729058420523,0.0004963144162318128
568,,0.03917276008353308,0.0004961902205974002
569,,0.039172359149216796,0.0004961281024199934
570,,0.03918881497091802,0.0005064852395731469
571,,0.0391696435709042,0.0004925097901141419
572,,0.039169171329749924,0.0004924981934373594
573,,0.039168081913449136,0.0004890243144829178
574,,0.03916797199026589,0.0004890735008298454
575,,0.03916776979683518,0.0004890404884268878
576,,0.039167421820292196,0.0004890611072748875
577,,0.03917787664566484,0.0004991310495357337
578,,0.039176170830477614,0.0004963052853535139
579,,0.03917579356953304,0.0004962232116614904
580,,0.03917278932360484,0.0004848217225115808
581,,0.039163960404801024,0.00048496657076982315
582,,0.03916299105322483,0.0004838765256936967
583,,0.03917014322909659,0.00048022755090457273
584,,0.0391596070773488,0.00047863984219664814
585,,0.039169405229181165,0.0004803125083394824
586,,0.039158352004693954,0.0004771080994963213
587,,0.03916591007094375,0.000475448117476123
588,,0.03915603857091031,0.00047315430980850187
589,,0.03915552358382498,0.0004725189308607571
590,,0.03916264702511172,0.00047032357101681394
591,,0.039154239157327034,0.0004706435160061462
592,,0.03916258320611099,0.00047864222929048427
593,,0.0391519099613989,0.00046481630905022026
594,,0.03915142768097263,0.00044841176145559873
595,,0.039151186728376176,0.0004485136912210306
596,,0.03914996566383417,0.00046337089581725767
597,,0.03914915535299141,0.00046214621325840744
598,,0.039147211243884775,0.00044104193205316493
599,,0.039146328594276865,0.00045792130038703493
600,,0.039146285829257554,0.0004579260735552214
601,,0.039156103484478476,0.00046325111001867595
602,,0.03914591028699121,0.0004572765070242506
603,,0.03915378483992246,0.00045844818963435783
604,,0.03915262200738856,0.00045626758701363215
605,,0.03914019229263761,0.0004309106487251777
606,,0.03915050717252202,0.00045430498358928846
607,,0.03914397279044148,0.0004551209609249691
608,,0.039136385609704595,0.0004232357360904505
609,,0.03914329449104032,0.00045512689584722743
610,,0.03913396174728514,0.0004189610743639254
611,,0.039147436617648294,0.0004508401378456236
612,,0.03913249754074083,0.00041517406149430144
613,,0.03913219021366141,0.00041458983883353116
614,,0.039131336713532854,0.00041368482516468294
615,,0.039129539009751114,0.00041080031158489456
616,,0.03912846534357063,0.0004078274371879649
617,,0.03912757363154399,0.00040735627510442383
618,,0.039125718893754144,0.00040418652078478374
619,,0.03912521774217351,0.0004029242192974688
620,,0.03912514351328883,0.00040293116476345205
621,,0.03913299754591424,0.0004371517754793958
622,,0.03912425088308576,0.0004023805586558948
623,,0.03912378717520806,0.0004021536203519296
624,,0.03912265276433826,0.0003998868936248587
625,,0.0391220948038709,0.0003997878992827406
626,,0.03913535718019844,0.00043340154867391715
627,,0.039128302107814,0.0004324124811872991
628,,0.039133288428747956,0.00043169566404454223
629,,0.03912735295367729,0.0004309492847763562
630,,0.03913163795602669,0.00042991687642923043
631,,0.03911783711619793,0.00039368809885524
632,,0.03911768788054051,0.00039373700980257847
633,,0.039117641662976065,0.00039374005241289673
634,,0.03912488918237545,0.00042882075214250274
635,,0.03911527176481424,0.0003904892929565241
636,,0.039123074178655605,0.00042715036966693866
637,,0.03911360029527943,0.00038921265768194314
638,,0.03912210108348132,0.0004270867991907354
639,,0.03911672012949639,0.0003848050942139325
640,,0.039111954911461855,0.0003886115978765176
641,,0.03911563037932693,0.0003837682493459209
642,,0.03911558761430762,0.0003837705239854564
643,,0.03910907372405997,0.00038457351448258206
644,,0.039107910429712296,0.00038210418260321567
645,,0.03910772627764437,0.00038215376258318295
646,,0.03910768351262506,0.0003821551623259856
647,,0.03911756775918904,0.0004104381252374284
648,,0.03910743125887467,0.00038224604894410077
649,,0.03910951614702201,0.00037557440798581293
650,,0.03910756977253732,0.00037091896720163793
651,,0.03910591774626641,0.0003807478391455683
652,,0.03910954657072776,0.0004087604682189421
653,,0.039105139725032934,0.0003795749859942298
654,,0.039108448224858386,0.0004053296016820241
655,,0.039108341754220274,0.00040537226707723346
656,,0.039104314913863694,0.00036680677251476446
657,,0.039101127412769304,0.0003738540287136117
658,,0.03910538537758376,0.0003995783583157128
659,,0.0391024931981619,0.0003646105460914251
660,,0.039101439826997465,0.0003619377024121676
661,,0.03910480318865317,0.0003997528353331523
662,,0.03910067469624601,0.00036115142357711136
663,,0.039099187222255895,0.00035852108374337345
664,,0.03909868326984664,0.0003583977106557628
665,,0.039096241990239915,0.00035293846882662256
666,,0.039096241990239915,0.00035293846882662256
667,,0.03909463745995986,0.00034836518513378304
668,,0.039094332248436184,0.0003483211860076998
669,,0.039094286030871735,0.00034832152636146615
670,,0.03909398377669989,0.0003480721134843455
671,,0.03909174925803154,0.00035975434577742584
672,,0.03909334191438023,0.00034772917382755946
673,,0.03909333846183509,0.0003477296142818972
674,,0.039092760154656896,0.00034591017870375936
675,,0.03909017971342378,0.0003400779801816324
676,,0.03908973606319342,0.0003563263618260185
677,,0.03909495007962268,0.00038866109297029373
678,,0.03908926034498182,0.0003395007154178398
679,,0.039089068344305096,0.000339544102894779
680,,0.03908799160041606,0.000354676042520582
681,,0.039092810969671904,0.00038818669331416037
682,,0.03908853494261282,0.00033937203387336825
683,,0.03909224570497515,0.00038776633863945914
684,,0.03908723915280746,0.00035414470938357914
685,,0.039087136134714484,0.0003541867930157281
686,,0.03908585919539189,0.0003522195157736266
687,,0.03909272070469416,0.00035846664637724935
688,,0.03908618859091682,0.00033793508002663553
689,,0.03909178786669068,0.0003576734698895763
690,,0.03909026089182691,0.0003543269437815714
691,,0.0390846345241926,0.0003339663253078978
692,,0.03908443233076189,0.00033386751260067995
693,,0.0390841453883383,0.00033277250755002393
694,,0.039083846917023456,0.00033285794661685054
695,,0.03908605353906039,0.0003445438240025851
696,,0.03908545281357371,0.0003443684218681755
697,,0.039082503904753124,0.00032959166339303035
698,,0.03908216242313867,0.0003689503517408404
699,,0.039083213869054466,0.0003410598720542192
700,,0.039081680823124305,0.0003293026190779231
701,,0.039073430573624855,0.00032562799309718515
702,,0.03908117621064033,0.000329068394025384
703,,0.03908061187686845,0.0003356027371000104
704,,0.039080210854658425,0.00032795749406175904
705,,0.039071782422535006,0.00032248992079127414
706,,0.039071778969989875,0.000322490164903621
707,,0.039071267722280256,0.00032250333352517945
708,,0.03907860810283619,0.0003332023052151876
709,,0.039077761665604505,0.00033267993465856377
710,,0.03907670058683001,0.00033142490508823356
711,,0.039068802662725007,0.000321442723479186
712,,0.03907639192276119,0.00033136242143755844
713,,0.03907625744080285,0.00033140395811070126
714,,0.03907625398825771,0.00033140424227738396
715,,0.03907608325869237,0.0003312996384274586
716,,0.03907517028209629,0.0003300410724573275
717,,0.03907484982168023,0.0003297584212543299
718,,0.03907481490526973,0.0003297584860332309
719,,0.03907475738655134,0.00032975367261746564
720,,0.03907375400509474,0.00032677452262388427
721,,0.039072684760684435,0.00032008278059921137
722,,0.03907316376935188,0.00032636764839004753
723,,0.03907184230471326,0.00031999800914179214
724,,0.03907042541675601,0.00031953735253781903
725,,0.039070077993521454,0.0003196606773403762
726,,0.03906986505224523,0.00031974327605895054
727,,0.03906999159953354,0.00031598962411209645
728,,0.03906948437701833,0.00031868101500322085
729,,0.03905881092479976,0.00030490181791725053
730,,0.03905868970046257,0.0003049380824168246
731,,0.03906859383342286,0.00031399672290164423
732,,0.039057568419915686,0.00030455227995043066
733,,0.0390669771706946,0.0003072201674615758
734,,0.039066087844159075,0.0003060748566359389
735,,0.039075966540864454,0.00033109553290838794
736,,0.03907531023916147,0.0003298519562739692
737,,0.03906514160687545,0.00031305095681798345
738,,0.03907439583662978,0.00032835209607189167
739,,0.039064240900030876,0.0003117922139510145
740,,0.03906407017046554,0.00031167444766058445
741,,0.03907342845899069,0.0003281447710518259
742,,0.03906375805385157,0.00031159565610545416
743,,0.039072063992565347,0.0003266188123515709
744,,0.03907054319793409,0.0003243667682109336
745,,0.03906261737573825,0.00031102016223044535
746,,0.039052805752365014,0.00029869019002740245
747,,0.039059636070001236,0.0002945906368425415
748,,0.03906207267289204,0.0003107838616609982
749,,0.03906906394875068,0.00032215732388828707
750,,0.03906059045110972,0.0003075808869448154
751,,0.03906033819735933,0.0003076551918170173
752,,0.03906020371540098,0.00030769291231612985
753,,0.03905768299840639,0.0002934671650034468
754,,0.039057342870472196,0.00029337448438803023
755,,0.03906609576146729,0.00031783241962632635
756,,0.039056583211767415,0.000293226600706837
757,,0.039064959361604285,0.0003174021006491642
758,,0.03905438398688322,0.00028862180628907606
759,,0.03906446566006415,0.00031733122298146653
760,,0.039063766838127435,0.00031618029319305154
761,,0.0390633835795569,0.00031601251030997636
762,,0.039063074915488084,0.0003159339683182731
763,,0.03906291242220951,0.00031597031242653923
764,,0.039062702933478424,0.0003160488978582525
765,,0.039061417919600265,0.0003126756667615567
766,,0.03906009380485851,0.00031086001617647784
767,,0.03905984939971693,0.00031093638233872946
768,,0.0390595769832551,0.0003110106596569638
769,,0.03905622530163394,0.0003039789703250662
770,,0.03905806496795977,0.0003095276973688657
771,,0.03905569613037487,0.0003036805639302533
772,,0.039057787272563024,0.0003092137458373802
773,,0.039057652790604684,0.00030925016692909875
774,,0.03905340105335143,0.0002966977438838496
775,,0.03905678354762548,0.0003079560536232538
776,,0.03905635711176462,0.0003079037519696223
777,,0.03904624319863964,0.00027775067575205566
778,,0.03905098911768153,0.00029247853209845247
779,,0.0390459659984362,0.0002776457735819031
780,,0.0390455150283933,0.0002772479990367622
781,,0.039050102696924674,0.0002902375130908172
782,,0.03904103790127777,0.00029035020060852224
783,,0.0390491150375258,0.00028942624985187646
784,,0.03903886942397015,0.0002864855081049088
785,,0.039038766405877175,0.0002865201382138254
786,,0.03905443434686605,0.00030560422903468343
787,,0.03905283703266332,0.0003010089947373507
788,,0.03903752686930714,0.0002840443763484458
789,,0.03903706847438761,0.0002837031821407384
790,,0.0390493940125735,0.0002938335943010167
791,,0.03904934779500906,0.0002938269292852531
792,,0.03904934779500906,0.0002938269292852531
793,,0.0390354045545707,0.000280907580633006
794,,0.039047584842756396,0.00028940888383998444
795,,0.039034938981040775,0.0002800171266702049
796,,0.03904687090642276,0.0002889939798417585
797,,0.0390465704786407,0.00028905838336816574
798,,0.03904633643113452,0.00028912917132048856
799,,0.039041313159081464,0.00027727424183132703
800,,0.03903193448631313,0.00027782769267635835
801,,0.039041270394062154,0.00027726592777054036
802,,0.039040949933646096,0.0002768901847978303
803,,0.03903408576484258,0.00026086001026158056
804,,0.039029801909995464,0.00027444520198209235
805,,0.0390291274508174,0.0002743458878582112
806,,0.03902884669055348,0.00027413508161741053
807,,0.03903991241594507,0.0002764657185857794
808,,0.03902768458244027,0.00027207327776496257
809,,0.03902768458244027,0.00027207327776496257
810,,0.039026334853479144,0.0002686476868290847
811,,0.03902539219826156,0.00026736839821101335
812,,0.03902532142192201,0.0002673514557568506
813,,0.03902521495128391,0.0002673830373891163
814,,0.039037427287343,0.0002748750160210873
815,,0.03902473249278258,0.00026726076271224006
816,,0.03902473249278258,0.00026726076271224006
817,,0.03903517520355506,0.00027103971972327527
818,,0.03902294992086764,0.00026315604598615896
819,,0.03902216258975145,0.0002614818152178886
820,,0.03903395766971711,0.0002703900023715666
821,,0.03902166264319576,0.00026140640521159176
822,,0.03902131814379097,0.00026091115455718536
823,,0.03903343117311512,0.0002700654651364398
824,,0.03903297269467684,0.00027031269347081694
825,,0.03902043399762501,0.00025870729540880837
826,,0.03902057597314054,0.00026058453484386533
827,,0.039032514323377815,0.00027000221328680617
828,,0.03903077197882488,0.0002654927110052789
829,,0.039019093885639414,0.000257479812450432
830,,0.03903159710980658,0.0002691972432903748
831,,0.03903156961827271,0.00026912754930977613
832,,0.03901876119744272,0.0002567989248003222
833,,0.03901876119744272,0.0002567989248003222
834,,0.039027387568159794,0.00026077541469183256
835,,0.03901699758016187,0.0002553369324709973
836,,0.03901699758016187,0.0002553369324709973
837,,0.03901589464651283,0.00024882392789714173
838,,0.039015614381442215,0.0002488631786426305
839,,0.039015120646380005,0.0002483504311582038
840,,0.03901500287458796,0.00024837410123740354
841,,0.03901488574937632,0.0002525536644789607
842,,0.039014846733840265,0.0002483888956390592
843,,0.039013082274136746,0.00024985129923284417
844,,0.03901177927416822,0.0002478207502347387
845,,0.03901379318935881,0.00024757128180922323
846,,0.03901379318935881,0.00024757128180922323
847,,0.03901379318935881,0.00024757128180922323
848,,0.03902402694941308,0.00025642880716686905
849,,0.03902325208369619,0.00025441215263722304
850,,0.03902303079861788,0.0002541913384145071
851,,0.039010467571530684,0.00024735211865576815
852,,0.039009970912638706,0.0002474400965087482
853,,0.03901954651053276,0.00025112181766345033
854,,0.039009332343775655,0.00024576452416902534
855,,0.03902144032558774,0.00025210423249509236
856,,0.03900918310811824,0.0002457769913681081
857,,0.03900857844325133,0.0002431907409605141
858,,0.039008006224278184,0.0002430524059014959
859,,0.039008006224278184,0.0002430524059014959
860,,0.039008006224278184,0.0002430524059014959
861,,0.03900793544793864,0.00024302870512903183
862,,0.039007903984073264,0.0002430197626917841
863,,0.03900742242236131,0.00024060195076471304
864,,0.03900706715051795,0.00024066886407459755
865,,0.0390069366408911,0.00024061571139361861
866,,0.03900922218404033,0.00024465396232809395
867,,0.039017384754879106,0.0002478352877418104
868,,0.039006009209972825,0.0002397853996444823
869,,0.03900837867956741,0.00024377304885732807
870,,0.03900805821915136,0.00024330227721723477
871,,0.039002933470105756,0.00023635015002532268
872,,0.03900442715831685,0.00023802524568403908
873,,0.03900734268704835,0.00024163416501198534
874,,0.03900332010097056,0.00023736883476042594
875,,0.03900537149259798,0.00023426491549784223
876,,0.03900204502114976,0.00023563847865763787
877,,0.0390156749838638,0.0002448479338684366
878,,0.039002013557284394,0.00023562846919456123
879,,0.03900161991648539,0.00023567719496706842
880,,0.039002805235834374,0.00023743740962690722
881,,0.039015040671262026,0.00024349552474405115
882,,0.03900425538347068,0.00023391802962985343
883,,0.03900035860794021,0.00023399002218321138
884,,0.03901389682325959,0.00024168827115567942
885,,0.039000711080794566,0.0002344102555231087
886,,0.039000711080794566,0.0002344102555231087
887,,0.0390005156275727,0.00023439985551680433
888,,0.03900036639191529,0.0002344073140397986
889,,0.038998300080686915,0.00023233194660892702
890,,0.038998300080686915,0.00023233194660892702
891,,0.038998165598728575,0.00023234598907204157
892,,0.03899898628890442,0.00023254658401978615
893,,0.038998820343080706,0.0002325504363712436
894,,0.03899868586112236,0.000232564766486755
895,,0.03899811803821288,0.00023240142466665706
896,,0.03899997487876001,0.00022712435475639732
897,,0.03899956319659822,0.0002269547535996573
898,,0.03899940268437992,0.00022656347929758667
899,,0.038995282077182294,0.000231330078952768
900,,0.03899517905908932,0.0002313535565007555
901,,0.03899489881861177,0.00023098709824121574
902,,0.03899448713644998,0.00023081128171092077
903,,0.03899407241401407,0.0002304548886608927
904,,0.03899356500905968,0.00023003190838206014
905,,0.038993327509008364,0.00023006610294476547
906,,0.038992947702982964,0.00022971881627990108
907,,0.038992706197078085,0.00022947612347461332
908,,0.039002837869484754,0.00022151916922486306
909,,0.03899576971913525,0.00021867862583005478
910,,0.0389917491590702,0.0002274125932063594
911,,0.03899101887326812,0.0002255666630994753
912,,0.03899059194221395,0.00022505423148790844
913,,0.038990488924120985,0.00022507621698070857
914,,0.03899421010797217,0.00021536618508052256
915,,0.03899243359863952,0.00021986065614033773
916,,0.0389896102205428,0.0002244180648979407
917,,0.038991473546686785,0.0002171835093573388
918,,0.038991473546686785,0.0002171835093573388
919,,0.03898905911805889,0.00022342400299513697
920,,0.03898993273017502,0.00020638705810393655
921,,0.038988320458068736,0.00022289991861222384
922,,0.03898916652337857,0.0002024534551389474
923,,0.03898926896348651,0.0002114345820677013
924,,0.038988431835719914,0.00020179031436968673
925,,0.03898897834078048,0.00021144254482742246
926,,0.038987976893345516,0.00020119898161825145
927,,0.038987916012714355,0.00020573776046700897
928,,0.03898733451123949,0.0002003523482763164
929,,0.03898612831401287,0.0002015540041477645
930,,0.038987145947351795,0.00022188547039205298
931,,0.03898781714589946,0.00020549809709130134
932,,0.03898638765022947,0.00021996591137158725
933,,0.03898638419768434,0.00021996492891941536
934,,0.0389858114835179,0.00021942945958747955
935,,0.03898426679469596,0.00019446293106791185
936,,0.0389871230773184,0.00020553044878085622
937,,0.03898396158317227,0.0001942107236231047
938,,0.03898515887335272,0.00021884852412282883
939,,0.03898497583021908,0.00021759777881943102
940,,0.03898395814363569,0.0002162785275391433
941,,0.03898340097387591,0.00019401523693227655
942,,0.038983325566605685,0.00021548116284794073
943,,0.038983325566605685,0.00021548116284794073
944,,0.03898134681539359,0.00019429765403274855
945,,0.03898134681539359,0.00019429765403274855
946,,0.038981707308511325,0.00019154733157612233
947,,0.03898124891359179,0.0001909070277631962
948,,0.03898078667591703,0.00019058830957356413
949,,0.03898064528886841,0.00019059059483981212
950,,0.03897970049901746,0.0001931260576647305
951,,0.03898029786563385,0.0001906337336553086
952,,0.03898019484754088,0.00019065412608915844
953,,0.03897992060468927,0.00019003149604659528
954,,0.03897992060468927,0.00019003149604659528
955,,0.03897949367363511,0.00018939794272240803
956,,0.0389793277278114,0.00018938559340264118
957,,0.0389793277278114,0.00018938559340264118
958,,0.03898401477865658,0.00020168084890572003
959,,0.03897811859965263,0.00018660597652405976
960,,0.038977319157873454,0.00018516239490482718
961,,0.038976654092360855,0.00018819839620851827
962,,0.03897624230268373,0.0001878155431276541
963,,0.038975758027685506,0.0001998982195991005
964,,0.03897599606086171,0.00018400820615840983
965,,0.038975321786748625,0.00019964209630462344
966,,0.038975992608316565,0.00018400683674190917
967,,0.038979961044180673,0.00021017588050110492
968,,0.03897976559095881,0.0002101449827935094
969,,0.03897489537548082,0.00019894202485107632
970,,0.03897907911085389,0.000209876958081685
971,,0.03897499641564111,0.0001826680323080757
972,,0.03897437722268092,0.000198711674742271
973,,0.038978075047007524,0.00020940437763664938
974,,0.03897796857636941,0.00020942067820094507
975,,0.03897421316424186,0.00018128081116911351
976,,0.038972622881249884,0.0001958114868624324
977,,0.038973079037062916,0.00017990979936212645
978,,0.03897281313801341,0.00017964582746762473
979,,0.038972147162957396,0.00019575865959085064
980,,0.038972057173498664,0.00018347837998733006
981,,0.03897191821632154,0.00018325366823269666
982,,0.03897599479479549,0.00020647364645909008
983,,0.038975991342250355,0.00020647242602221436
984,,0.038970916418621875,0.00017718941974626665
985,,0.0389704960078801,0.00018009151565622254
986,,0.038970358458154504,0.0001764868307416788
987,,0.03897034370445543,0.0001764740519678846
988,,0.03897426138919989,0.00020278613584169872
989,,0.03896978574398807,0.00017576678545578225
990,,0.03896964780948459,0.00017576197252895683
991,,0.03896964780948459,0.00017576197252895683
992,,0.03897250780063558,0.00019670246207099723
993,,0.03897229485935936,0.00019673108318007674
994,,0.03896722338805759,0.00018393433895176037
995,,0.038970849041454265,0.00019229504282859537
996,,0.03896611766770071,0.0001815490548220837
997,,0.03897052962953994,0.0001923361135881435
998,,0.038970396608855526,0.00019195648742507317
999,,0.03897004520436046,0.00019118630356809068
1000,,0.03896992743256841,0.00019118928565660926
1001,,0.038968849044339074,0.0001854690342186849
1002,,0.03896520932664693,0.00018125738170468814
1003,,0.038968624306715625,0.0001850994969284227
1004,,0.03896851438353238,0.00018511100127090787
1005,,0.03896851438353238,0.00018511100127090787
1006,,0.03896723955976552,0.00018180033570094762
1007,,0.03896674107448375,0.00018114105300023962
1008,,0.03896403003040526,0.00018054357123763903
1009,,0.03896499370226278,0.0001700474905054744
1010,,0.0389648479191505,0.00017002830442402184
1011,,0.03896342784364466,0.0001802039464341782
1012,,0.03896270010870804,0.000171085635136087
1013,,0.03897055025848361,0.00018443057151055025
1014,,0.03897020628779419,0.00018445761226427404
1015,,0.03896996533519773,0.00018446870355916904
1016,,0.038965138819519414,0.00017964034780531553
1017,,0.03896469912603739,0.00017932784491707775
1018,,0.03896448963730631,0.00017935159410363292
1019,,0.03896837421575688,0.000182948048230722
1020,,0.03896260234691981,0.00016455853678128582
1021,,0.038967613224072516,0.00018301887086217059
1022,,0.03896239285818873,0.00016458174828733356
1023,,0.03896325409562765,0.0001780579916593594
1024,,0.03896319657690927,0.00017801303384291182
1025,,0.03896186340423489,0.00016425113905254606
1026,,0.03896295562431281,0.00017801503889403497
1027,,0.03896147666852616,0.00016422850059290262
1028,,0.03896729459004624,0.000182976361805438
1029,,0.038967184666863,0.0001829872008489643
1030,,0.0389614980293853,0.000171676473595815
1031,,0.03895865141136804,0.0001688472644353742
1032,,0.03895854839327507,0.00016885708200099485
1033,,0.03895854494072993,0.0001688552329609558
1034,,0.038960346586657264,0.00016946642125985632
1035,,0.03896020080354499,0.0001694431712131514
1036,,0.03896004482767872,0.00016913560893437726
1037,,0.038959313519202995,0.00016626187235382954
1038,,0.038964543014336855,0.00017604229508684827
1039,,0.038964397255817636,0.0001755188981333959
1040,,0.038958767355082864,0.0001659169890656638
1041,,0.038964397255817636,0.0001755188981333959
1042,,0.03896413809697698,0.00017550754066641378
1043,,0.038957600549422995,0.00015465846934757576
1044,,0.03896375738348726,0.00017481665985465285
1045,,0.03896375738348726,0.00017481665985465285
1046,,0.03896361944898378,0.00017480706405269557
1047,,0.03895637041675669,0.00015309558019270978
1048,,0.03895623593479835,0.00015308005856635415
1049,,0.03896317591274652,0.0001748358582112243
1050,,0.03896317591274652,0.0001748358582112243
1051,,0.038963140996336014,0.00017481367662497275
1052,,0.03896303797824304,0.00017482580469337273
1053,,0.038962458548460824,0.00017328913179106434
1054,,0.0389623093128034,0.00017326644470154497
1055,,0.03896220629471043,0.00017327818660799557
1056,,0.038954975504581726,0.00015209575797600869
1057,,0.03895392974924678,0.00015348494715892446
1058,,0.03895702705224367,0.00015522984407495623
1059,,0.03895379871983358,0.0001534694674830696
1060,,0.038956019040658874,0.00015398242687240905
1061,,0.038955707088926345,0.000153295994696166
1062,,0.038955217335124644,0.00015326478101298458
1063,,0.038952387604800874,0.00014789965154192447
1064,,0.03895252977716085,0.00016226597098091628
1065,,0.03895976934714339,0.00017216964346842233
1066,,0.03895864102447863,0.00016954544062709094
1067,,0.03895461843602775,0.00015314039312634952
1068,,0.03895270263312934,0.00015230174922078898
1069,,0.038957514355698386,0.0001683536004963704
1070,,0.038957514355698386,0.0001683536004963704
1071,,0.03895729011326823,0.00016835541958418993
1072,,0.03895216337409949,0.00015190581196737358
1073,,0.03895392905846923,0.00015193974486108126
1074,,0.03895276614208199,0.00015022181430139446
1075,,0.03895126740526349,0.00015141955366476995
1076,,0.038951157482080244,0.000151421017063957
1077,,0.03895609918556077,0.00016680919249347694
1078,,0.038955846931810374,0.00016678820435299694
1079,,0.03894995400682672,0.00014591072201487762
1080,,0.038955715902397166,0.00016677546573482807
1081,,0.038949165558913645,0.00014512731828129162
1082,,0.038955264932354274,0.0001658672154878712
1083,,0.03894896665314665,0.00014503869423098027
1084,,0.03895526147980914,0.00016586526477087895
1085,,0.03895116464041266,0.00014875641312308047
1086,,0.03895463379150395,0.00016581751085047202
1087,,0.03895077790470393,0.00014870359438883804
1088,,0.03895419360282864,0.0001650193358385022
1089,,0.03895049418708816,0.0001486442519670899
1090,,0.038950387716450055,0.0001486474608733584
1091,,0.03894716619445971,0.00014804307867249538
1092,,0.038950384263904916,0.00014864517089463206
1093,,0.038950185358137906,0.0001485602771870896
1094,,0.03895003957502563,0.00014852378133825867
1095,,0.03895003612248049,0.00014852148135964933
1096,,0.03894680401752608,0.00014800246915530886
1097,,0.03894958130968236,0.00014790153045398912
1098,,0.03894664497679264,0.0001479547803641142
1099,,0.03894909462074784,0.00014752992647994032
1100,,0.038948885132016754,0.00014753663821594592
1101,,0.03894878211392378,0.00014754105477356476
1102,,0.038948679095830815,0.00014754539927044219
1103,,0.03894854116132733,0.00014751993185199597
1104,,0.038946060961472254,0.00014698741450921477
1105,,0.03895182746715415,0.00016462885408977077
1106,,0.03895172099651604,0.000164632613690334
1107,,0.038944821933529855,0.00014534067666939357
1108,,0.03894479046966448,0.0001453120581595119
1109,,0.03894478701711935,0.000145309582627082
1110,,0.038944669245327294,0.00014529303382186198
1111,,0.03894433083849751,0.00014095100290440157
1112,,0.038946389604013476,0.00014309051629363657
1113,,0.03894499280179699,0.00014655257333578812
1114,,0.03894935979900584,0.00016181561703579534
1115,,0.038944416991576906,0.00014524908811263065
1116,,0.03894565661316833,0.00014245858991247955
1117,,0.03894544712443725,0.0001424604850512864
1118,,0.03894524108825131,0.0001424645862062613
1119,,0.03894392378523006,0.0001451755646327378
1120,,0.03894481810493559,0.00014201949049262274
1121,,0.038948009225931175,0.00015978768028316473
1122,,0.0389434207738072,0.00014509466814996858
1123,,0.03894455259356403,0.00014196655097960956
1124,,0.03894737808508085,0.0001597074129643902
1125,,0.03894714058502953,0.00015968798268012287
1126,,0.03894416240531016,0.0001418906344704107
1127,,0.03894402447080668,0.00014185976026777418
1128,,0.03894261245756828,0.00014301953809073262
1129,,0.038943812307418516,0.00014175355367329926
1130,,0.0389424912332311,0.00014299836240372964
1131,,0.03894340407780186,0.0001413207146736634
1132,,0.0389421359859808,0.00014232796559901062
1133,,0.038943262690753246,0.0001412863923409654
1134,,0.03894174987227981,0.0001448760658372642
1135,,0.03894163994909655,0.00014487037390054552
1136,,0.038941387695346164,0.00014482102351455535
1137,,0.03894275144304362,0.00014085074025079326
1138,,0.03893996067857005,0.00014077152834509346
1139,,0.03894293062071559,0.0001500880416495859
1140,,0.03893971627342846,0.0001407316065771637
1141,,0.03893911994979836,0.00013761284780346777
1142,,0.038939013479160255,0.0001376075136655582
1143,,0.038939013479160255,0.0001376075136655582
1144,,0.0389388397093208,0.00013688114284228736
1145,,0.03894218850818029,0.00014907590319079237
1146,,0.038938733238682695,0.00013687556220042397
1147,,0.03893852374995161,0.00013686693812242
1148,,0.03893830735613026,0.00013685240902239315
1149,,0.03893773569046554,0.00013677518670733775
1150,,0.038941469102936076,0.00014898251176592194
1151,,0.03893747998417001,0.00013671289511148367
1152,,0.03894126306675013,0.0001489809320054118
1153,,0.03893934766157045,0.00013921137452945764
1154,,0.03893896694808074,0.0001382711048049996
1155,,0.038939243423551456,0.00013923237380856942
1156,,0.03893859496607108,0.00013819985550578138
1157,,0.038938491947978104,0.00013819689990339084
1158,,0.03893894063894316,0.00014083451060301153
1159,,0.03893901995900935,0.0001391000650021046
1160,,0.03893888547705101,0.00013906620399167333
1161,,0.03893583946523323,0.00013532035770717857
1162,,0.03893573299459512,0.0001353123519715227
1163,,0.03893537772275176,0.000135243105365609
1164,,0.03893717947324543,0.0001346429229667991
1165,,0.03893679273753669,0.00013454437229734508
1166,,0.038934859179741765,0.00013521204961542728
1167,,0.03893468193276411,0.0001351222900741797
1168,,0.038937251122404724,0.00013589364149017648
1169,,0.03893779434940323,0.00014326915860668414
1170,,0.03893678583244642,0.00013453861436899282
1171,,0.03893712009299152,0.00013586007309450199
1172,,0.03893712009299152,0.00013586007309450199
1173,,0.038934242239282095,0.00013460709969649294
1174,,0.038934242239282095,0.00013460709969649294
1175,,0.03893403275055101,0.00013459134030276382
1176,,0.03893386202098567,0.0001341526919857434
1177,,0.03893385856844053,0.00013414972926473025
1178,,0.03893655671799691,0.000140383385639714
1179,,0.03893581262975678,0.00013280071147427313
1180,,0.03893627990547142,0.00014029731452474132
1181,,0.03893330588690809,0.00013396678941100218
1182,,0.03893500893295134,0.00013129169071107835
1183,,0.03893572634106771,0.0001392816637628166
1184,,0.03893456923946932,0.0001307625084773391
1185,,0.03893456923946932,0.0001307625084773391
1186,,0.03893446276883121,0.00013075318935252563
1187,,0.03893325941071917,0.00013094697869952285
1188,,0.03893432483432773,0.00013070944927429212
1189,,0.0389339302500102,0.00013058417735132226
1190,,0.03893116291163996,0.0001315304705566522
1191,,0.03893372076127912,0.00013056743182678069
1192,,0.038933514725093175,0.00013055340158507685
1193,,0.03893336548943576,0.00013049018900679896
1194,,0.03893213773817909,0.0001307666104865993
1195,,0.0389331882424581,0.00013039514882284364
1196,,0.038933067018120916,0.00013036315937615576
1197,,0.03893285407684469,0.00013034192221161894
1198,,0.03893274760620658,0.0001303311718641122
1199,,0.038931584278758584,0.00013068353994208652
1200,,0.03893147780812048,0.0001306717830789148
1201,,0.038935685938620596,0.0001281650548581154
1202,,0.038935579467982484,0.00012815647459530626
1203,,0.03893545774845201,0.0001275682269926851
1204,,0.03892905153874249,0.00013069665529853657
1205,,0.03893494650074238,0.0001270541553384933
1206,,0.038931850566306755,0.00012970970851836126
1207,,0.038931850566306755,0.00012970970851836126
1208,,0.0389316383264038,0.00013663809889337972
1209,,0.038927811070501694,0.00012872296564670955
1210,,0.03893158160239007,0.00012962205721006313
1211,,0.03893157814984493,0.00012961893019019748
1212,,0.03892692930205634,0.00012750566377628034
1213,,0.03893377665417064,0.00012683416740213253
1214,,0.03893346414734658,0.00012680936763086436
1215,,0.03893091860999641,0.0001290402545167479
1216,,0.038933357676708476,0.00012679883004895583
1217,,0.038929118191713276,0.00012853364532959804
1218,,0.038926508427825156,0.00012721516759700224
1219,,0.03892640540973218,0.00012720216854905
1220,,0.038925653317872504,0.00011792073208768627
1221,,0.03893035824548563,0.00012894448757794382
1222,,0.038930148756754546,0.00012892172496002137
1223,,0.038930148756754546,0.00012892172496002137
1224,,0.03893004228611644,0.00012890862176754455
1225,,0.03893190529110012,0.00012655928566979914
1226,,0.03892803660953543,0.00012825225012415354
1227,,0.038929484455225344,0.00012811247151502727
1228,,0.03893145869252783,0.00012599296064167773
1229,,0.038929171948401294,0.00012807744677777993
1230,,0.03893113331829271,0.00012545772315935644
1231,,0.038930934577407136,0.00012494955413862177
1232,,0.0389271269954003,0.00012712272523267176
1233,,0.03892702397730734,0.00012711021805792344
1234,,0.03893079319035851,0.00012489661841928886
1235,,0.03892383467929775,0.00011639206861165224
1236,,0.03893008704273545,0.0001247303431516827
1237,,0.03892837753638434,0.00012791747797907138
1238,,0.03892980589479358,0.00012365881702616546
1239,,0.03892959640606249,0.0001236341453472639
1240,,0.03892918472390071,0.00012308713348743166
1241,,0.0389290536944875,0.00012304148171657522
1242,,0.03892895067639453,0.00012303017295319543
1243,,0.0389289226650743,0.00012299567341355372
1244,,0.03892295473724217,0.00011605268658943744
1245,,0.0389289226650743,0.00012299567341355372
1246,,0.0389289226650743,0.00012299567341355372
1247,,0.038922508268246135,0.00011578722097878092
1248,,0.038922508268246135,0.00011578722097878092
1249,,0.03893016312822632,0.00012835852876001518
1250,,0.03893005665758821,0.00012834537999108355
1251,,0.03892641946722817,0.00012648321245053382
1252,,0.038929756229806156,0.00012821691262978707
1253,,0.03892964975916805,0.00012820341141508504
1254,,0.038927847600308756,0.0001223192819317695
1255,,0.038927535093484705,0.0001222784146571554
1256,,0.038925562257557916,0.00012526558393842618
1257,,0.038927247923323804,0.00012214882728653144
1258,,0.03892329618416002,0.00012442669246107583
1259,,0.03892714490523083,0.00012213591276587934
1260,,0.03892709868766639,0.00012207360201332116
1261,,0.03892430299120627,0.00012054745493397672
1262,,0.03892839877862134,0.00012783815617756404
1263,,0.03892416850924793,0.00012049195644034122
1264,,0.038927943836246946,0.00012668729313789352
1265,,0.03892794038370181,0.0001266839945367423
1266,,0.03892361504982742,0.00012036515887419348
1267,,0.03892036888656056,0.00011368135476440587
1268,,0.03892340556109634,0.00012032903437547822
1269,,0.03892553031157081,0.00012010742737820598
1270,,0.038925381075913396,0.00012002878719125913
1271,,0.038925381075913396,0.00012002878719125913
1272,,0.03892698582508358,0.00012593025961841795
1273,,0.03892488786956655,0.00011986150113627692
1274,,0.038924598873015866,0.0001187162914034485
1275,,0.03891936136763692,0.0001132500835242799
1276,,0.03892662019560481,0.00012582108489978872
1277,,0.038926414159418866,0.00012579489604119093
1278,,0.038926101652594816,0.00012575159604815217
1279,,0.038923487558111196,0.00011844629227862456
1280,,0.038925860699998364,0.00012568333830101453
1281,,0.038925860699998364,0.00012568333830101453
1282,,0.03891897463192819,0.00011307197280802213
1283,,0.038918946620607964,0.00011303196172723039
1284,,0.038920971158857974,0.0001196046964393391
1285,,0.03892546705919936,0.00012553610044876688
1286,,0.0389225753743022,0.00011819275892536593
1287,,0.0389251545523753,0.00012549035263303382
1288,,0.0389251545523753,0.00012549035263303382
1289,,0.03892505153428233,0.00012547606334865945
1290,,0.03892494851618936,0.00012546168784746784
1291,,0.03892494851618936,0.00012546168784746784
1292,,0.0389199834149678,0.00011882119311459595
1293,,0.03892484549809639,0.0001254472260998192
1294,,0.038921252280249626,0.00011330698282636309
1295,,0.03891902705455287,0.00011617007528806352
1296,,0.03892074103254,0.00011266345095801666
1297,,0.038923951520531595,0.00012524468540011058
1298,,0.038921038567055186,0.00011728515747176126
1299,,0.03892053154380892,0.00011261951019350649
1300,,0.03892053154380892,0.00011261951019350649
1301,,0.03892361445493245,0.0001251634147444165
1302,,0.03891836792697538,0.0001150948780921477
1303,,0.03892086571614119,0.00011717491396328705
1304,,0.03892311434349533,0.0001249890767502127
1305,,0.03892296513243097,0.000124198695486614
1306,,0.03891563962898049,0.00011056463590301669
1307,,0.03892212202345989,0.00012034299416840315
1308,,0.03892195607763618,0.00012024440675105823
1309,,0.03891852963161948,0.00010776094815666983
1310,,0.038919871514736935,0.00011521678632742544
1311,,0.038919737032778595,0.00011515354367154166
1312,,0.038917877384539196,0.00010743495248113067
1313,,0.038917770913901084,0.00010740706462939377
1314,,0.03891924727897688,0.00011495884822706437
1315,,0.03892085990664068,0.00011945977932724537
1316,,0.03891893131960769,0.00011488806485890598
1317,,0.03891717915596955,0.00011451191341924039
1318,,0.03892003230935177,0.00011930375653800145
1319,,0.03891719980079576,0.00010720186874556238
1320,,0.038919791356755315,0.00011921954157721805
1321,,0.0389194826926865,0.00011863819469007405
1322,,0.03891912051575286,0.00011850293802681998
1323,,0.038916457793243674,0.0001068554157973136
1324,,0.0389156704796392,0.00011166598246522378
1325,,0.03891624485196746,0.00010679639352252862
1326,,0.03891624485196746,0.00010679639352252862
1327,,0.038918595067652585,0.00011838870905983006
1328,,0.038916141833874485,0.0001067710064495156
1329,,0.038915904333823165,0.00010667241748635294
1330,,0.038914957979485264,0.0001113784181283244
1331,,0.03891677613393823,0.00011300641257481914
1332,,0.03891784617960328,0.00011732279271803076
1333,,0.03891580131573019,0.00010664667196939057
1334,,0.03891569829763722,0.00010662082069866021
1335,,0.03891569484509208,0.00010661650472175991
1336,,0.03891569484509208,0.00010661650472175991
1337,,0.038915588374453976,0.00010658622258073389
1338,,0.03891558492190884,0.00010658190164202103
1339,,0.03891558492190884,0.00010658190164202103
1340,,0.03891603216991892,0.00011268432669579228
1341,,0.038913202268641235,0.00010967534945576098
1342,,0.038915551890881375,0.00011142025529637374
1343,,0.03891490569959611,0.0001088842001971628
1344,,0.03891490569959611,0.0001088842001971628
1345,,0.03891477121763777,0.00010881114003621164
1346,,0.03891472240820942,0.00010631359786384044
1347,,0.03891491855680505,0.00011123407623755254
1348,,0.038914359145265885,0.00010870526643432732
1349,,0.03891384514081093,0.00010600846679027664
1350,,0.038913735217627685,0.00010597174651294692
1351,,0.03891444355670242,0.00011103899521648426
1352,,0.038913731765082546,0.00010596734014019976
1353,,0.03891372831253741,0.00010596293347172475
1354,,0.03891165181356296,0.00010911954013121582
1355,,0.03891399878573909,0.00010996666017527604
1356,,0.038913504704754895,0.00010773175152551726
1357,,0.03891218899551475,0.00010422442082490523
1358,,0.03891307175148172,0.00010744662154555881
1359,,0.038913482645553325,0.00011005541064541682
1360,,0.038912968733388745,0.0001074183450666438
1361,,0.03891324859804714,0.00010995828470158024
1362,,0.03891262742715427,0.00010922084945077597
1363,,0.038912524409061296,0.00010919261322617635
1364,,0.038910776865150064,0.00010311069945830496
1365,,0.03891292333076345,0.00010963021828470515
1366,,0.038910666941966814,0.00010306967459589912
1367,,0.03891170277381429,0.00010689707776030436
1368,,0.03891056047132871,0.00010303315455784626
1369,,0.03891133079180464,0.0001067099025716253
1370,,0.03891055701878356,0.00010302851611867341
1371,,0.03891122432116653,0.00010667529135049946
1372,,0.03891119285730116,0.000106626382828293
1373,,0.038911089839208185,0.00010659607295842075
1374,,0.03891003502322843,0.00010285803484338986
1375,,0.03890993200513546,0.0001028254541990405
1376,,0.038911851328332955,0.00010928648981658928
1377,,0.03891083852897632,0.00010646813892740453
1378,,0.03890971906385924,0.00010275059414010608
1379,,0.03891083852897632,0.00010646813892740453
1380,,0.03891137483215241,0.0001090606807533207
1381,,0.03891058627522593,0.00010632792990037656
1382,,0.038910479804587825,0.0001062924485391937
1383,,0.03890971273694935,0.00010523993377988039
1384,,0.038910014609561214,0.00010607923519808412
1385,,0.03890991159146824,0.00010604762436590121
1386,,0.038909805120830136,0.0001060113715843193
1387,,0.03890977365696476,0.00010596173520881833
1388,,0.03890183286140102,9.954619524351351e-05
1389,,0.03890162337266994,9.945664273620807e-05
1390,,0.038909838577464786,0.00010791972580551142
1391,,0.03890885100113798,0.00010478070505446855
1392,,0.03890099835902183,9.918999637304351e-05
1393,,0.0389086415124069,0.00010470967190754449
1394,,0.03890880467262723,0.00010560702299164805
1395,,0.038908736494669825,0.00010221976240107694
1396,,0.03890083241319812,9.90349722178583e-05
1397,,0.03890789594136337,0.00010519997450343953
1398,,0.03890768990517742,0.00010513196161168838
1399,,0.038907683000087144,0.00010512268107498955
1400,,0.03890870848334959,0.0001021726949583788
1401,,0.03890756962435876,0.00010507455899108792
1402,,0.03890756962435876,0.00010507455899108792
1403,,0.038900278953777616,9.874995930018275e-05
1404,,0.03890007291759167,9.866159550931612e-05
1405,,0.038907725876052755,0.0001042883478628477
1406,,0.03889986342886059,9.856749894641306e-05
1407,,0.03890747014741741,0.00010115093749878533
1408,,0.0389078517165682,0.00010699431345218299
1409,,0.03890723609991124,0.00010103132533366293
1410,,0.0389065256332485,0.00010470759646971315
1411,,0.03890702661118016,0.00010095430318085944
1412,,0.03890626207834417,0.00010452871870716155
1413,,0.03889923151012221,9.827672905803499e-05
1414,,0.0389066899357911,0.00010017923998972375
1415,,0.03890594611897498,0.00010441158031698622
1416,,0.038905708618923666,0.00010428754466765013
1417,,0.03889902547393626,9.818574142109984e-05
1418,,0.03890661973509981,0.00010367628301694728
1419,,0.03889860994901924,9.799691577269332e-05
1420,,0.038898500025835996,9.794009458429775e-05
1421,,0.03889849657329086,9.793478975415732e-05
1422,,0.03890484306748227,0.00010246591054799326
1423,,0.03890484306748227,0.00010246591054799326
1424,,0.03890484306748227,0.00010246591054799326
1425,,0.038905678762082514,0.00010333152939763947
1426,,0.03889779733075807,9.749970148554456e-05
1427,,0.03890557574398954,0.00010329475359193582
1428,,0.03889779733075807,9.749970148554456e-05
1429,,0.03889779733075807,9.749970148554456e-05
1430,,0.03889779733075807,9.749970148554456e-05
1431,,0.03889779733075807,9.749970148554456e-05
1432,,0.038897694312665106,9.74523939248491e-05
1433,,0.03889759129457213,9.740495443324573e-05
1434,,0.03889759129457213,9.740495443324573e-05
1435,,0.038898900273986445,9.87445445834496e-05
1436,,0.03889879380334833,9.869373127272468e-05
1437,,0.03890452967067209,9.831783825586033e-05
1438,,0.038904805890747685,0.0001029573184646547
1439,,0.03889852138688651,9.848299731150006e-05
1440,,0.03889651133854963,9.543685165617606e-05
1441,,0.0389040581231146,9.805186036704428e-05
1442,,0.038904026659249226,9.799634737677028e-05
1443,,0.03889838690492817,9.837982066431415e-05
1444,,0.03890241423913769,0.00010069612471444267
1445,,0.03889586176612644,9.507655461614198e-05
1446,,0.03889565572994049,9.497519151515262e-05
1447,,0.03889544969375455,9.487327267035626e-05
1448,,0.038898042934238736,9.817800146430334e-05
1449,,0.03890195249665622,0.00010043873843173789
1450,,0.03889524365756861,9.477079628877129e-05
1451,,0.03889503762138266,9.466776055982296e-05
1452,,0.03889728636246207,9.621833679865376e-05
1453,,0.03889728636246207,9.621833679865376e-05
1454,,0.038902472751625825,9.722248449776217e-05
1455,,0.03890123159533408,9.999576034768893e-05
1456,,0.03889440570264428,9.433265330128821e-05
1457,,0.03890123159533408,9.999576034768893e-05
1458,,0.03890127776684223,0.00010082075713201823
1459,,0.03889400421323647,9.398017671129828e-05
1460,,0.03890068504100385,9.972597807844247e-05
1461,,0.03889645225029298,9.516022186163162e-05
1462,,0.03889379472450539,9.386784531693882e-05
1463,,0.03889348567022648,9.370681159148733e-05
1464,,0.038900272968631966,9.955215924251685e-05
1465,,0.03889582378409974,9.484185699319441e-05
1466,,0.03889582378409974,9.484185699319441e-05
1467,,0.038895614295368655,9.473457112827364e-05
1468,,0.0388932761814954,9.359299146071813e-05
1469,,0.038895504372185405,9.467231384892003e-05
1470,,0.03890025373999209,9.620810480887267e-05
1471,,0.038893233416476096,9.350067358836302e-05
1472,,0.038893233416476096,9.350067358836302e-05
1473,,0.038895504372185405,9.467231384892003e-05
1474,,0.038895504372185405,9.467231384892003e-05
1475,,0.038899941233168034,9.606641895260213e-05
1476,,0.038895298335999466,9.456973883332407e-05
1477,,0.038897421885372416,9.858782535466318e-05
1478,,0.03889494746021977,9.43372378765947e-05
1479,,0.038894634953395714,9.417513139023873e-05
1480,,0.03889959035738833,9.585454583840626e-05
1481,,0.03889439400079926,9.40033458151933e-05
1482,,0.03889686402988825,9.826436370282332e-05
1483,,0.03889418451206818,9.389191182637909e-05
1484,,0.03889418451206818,9.389191182637909e-05
1485,,0.03889418451206818,9.389191182637909e-05
1486,,0.03889614312856611,9.777402783373944e-05
1487,,0.038897493039179026,9.755264800149042e-05
1488,,0.038898383872999494,9.520476685778503e-05
1489,,0.03889722752780747,9.73465683171704e-05
1490,,0.03889562458555612,9.752267265602792e-05
1491,,0.03889379087126917,9.356155201767173e-05
1492,,0.038891157903507646,9.15359686191166e-05
1493,,0.03889355337121786,9.33922059947428e-05
1494,,0.03889637191919833,9.69003316187099e-05
1495,,0.038893446900579755,9.333237954646311e-05
1496,,0.038895003024453145,9.721763142848868e-05
1497,,0.03889323741184867,9.32180151050235e-05
1498,,0.038890486672295096,9.107239927683067e-05
1499,,0.038893130941210566,9.315771567921605e-05
1500,,0.038894687065083956,9.705502626430494e-05
1501,,0.038894687065083956,9.705502626430494e-05
1502,,0.03889261239820056,9.287705452002428e-05
1503,,0.03888913017436078,9.026367586856447e-05
1504,,0.038895193446129725,9.627118415768292e-05
1505,,0.038888821120081865,9.008019836312662e-05
1506,,0.03889177789582138,9.241195080932095e-05
1507,,0.03888871810198889,9.001872030217923e-05
1508,,0.03889626520480166,9.396219869935883e-05
1509,,0.03889381419374913,9.655720535765158e-05
1510,,0.03888840904770998,8.983332485897114e-05
1511,,0.03889381419374913,9.655720535765158e-05
1512,,0.03889115633471841,9.206401536727857e-05
1513,,0.03889115633471841,9.206401536727857e-05
1514,,0.03889347367560484,9.634081584261458e-05
1515,,0.03889347367560484,9.634081584261458e-05
1516,,0.03889337065751187,9.62883132042365e-05
1517,,0.03889047223609479,9.090234321059066e-05
1518,,0.03889047223609479,9.090234321059066e-05
1519,,0.03889036576545669,9.083726565441788e-05
1520,,0.038892267191216,9.561719045031686e-05
1521,,0.03889288255192647,9.488660651371937e-05
1522,,0.03889213616180279,9.550778155302558e-05
1523,,0.03889251056991682,9.460171563413986e-05
1524,,0.03889085269348204,9.206509014113916e-05
1525,,0.038891788738568224,9.527162037418909e-05
1526,,0.03889060043973165,9.184803693609479e-05
1527,,0.03889168572047525,9.521670522140322e-05
1528,,0.03889158270238228,9.516164685555117e-05
1529,,0.03889127019555823,9.498987806536636e-05
1530,,0.03889095768873418,9.481676811859573e-05
1531,,0.038890951878551794,9.308111127272603e-05
1532,,0.03889095423618904,9.481101387996422e-05
1533,,0.038890078444176523,9.154303685218847e-05
1534,,0.03889052741011808,9.454948381137377e-05
1535,,0.038889943962218176,9.141961006079169e-05
1536,,0.03888978760587383,9.170640497908996e-05
1537,,0.03888680201743185,8.859591572040014e-05
1538,,0.03888669899933888,8.85310574986482e-05
1539,,0.038890183439428655,9.431080995772811e-05
1540,,0.03889008042133568,9.425358046072675e-05
1541,,0.0388865267009843,8.832121110743019e-05
1542,,0.03888638994505997,8.83354762684694e-05
1543,,0.03888976791451163,9.407516349240017e-05
1544,,0.038888869285130606,9.056907683665182e-05
1545,,0.03888962998000815,9.394876297629315e-05
1546,,0.03888952350937004,9.388484192927521e-05
1547,,0.038888453760213576,9.031762321148155e-05
1548,,0.03888589132970079,8.789435919008697e-05
1549,,0.03888834728957547,9.024974280371251e-05
1550,,0.038885784859062675,8.782149932549272e-05
1551,,0.0388856818409697,8.775487468989595e-05
1552,,0.038888398549166245,9.259367757681322e-05
1553,,0.03888562699690839,8.778539253804188e-05
1554,,0.03888816104911493,9.240870033852628e-05
1555,,0.03888775007165095,9.039065849881653e-05
1556,,0.038885156392869435,8.739975725036949e-05
1557,,0.03888704469218394,8.935635753080363e-05
1558,,0.03888749672299266,9.19397805101681e-05
1559,,0.03888484388604538,8.718967220309757e-05
1560,,0.03888665121626636,8.844583084928966e-05
1561,,0.03888654474562825,8.837434114140659e-05
1562,,0.03888654474562825,8.837434114140659e-05
1563,,0.03888654474562825,8.837434114140659e-05
1564,,0.038886574734107636,9.123875146948783e-05
1565,,0.03888384806896677,8.657282054723489e-05
1566,,0.03888640681112476,8.823473623484386e-05
1567,,0.03888626567982872,9.104856498625586e-05
1568,,0.03888605964364277,9.092096936174107e-05
1569,,0.038886200774938824,8.810339561198858e-05
1570,,0.03888363858023569,8.642625082525674e-05
1571,,0.038885137654757755,9.01973350867795e-05
1572,,0.03888001434332756,8.291089990277631e-05
1573,,0.03887970528904865,8.267704460943101e-05
1574,,0.03888555465506076,8.76430285782134e-05
1575,,0.03888523524314643,8.742201934079759e-05
1576,,0.03888523524314643,8.742201934079759e-05
1577,,0.038885207231826195,8.735944501416829e-05
1578,,0.038879286311586485,8.234817314229306e-05
1579,,0.03888243209584685,8.548016943157432e-05
1580,,0.03888510421373322,8.72917860347273e-05
1581,,0.03888510421373322,8.72917860347273e-05
1582,,0.038881917005381995,8.511583048460147e-05
1583,,0.038878870786669455,8.202300332728265e-05
1584,,0.03888252608675186,8.536529717161552e-05
1585,,0.038884273163899176,8.673109840394631e-05
1586,,0.038884163240715926,8.664870550943039e-05
1587,,0.03888358719967949,8.90332812533136e-05
1588,,0.03888395720452999,8.650961387620595e-05
1589,,0.03888211401437998,8.507426203408805e-05
1590,,0.038883716251933535,8.629276494854848e-05
1591,,0.038877620759373246,8.101957958321282e-05
1592,,0.03888169503691782,8.476659942701865e-05
1593,,0.03888214067065969,8.634019741456753e-05
1594,,0.03887731170509433,8.07710911389476e-05
1595,,0.03888316624505817,8.586191696440599e-05
1596,,0.038882960208872226,8.571915233474577e-05
1597,,0.03887709531127297,8.058225891226182e-05
1598,,0.038881622127649694,8.597103639824453e-05
1599,,0.03888151910955672,8.589798434274625e-05
1600,,0.0388825446839552,8.542469036333293e-05
1601,,0.03888233864776926,8.527969211774946e-05
1602,,0.03888024109553335,8.386252456360772e-05
1603,,0.03887667633381081,8.02311742541299e-05
1604,,0.03888060192825735,8.387076370898088e-05
1605,,0.03888034754157839,8.499559960402411e-05
1606,,0.0388764388337595,7.99828234045062e-05
1607,,0.0388764388337595,7.99828234045062e-05
1608,,0.038881348557201774,8.447232291259564e-05
1609,,0.038876328910576255,7.988269165999771e-05
1610,,0.03888002812966406,8.474806505837052e-05
1611,,0.038881142521015835,8.432276449149605e-05
1612,,0.038876094863070074,7.963971315239547e-05
1613,,0.0388759918449771,7.955369073299839e-05
1614,,0.03888094032758512,8.343889170827377e-05
1615,,0.038875785808791155,7.938096515770085e-05
1616,,0.03887965750269492,8.314328015951653e-05
1617,,0.038876173234815486,8.171745860825249e-05
1618,,0.03888063127330621,8.32099596860899e-05
1619,,0.03887575425735333,8.136652415875398e-05
1620,,0.03887934499587087,8.290168590406033e-05
1621,,0.03888052135012296,8.311926052757956e-05
1622,,0.038874908541392666,7.853811782366365e-05
1623,,0.03887470250520672,7.83603054609458e-05
1624,,0.03887438654583753,7.807636938294185e-05
1625,,0.03887414904578622,7.781415375148119e-05
1626,,0.03887508302614078,8.071666987992049e-05
1627,,0.038874046027693246,7.772353191622965e-05
1628,,0.03887871652967762,8.240568473577066e-05
1629,,0.03887394300960027,7.763266759265864e-05
1630,,0.03887840747539871,8.216551021997857e-05
1631,,0.03887466404867862,8.035568096321622e-05
1632,,0.03887668691677488,8.006775488442857e-05
1633,,0.0388733930027249,7.708377182606975e-05
1634,,0.03887328998463193,7.699127870206365e-05
1635,,0.038876576993591636,7.996807049987076e-05
1636,,0.03887328998463193,7.699127870206365e-05
1637,,0.03887308394844599,7.680554377324907e-05
1638,,0.03887435154185456,8.008619716407115e-05
1639,,0.03887903382277543,8.191935368406873e-05
1640,,0.038876158016129474,7.961154968603876e-05
1641,,0.038872142975428695,7.592504409639804e-05
1642,,0.038874039035030505,7.981457992317324e-05
1643,,0.03887872131595138,8.167175270315584e-05
1644,,0.03887383299884456,7.963736804674462e-05
1645,,0.03887872131595138,8.167175270315584e-05
1646,,0.03887872131595138,8.167175270315584e-05
1647,,0.03887151796178059,7.533121939748652e-05
1648,,0.03887151796178059,7.533121939748652e-05
1649,,0.038872998496465375,7.88960637712506e-05
1650,,0.03887130847304951,7.512835784909506e-05
1651,,0.03887559663538883,7.968337606736512e-05
1652,,0.03887278210264403,7.869087280510255e-05
1653,,0.038875285144794644,7.879890656182614e-05
1654,,0.03887805008473883,8.104892286214119e-05
1655,,0.038872370030272135,7.832380933655811e-05
1656,,0.03887095320120615,7.469778222220283e-05
1657,,0.038872060975993224,7.804595105662404e-05
1658,,0.038872060975993224,7.804595105662404e-05
1659,,0.03887773757791479,8.079484964404711e-05
1660,,0.03887012905646237,7.38994979343151e-05
1661,,0.03887012560391724,7.389114160607395e-05
1662,,0.03887159923351175,7.753302741087545e-05
1663,,0.03887159923351175,7.753302741087545e-05
1664,,0.038874728394429264,7.824407771978859e-05
1665,,0.03887001913327913,7.378171182902657e-05
1666,,0.03887393209940546,7.760530904545677e-05
1667,,0.038874618471246014,7.8139311818305e-05
1668,,0.03887382562876736,7.750635293071581e-05
1669,,0.03886950404281427,7.327208633672083e-05
1670,,0.038871080690501755,7.705081032799556e-05
1671,,0.038870771636222844,7.67631538408772e-05
1672,,0.038870771636222844,7.67631538408772e-05
1673,,0.038870768183677705,7.675513818354096e-05
1674,,0.03887066516558473,7.665872127236708e-05
1675,,0.038872998031478444,7.676021958070696e-05
1676,,0.03887045567685366,7.645704533866082e-05
1677,,0.03887045567685366,7.645704533866082e-05
1678,,0.03887347491458792,7.711657949291738e-05
1679,,0.03887344690326768,7.704136003206035e-05
1680,,0.038874442167786884,7.78630313933264e-05
1681,,0.03887014662257474,7.616461035829449e-05
1682,,0.03887226999973737,7.608494865477951e-05
1683,,0.03887343999817741,7.702562546077061e-05
1684,,0.038869471938817055,7.541186825800294e-05
1685,,0.03887371068350067,7.720318828795473e-05
1686,,0.038869224081130326,7.510003287820661e-05
1687,,0.03886749451991161,7.112298413736668e-05
1688,,0.03887323050944633,7.683247884029296e-05
1689,,0.038867288483725664,7.090504410714583e-05
1690,,0.0388671854656327,7.079559764046029e-05
1691,,0.03886860252002736,7.448350195579679e-05
1692,,0.0388727085138912,7.634894536958103e-05
1693,,0.03886814077754589,7.392427270310033e-05
1694,,0.03887244935505053,7.601085969609426e-05
1695,,0.03886803775945292,7.38204921650081e-05
1696,,0.038872495572614976,7.614406863631216e-05
1697,,0.03886635786834379,6.989937373618889e-05
1698,,0.038867828270721834,7.360356291875022e-05
1699,,0.038870621710249825,7.45295657111449e-05
1700,,0.03887184254764663,7.547751110188423e-05
1701,,0.03887184254764663,7.547751110188423e-05
1702,,0.038865533723600014,6.899076123576912e-05
1703,,0.038871633058915556,7.527594711119152e-05
1704,,0.03887193426458567,7.553285374972621e-05
1705,,0.038866851852578675,7.03893149750201e-05
1706,,0.038871285635681,7.488101906613484e-05
1707,,0.038864849234766304,6.808979026550677e-05
1708,,0.038871182617588027,7.478289871193816e-05
1709,,0.038866116915747324,6.956988735557109e-05
1710,,0.03886601389765436,6.94565994467241e-05
1711,,0.03887076364012586,7.4371151932483e-05
1712,,0.038865982433788984,6.936095405685292e-05
1713,,0.038866221655246884,6.949174305607448e-05
1714,,0.038866221655246884,6.949174305607448e-05
1715,,0.03887024164457072,7.38540757468871e-05
1716,,0.038870035608384784,7.365190374887301e-05
1717,,0.03886993259029181,7.355039291774024e-05
1718,,0.03886990018290792,7.344454646188092e-05
1719,,0.0388653259562755,6.855729594779908e-05
1720,,0.038869520517919934,7.314148982545587e-05
1721,,0.03886948120544576,7.301789563210206e-05
1722,,0.038865600094143915,6.879787130410054e-05
1723,,0.038869211463641015,7.283177598589896e-05
1724,,0.03886937818735279,7.2914718870707e-05
1725,,0.03886910844554804,7.272795310017475e-05
1726,,0.038865287587319865,6.844154815480077e-05
1727,,0.03886339662382929,6.637986762514002e-05
1728,,0.038868593355083185,7.220439477429395e-05
1729,,0.03886848688444507,7.209014175511465e-05
1730,,0.03886807481207319,7.166459588200579e-05
1731,,0.03886494361663044,6.79838655948147e-05
1732,,0.03886470784771768,6.785504055284207e-05
1733,,0.03886786877588724,7.144998133331307e-05
1734,,0.038862668592088215,6.549118008249772e-05
1735,,0.03886894539971007,7.244762310657315e-05
1736,,0.03886422248997964,6.715219960943495e-05
1737,,0.03886426431148042,6.728025299645748e-05
1738,,0.03886426431148042,6.728025299645748e-05
1739,,0.03886370739951478,6.654700561795642e-05
1740,,0.03886713383905589,7.065343689682245e-05
1741,,0.03886713383905589,7.065343689682245e-05
1742,,0.03886713383905589,7.065343689682245e-05
1743,,0.03886163495861336,6.420467983854314e-05
1744,,0.03886353282719421,6.640348773538682e-05
1745,,0.03886821046287872,7.167320913421101e-05
1746,,0.03886671831413887,7.020228123079689e-05
1747,,0.03886276987904263,6.540385590507774e-05
1748,,0.038862666860949656,6.527805708361085e-05
1749,,0.038862663408404524,6.526820223035495e-05
1750,,0.03886278023667804,6.543333732012753e-05
1751,,0.038862663408404524,6.526820223035495e-05
1752,,0.03886256039031155,6.514197306604479e-05
1753,,0.038865443728067564,6.872845667150581e-05
1754,,0.03886131899924417,6.379314437854379e-05
1755,,0.038862677218585065,6.530761162572304e-05
1756,,0.03886194228175372,6.437593895013831e-05
1757,,0.03886183581111561,6.423674292193977e-05
1758,,0.038865028203150534,6.825429169411485e-05
1759,,0.038864818714419457,6.801034339902948e-05
1760,,0.038864818714419457,6.801034339902948e-05
1761,,0.03886364887757967,6.678270950467213e-05
1762,,0.03886132072065075,6.358448296950488e-05
1763,,0.03886333637075562,6.64063940419348e-05
1764,,0.0388610082138267,6.317760857701914e-05
1765,,0.0388610082138267,6.317760857701914e-05
1766,,0.038859937942534756,6.190909015622854e-05
1767,,0.03886090519573373,6.304448927612972e-05
1768,,0.03885973190634881,6.163333509101408e-05
1769,,0.03886388464649244,6.691733023699886e-05
1770,,0.0388625699700589,6.539467426250392e-05
1771,,0.03886226091577998,6.501505431942241e-05
1772,,0.0388594228520699,6.12160732915207e-05
1773,,0.03886048621827156,6.248665386976981e-05
1774,,0.03886017371144751,6.206838234943654e-05
1775,,0.03886092245845941,6.309596392730673e-05
1776,,0.03885996422271643,6.178356285817966e-05
1777,,0.03885996422271643,6.178356285817966e-05
1778,,0.03886132339530784,6.382323622682647e-05
1779,,0.038859449132251575,6.108934357196374e-05
1780,,0.03886344111025518,6.632891346719882e-05
1781,,0.03885903705987969,6.0525079485667764e-05
1782,,0.03886111045403161,6.35398653488295e-05
1783,,0.03886268506719386,6.534675811312562e-05
1784,,0.03886237256036981,6.495748826823065e-05
1785,,0.038860904417845676,6.327503614072573e-05
1786,,0.038858831023693745,6.02399084358794e-05
1787,,0.038860190974173196,6.212086910313605e-05
1788,,0.03885724220939181,5.81086633475563e-05
1789,,0.03885841895132186,5.966334306873106e-05
1790,,0.03885831593322889,5.9517883253213854e-05
1791,,0.038858212915135915,5.9371888316730576e-05
1792,,0.038859462942432116,6.113217312835555e-05
1793,,0.03886013362108529,6.21514771770391e-05
1794,,0.038859796555486145,6.163954613535153e-05
1795,,0.03885780084276403,5.8782477398875295e-05
1796,,0.03886122209862144,6.348298487128088e-05
1797,,0.03885969353739317,6.150106832312726e-05
1798,,0.0388610160624355,6.321828124744439e-05
1799,,0.03885948750120723,6.122265301952183e-05
1800,,0.03885631504655506,5.6724296947111046e-05
1801,,0.03885843276150241,5.970743382065751e-05
1802,,0.03885855343328021,5.9923084775361964e-05
1803,,0.03886060399006361,6.268348913269646e-05
1804,,0.03885855343328021,5.9923084775361964e-05
1805,,0.038858450415187235,5.97784887559989e-05
1806,,0.03885707626356809,5.771797637791382e-05
1807,,0.038858450415187235,5.97784887559989e-05
1808,,0.038859256906246184,6.085128928334631e-05
1809,,0.03885676720928918,5.725786370817321e-05
1810,,0.03885834394454913,5.962232619527252e-05
1811,,0.038856664191196204,5.7103297265580565e-05
1812,,0.03885894094687699,6.040447854361252e-05
1813,,0.03885834394454913,5.962232619527252e-05
1814,,0.03885834394454913,5.962232619527252e-05
1815,,0.03885872800560077,6.0096550574796415e-05
1816,,0.0388570866212035,5.775240261275199e-05
1817,,0.038857825401539134,5.8877261644599974e-05
1818,,0.03885594306454541,5.600408432520863e-05
1819,,0.0388565680781935,5.697145085841042e-05
1820,,0.0388565680781935,5.697145085841042e-05
1821,,0.03885780084276403,5.87824773988753e-05
1822,,0.03885741332916724,5.828010894231158e-05
1823,,0.03885741332916724,5.828010894231158e-05
1824,,0.03885842679993066,5.970675011021776e-05
1825,,0.03885738531784701,5.817280815642706e-05
1826,,0.038857303405984,5.81066329893775e-05
1827,,0.03885699089915995,5.763934135535008e-05
1828,,0.03885532150344244,5.502476405912709e-05
1829,,0.038856784862974,5.733246747868322e-05
1830,,0.038854909431070554,5.4366352138692637e-05
1831,,0.03885480641297758,5.4200009940103925e-05
1832,,0.038856355136917285,5.663594276079527e-05
1833,,0.03885749273200363,5.835646768684071e-05
1834,,0.038856269772509146,5.655471483458947e-05
1835,,0.038856163301871034,5.638550774952092e-05
1836,,0.03885593961200026,5.5992182654860484e-05
1837,,0.03885606028377806,5.622743689310148e-05
1838,,0.038855403415305446,5.509758755030788e-05
1839,,0.03885585424759212,5.590938502609098e-05
1840,,0.03885551372944784,5.5301592417322275e-05
1841,,0.03885552753962838,5.534988269617192e-05
1842,,0.03885552753962838,5.534988269617192e-05
1843,,0.038855424521535405,5.51876589451734e-05
1844,,0.03885594746060907,5.6038780677054124e-05
1845,,0.0388531546709449,5.142427019354095e-05
1846,,0.03885467538356437,5.39157989599913e-05
1847,,0.0388531546709449,5.142427019354095e-05
1848,,0.038855115467256486,5.469693687241896e-05
1849,,0.03885284216412084,5.087018206604813e-05
1850,,0.03885501244916352,5.453199232353734e-05
1851,,0.03885502029777232,5.457997033680807e-05
1852,,0.038854806412977574,5.4200009940103925e-05
1853,,0.038854483548518115,5.364666232056822e-05
1854,,0.03885469994233946,5.402054407362719e-05
1855,,0.038854493906153524,5.36841996989385e-05
1856,,0.0388541744942392,5.313623959257008e-05
1857,,0.038853601659727295,5.2281295093761814e-05
1858,,0.038853292605448383,5.1752142888718044e-05
1859,,0.038854050369916265,5.287020621992332e-05
1860,,0.03885394735182329,5.2697462374316806e-05
1861,,0.03885314431330949,5.1384811988950756e-05
1862,,0.038853741315637354,5.234965648634471e-05
1863,,0.038852983551169465,5.121565914222863e-05
1864,,0.03885363829754438,5.217457899043108e-05
1865,,0.038853119754534385,5.1273937726064735e-05
1866,,0.03885259430643412,5.032491284248972e-05
1867,,0.03885257147879758,5.048853845578949e-05
1868,,0.03885301673644141,5.109392120837682e-05
1869,,0.03885239517533845,4.998217882063036e-05
1870,,0.03885002230665496,4.543345542503109e-05
1871,,0.038852501645976555,5.018098120982408e-05
1872,,0.038852501645976555,5.018098120982408e-05
1873,,0.03885239862788358,4.999575598950796e-05
1874,,0.03885191845382924,4.9213881655251306e-05
1875,,0.038851248166135215,4.782510269095096e-05
1876,,0.03885160594700518,4.862667327200538e-05
1877,,0.03885208957360466,4.943462844583521e-05
1878,,0.038851670596142515,4.864534591670836e-05
1879,,0.03884929427491389,4.390367706342213e-05
1880,,0.03885073307567036,4.682905711981196e-05
1881,,0.038850630057577384,4.662661196175266e-05
1882,,0.0388516705961425,4.8645345916708356e-05
1883,,0.03885146455995656,4.825863119472407e-05
1884,,0.0388506753316233,4.6837609915321324e-05
1885,,0.038851155505677644,4.767100798204793e-05
1886,,0.03885057231353033,4.663507432735405e-05
1887,,0.03885026325925142,4.602073630008736e-05
1888,,0.03885053049202954,4.643781203749608e-05
1889,,0.038850057223065476,4.560541689737758e-05
1890,,0.03885001540156469,4.5403206890956805e-05
1891,,0.03885022143775063,4.582054723250933e-05
1892,,0.03884980591283361,4.49657608082339e-05
1893,,0.038849329191324396,4.40821832345547e-05
1894,,0.038849702894740636,4.475275375069025e-05
1895,,0.03884980591283361,4.49657608082339e-05
1896,,0.038849020137045484,4.342290301598098e-05
1897,,0.0388494968585547,4.432295046946083e-05
1898,,0.038847951587160125,4.0922853861549336e-05
1899,,0.03884860461212846,4.250820229038546e-05
1900,,0.03884829210530441,4.180219218647496e-05
1901,,0.03884898522063497,4.324142579942929e-05
1902,,0.03885177016169034,4.882328548323096e-05
1903,,0.038848882202542,4.301791645446962e-05
1904,,0.0388515641255044,4.8438414910282787e-05
1905,,0.03884712744241635,3.896336453097654e-05
1906,,0.03884807916402819,4.130111958081646e-05
1907,,0.03884807916402819,4.130111958081646e-05
1908,,0.03884807916402819,4.130111958081646e-05
1909,,0.03884787312784224,4.0826809257046817e-05
1910,,0.03884805460525309,4.1160071400586824e-05
1911,,0.03885011841965765,4.561247071867849e-05
1912,,0.038846402863220414,3.713033094253762e-05
1913,,0.038847770109749276,4.05871833670438e-05
1914,,0.03884774555097417,4.044345772499534e-05
1915,,0.038849599876647656,4.453848971419639e-05
1916,,0.03884939384046172,4.410611732129703e-05
1917,,0.03884735803737739,3.961150839535731e-05
1918,,0.038847020971778244,3.869220477416284e-05
1919,,0.03884704898309847,3.886081365389133e-05
1920,,0.03884704898309847,3.886081365389133e-05
1921,,0.03884856969571794,4.2322460272477425e-05
1922,,0.038846842946912534,3.835080447951092e-05
1923,,0.038845784754662584,3.548904232492716e-05
1924,,0.038846605446861214,3.764072342486566e-05
1925,,0.038847024424323376,3.871022134981213e-05
1926,,0.0388455752659315,3.490226394545799e-05
1927,,0.03884598388575825,3.6006714078226475e-05
1928,,0.03884619337448932,3.657343780443957e-05
1929,,0.03884681148304715,3.8161506269714894e-05
1930,,0.03884609035639636,3.630098294013273e-05
1931,,0.03884650242876824,3.73771851715945e-05
1932,,0.03884712053732607,3.8927575330357874e-05
1933,,0.03884712053732607,3.8927575330357874e-05
1934,,0.0388470175192331,3.867417949717761e-05
1935,,0.0388455752659315,3.490226394545799e-05
1936,,0.03884536922974556,3.432465756235813e-05
1937,,0.03884464465054962,3.218931326473434e-05
1938,,0.03884588432021042,3.574895390391343e-05
1939,,0.03884650242876824,3.73771851715945e-05
1940,,0.03884639941067527,3.711148955918015e-05
1941,,0.03884506017546664,3.343716582252535e-05
1942,,0.0388455752659315,3.490226394545799e-05
1943,,0.038844232578177734,3.090838399802538e-05
1944,,0.038845571813386354,3.4882137194890935e-05
1945,,0.03884536922974556,3.4324657562358126e-05
1946,,0.03884382050580584,2.956627989795539e-05
1947,,0.038845362324655276,3.42836722225849e-05
1948,,0.038845362324655276,3.42836722225849e-05
1949,,0.03884506017546664,3.343716582252535e-05
1950,,0.03884536577720042,3.4304171187181633e-05
1951,,0.03884526275910745,3.4011037259030466e-05
1952,,0.0388452593065623,3.399035104720314e-05
1953,,0.03884515628846933,3.3694161543264564e-05
1954,,0.038845053270376365,3.339502739091789e-05
1955,,0.03884484723419042,3.2787601967029734e-05
1956,,0.03884412956008476,3.0578901483875156e-05
1957,,0.038842992908516935,2.6634510613671133e-05
1958,,0.03884412956008476,3.0578901483875156e-05
1959,,0.03884443861436367,3.1556021546167934e-05
1960,,0.03884278687233099,2.5852410443508542e-05
1961,,0.038843923523898816,2.9907985033732492e-05
1962,,0.03884433214372557,3.1211422076815694e-05
1963,,0.0388443355962707,3.123405131140182e-05
1964,,0.03884412610753962,3.055576377700177e-05
1965,,0.038843817053260704,2.954231299326334e-05
1966,,0.038843817053260704,2.954231299326334e-05
1967,,0.038843198944702874,2.7392741441850192e-05
1968,,0.03884351145152693,2.8514374777527776e-05
1969,,0.03884340498088882,2.8129033221042597e-05
1970,,0.038843198944702874,2.739274144185018e-05
1971,,0.038843198944702874,2.739274144185018e-05
1972,,0.038841550655215336,2.0500341660136123e-05
1973,,0.038842992908516935,2.6634510613671133e-05
1974,,0.03884247781805208,2.4629512581296507e-05
1975,,0.03884134461902939,1.945815164791708e-05
1976,,0.038842065745680186,2.2891120970650873e-05
1977,,0.03884247781805208,2.462951258129651e-05
1978,,0.038842687306783155,2.54796928448124e-05
1979,,0.03884248127059721,2.4658442520657403e-05
1980,,0.03884175669140128,2.1490077919622634e-05
1981,,0.038841550655215336,2.0500341660136123e-05
1982,,0.038841550655215336,2.0500341660136123e-05
1983,,0.03884144763712236,1.998630655211975e-05
1984,,0.03884134461902939,1.945815164791708e-05
1985,,0.03884103556475048,1.7776218965170455e-05
1986,,0.03884072651047156,1.5911543820365307e-05
1987,,0.03884134461902939,1.9458151647917083e-05
1988,,0.03884072651047156,1.5911543820365307e-05
1989,,0.03884052047428562,1.4532490386684989e-05
1990,,0.0388402114200067,1.2167915230820376e-05
1991,,0.03884041745619265,1.379019447660172e-05
1992,,0.03884041745619265,1.379019447660172e-05
1993,,0.038840314438099675,1.3004784700676238e-05
1994,,0.03884000538382076,1.0288923977099334e-05
1995,,0.03883990236572779,9.204999521734973e-06
1996,,0.03883979934763482,7.973760112318021e-06
1997,,0.03883959331144887,4.6059572546022715e-06
1998,,0.03883959331144887,4.6059572546022715e-06
1999,,0.03883959331144887,4.605957254602272e-06
2000,,0.0388394902933559,6.938893903907228e-18
