manuscript_table,N,J,dataset,metric,manuscript_value,regenerated_value,matches_3dp
3,1,1,7mhf,r_free,0.323,0.3233967049776266,True
3,1,1,7mhg,r_free,0.316,0.3159096939566302,True
3,1,1,7mhh,r_free,0.35,0.3502647200684264,True
3,1,1,7mhi,r_free,0.335,0.3352569962600823,True
3,1,1,7mhj,r_free,0.351,0.3511562103602036,True
3,1,1,7mhk,r_free,0.349,0.3487246896855279,True
3,2,1,7mhf,r_free,0.304,0.3041312549928443,True
3,2,1,7mhg,r_free,0.295,0.2949308920011073,True
3,2,1,7mhh,r_free,0.342,0.3421556065117427,True
3,2,1,7mhi,r_free,0.314,0.3139849448463818,True
3,2,1,7mhj,r_free,0.335,0.3351654290990865,True
3,2,1,7mhk,r_free,0.337,0.3368116371968467,True
3,2,2,7mhf,r_free,0.305,0.3049757828398023,True
3,2,2,7mhg,r_free,0.299,0.2994615875253273,True
3,2,2,7mhh,r_free,0.328,0.3279616809863498,True
3,2,2,7mhi,r_free,0.304,0.3044916068890282,True
3,2,2,7mhj,r_free,0.315,0.3150148433752048,True
3,2,2,7mhk,r_free,0.315,0.3154063534972985,True
3,2,3,7mhf,r_free,0.278,0.2779840560674818,True
3,2,3,7mhg,r_free,0.289,0.2893136458861269,True
3,2,3,7mhh,r_free,0.296,0.2956736925123337,True
3,2,3,7mhi,r_free,0.282,0.2821520821975367,True
3,2,3,7mhj,r_free,0.287,0.2867842361624854,True
3,2,3,7mhk,r_free,0.283,0.2832143542472758,True
4,1,1,7mhf,r_work,0.276,0.2756662420696308,True
4,1,1,7mhg,r_work,0.271,0.2705819942806862,True
4,1,1,7mhh,r_work,0.216,0.2159166056487252,True
4,1,1,7mhi,r_work,0.23,0.2297814380133865,True
4,1,1,7mhj,r_work,0.227,0.2266296461544144,True
4,1,1,7mhk,r_work,0.23,0.2302097833640295,True
4,2,1,7mhf,r_work,0.253,0.2526934214845027,True
4,2,1,7mhg,r_work,0.245,0.2450120927444405,True
4,2,1,7mhh,r_work,0.199,0.1989931154267741,True
4,2,1,7mhi,r_work,0.198,0.1977071538799067,True
4,2,1,7mhj,r_work,0.21,0.2100802344825801,True
4,2,1,7mhk,r_work,0.215,0.2150844363897241,True
4,2,2,7mhf,r_work,0.265,0.2653358688304957,True
4,2,2,7mhg,r_work,0.239,0.2386469630048451,True
4,2,2,7mhh,r_work,0.209,0.2094843878629324,True
4,2,2,7mhi,r_work,0.227,0.2269116697039335,True
4,2,2,7mhj,r_work,0.231,0.2309174095764643,True
4,2,2,7mhk,r_work,0.232,0.2318819863061458,True
4,2,3,7mhf,r_work,0.24,0.2404373100085165,True
4,2,3,7mhg,r_work,0.237,0.2366071488815312,True
4,2,3,7mhh,r_work,0.207,0.2068336752471422,True
4,2,3,7mhi,r_work,0.209,0.209266678498072,True
4,2,3,7mhj,r_work,0.208,0.2081355183177056,True
4,2,3,7mhk,r_work,0.209,0.2091767402244457,True
5,1,1,7mhf,r_free,0.228,0.2280411710209196,True
5,1,1,7mhg,r_free,0.231,0.2306742866670565,True
5,1,1,7mhh,r_free,0.241,0.2406177249831403,True
5,1,1,7mhi,r_free,0.234,0.2340460986790914,True
5,1,1,7mhj,r_free,0.249,0.248559355585155,True
5,1,1,7mhk,r_free,0.254,0.2538726489331864,True
5,2,1,7mhf,r_free,0.223,0.2229085149856962,True
5,2,1,7mhg,r_free,0.226,0.2264878359070386,True
5,2,1,7mhh,r_free,0.251,0.2506083100055991,True
5,2,1,7mhi,r_free,0.235,0.2352492395207076,True
5,2,1,7mhj,r_free,0.249,0.2488802563918458,True
5,2,1,7mhk,r_free,0.258,0.2579298855340891,True
5,2,2,7mhf,r_free,0.221,0.221108082531228,True
5,2,2,7mhg,r_free,0.223,0.2226152358661743,True
5,2,2,7mhh,r_free,0.243,0.242613036102474,True
5,2,2,7mhi,r_free,0.227,0.2271572897475417,True
5,2,2,7mhj,r_free,0.239,0.2386271609265062,True
5,2,2,7mhk,r_free,0.247,0.2473662009761653,True
5,2,3,7mhf,r_free,0.227,0.2274729098537159,True
5,2,3,7mhg,r_free,0.228,0.2279711823110422,True
5,2,3,7mhh,r_free,0.237,0.2374444004928384,True
5,2,3,7mhi,r_free,0.23,0.2298521826494482,True
5,2,3,7mhj,r_free,0.239,0.2390552502686792,True
5,2,3,7mhk,r_free,0.249,0.2486328802248163,True
6,1,1,7mhf,r_work,0.198,0.1975680478703788,True
6,1,1,7mhg,r_work,0.194,0.1938975311638204,True
6,1,1,7mhh,r_work,0.187,0.1874476887760901,True
6,1,1,7mhi,r_work,0.19,0.1903256915695254,True
6,1,1,7mhj,r_work,0.197,0.197069612765187,True
6,1,1,7mhk,r_work,0.204,0.2038953759532739,True
6,2,1,7mhf,r_work,0.187,0.1872521964727526,True
6,2,1,7mhg,r_work,0.18,0.1799757729070932,True
6,2,1,7mhh,r_work,0.176,0.1762486403934515,True
6,2,1,7mhi,r_work,0.176,0.1763831556957019,True
6,2,1,7mhj,r_work,0.18,0.1802880757228344,True
6,2,1,7mhk,r_work,0.192,0.1918218844683143,True
6,2,2,7mhf,r_work,0.185,0.1846604668053716,True
6,2,2,7mhg,r_work,0.182,0.1815134081772762,True
6,2,2,7mhh,r_work,0.176,0.1761322602351438,True
6,2,2,7mhi,r_work,0.176,0.1762236786220672,True
6,2,2,7mhj,r_work,0.183,0.1830927044571401,True
6,2,2,7mhk,r_work,0.187,0.1867873983320248,True
6,2,3,7mhf,r_work,0.19,0.1896323665688879,True
6,2,3,7mhg,r_work,0.188,0.1877401506343949,True
6,2,3,7mhh,r_work,0.173,0.1733223593490908,True
6,2,3,7mhi,r_work,0.184,0.1840186294450906,True
6,2,3,7mhj,r_work,0.177,0.1770517823124808,True
6,2,3,7mhk,r_work,0.191,0.1913818285942062,True
