stage,contributor,experiment,N,J,dataset,r_free,r_work,conditions,pdb,source_csv,source_row,source_csv_line,source_csv_index,w_xray,refinement_unverified,candidate_records
before_phenix,Matthew,288_1_state_1_cond_ref,1,1,7mhf,0.3233967049776266,0.2756662420696308,7mhf,/wynton/group/sali/mhancock/xray/sample_bench/out/288_1_state_1_cond_ref/0/output_3145/pdbs/1.pdb,sample_bench/data/analysis/288_1_state_1_cond_ref/summary.csv,0,2,0,1.0,False,1
before_phenix,Matthew,288_1_state_1_cond_ref,1,1,7mhg,0.3159096939566302,0.2705819942806862,7mhg,/wynton/group/sali/mhancock/xray/sample_bench/out/288_1_state_1_cond_ref/1/output_3335/pdbs/3.pdb,sample_bench/data/analysis/288_1_state_1_cond_ref/summary.csv,1,3,1,1.0,False,1
before_phenix,Matthew,288_1_state_1_cond_ref,1,1,7mhh,0.3502647200684264,0.2159166056487252,7mhh,/wynton/group/sali/mhancock/xray/sample_bench/out/288_1_state_1_cond_ref/2/output_1841/pdbs/21.pdb,sample_bench/data/analysis/288_1_state_1_cond_ref/summary.csv,2,4,2,1.0,False,1
before_phenix,Matthew,288_1_state_1_cond_ref,1,1,7mhi,0.3352569962600823,0.2297814380133865,7mhi,/wynton/group/sali/mhancock/xray/sample_bench/out/288_1_state_1_cond_ref/3/output_2159/pdbs/108.pdb,sample_bench/data/analysis/288_1_state_1_cond_ref/summary.csv,3,5,3,1.0,False,1
before_phenix,Matthew,288_1_state_1_cond_ref,1,1,7mhj,0.3511562103602036,0.2266296461544144,7mhj,/wynton/group/sali/mhancock/xray/sample_bench/out/288_1_state_1_cond_ref/4/output_1086/pdbs/393.pdb,sample_bench/data/analysis/288_1_state_1_cond_ref/summary.csv,4,6,4,1.0,False,1
before_phenix,Matthew,288_1_state_1_cond_ref,1,1,7mhk,0.3487246896855279,0.2302097833640295,7mhk,/wynton/group/sali/mhancock/xray/sample_bench/out/288_1_state_1_cond_ref/5/output_2261/pdbs/278.pdb,sample_bench/data/analysis/288_1_state_1_cond_ref/summary.csv,5,7,5,1.0,False,1
before_phenix,Matthew,283_2_cond_ref,2,1,7mhf,0.3041312549928443,0.2526934214845027,7mhf,/wynton/group/sali/mhancock/xray/sample_bench/out/283_2_cond_ref/15/output_1951/pdbs/1.pdb,sample_bench/data/analysis/283_2_cond_ref/summary.csv,30,32,30,1.0,False,1
before_phenix,Matthew,283_2_cond_ref,2,1,7mhg,0.2949308920011073,0.2450120927444405,7mhg,/wynton/group/sali/mhancock/xray/sample_bench/out/283_2_cond_ref/16/output_1318/pdbs/2.pdb,sample_bench/data/analysis/283_2_cond_ref/summary.csv,31,33,31,1.0,False,1
before_phenix,Matthew,283_2_cond_ref,2,1,7mhh,0.3421556065117427,0.1989931154267741,7mhh,/wynton/group/sali/mhancock/xray/sample_bench/out/283_2_cond_ref/17/output_3616/pdbs/4.pdb,sample_bench/data/analysis/283_2_cond_ref/summary.csv,32,34,32,1.0,False,1
before_phenix,Matthew,283_2_cond_ref,2,1,7mhi,0.3139849448463818,0.1977071538799067,7mhi,/wynton/group/sali/mhancock/xray/sample_bench/out/283_2_cond_ref/18/output_681/pdbs/8.pdb,sample_bench/data/analysis/283_2_cond_ref/summary.csv,33,35,33,1.0,False,1
before_phenix,Matthew,283_2_cond_ref,2,1,7mhj,0.3351654290990865,0.2100802344825801,7mhj,/wynton/group/sali/mhancock/xray/sample_bench/out/283_2_cond_ref/19/output_1838/pdbs/8.pdb,sample_bench/data/analysis/283_2_cond_ref/summary.csv,34,36,34,1.0,False,1
before_phenix,Matthew,283_2_cond_ref,2,1,7mhk,0.3368116371968467,0.2150844363897241,7mhk,/wynton/group/sali/mhancock/xray/sample_bench/out/283_2_cond_ref/20/output_1504/pdbs/4.pdb,sample_bench/data/analysis/283_2_cond_ref/summary.csv,35,37,35,1.0,False,1
before_phenix,Matthew,283_2_cond_ref,2,2,7mhf,0.3049757828398023,0.2653358688304957,"7mhf, 7mhg",/wynton/group/sali/mhancock/xray/sample_bench/out/283_2_cond_ref/0/output_679/pdbs/1.pdb,sample_bench/data/analysis/283_2_cond_ref/summary.csv,0,2,0,1.0,False,10
before_phenix,Matthew,283_2_cond_ref,2,2,7mhg,0.2994615875253273,0.2386469630048451,"7mhf, 7mhg",/wynton/group/sali/mhancock/xray/sample_bench/out/283_2_cond_ref/0/output_79/pdbs/178.pdb,sample_bench/data/analysis/283_2_cond_ref/summary.csv,1,3,1,1.0,False,10
before_phenix,Matthew,283_2_cond_ref,2,2,7mhh,0.3279616809863498,0.2094843878629324,"7mhh, 7mhi",/wynton/group/sali/mhancock/xray/sample_bench/out/283_2_cond_ref/9/output_2063/pdbs/5.pdb,sample_bench/data/analysis/283_2_cond_ref/summary.csv,18,20,18,1.0,False,10
before_phenix,Matthew,283_2_cond_ref,2,2,7mhi,0.3044916068890282,0.2269116697039335,"7mhg, 7mhi",/wynton/group/sali/mhancock/xray/sample_bench/out/283_2_cond_ref/6/output_2265/pdbs/144.pdb,sample_bench/data/analysis/283_2_cond_ref/summary.csv,13,15,13,1.0,False,10
before_phenix,Matthew,283_2_cond_ref,2,2,7mhj,0.3150148433752048,0.2309174095764643,"7mhg, 7mhj",/wynton/group/sali/mhancock/xray/sample_bench/out/283_2_cond_ref/7/output_2338/pdbs/14.pdb,sample_bench/data/analysis/283_2_cond_ref/summary.csv,15,17,15,1.0,False,10
before_phenix,Matthew,283_2_cond_ref,2,2,7mhk,0.3154063534972985,0.2318819863061458,"7mhg, 7mhk",/wynton/group/sali/mhancock/xray/sample_bench/out/283_2_cond_ref/8/output_3294/pdbs/156.pdb,sample_bench/data/analysis/283_2_cond_ref/summary.csv,17,19,17,1.0,False,10
before_phenix,Matthew,285_2_state_3_cond_ref,2,3,7mhf,0.2779840560674818,0.2404373100085165,"7mhf, 7mhg, 7mhi",/wynton/group/sali/mhancock/xray/sample_bench/out/285_2_state_3_cond_ref/1/output_1059/pdbs/60.pdb,sample_bench/data/analysis/285_2_state_3_cond_ref/summary.csv,3,5,3,1.0,False,30
before_phenix,Matthew,285_2_state_3_cond_ref,2,3,7mhg,0.2893136458861269,0.2366071488815312,"7mhf, 7mhg, 7mhi",/wynton/group/sali/mhancock/xray/sample_bench/out/285_2_state_3_cond_ref/1/output_290/pdbs/158.pdb,sample_bench/data/analysis/285_2_state_3_cond_ref/summary.csv,4,6,4,1.0,False,30
before_phenix,Matthew,285_2_state_3_cond_ref,2,3,7mhh,0.2956736925123337,0.2068336752471422,"7mhg, 7mhh, 7mhi",/wynton/group/sali/mhancock/xray/sample_bench/out/285_2_state_3_cond_ref/10/output_2147/pdbs/25.pdb,sample_bench/data/analysis/285_2_state_3_cond_ref/summary.csv,31,33,31,1.0,False,30
before_phenix,Matthew,285_2_state_3_cond_ref,2,3,7mhi,0.2821520821975367,0.209266678498072,"7mhg, 7mhi, 7mhk",/wynton/group/sali/mhancock/xray/sample_bench/out/285_2_state_3_cond_ref/14/output_953/pdbs/195.pdb,sample_bench/data/analysis/285_2_state_3_cond_ref/summary.csv,43,45,43,1.0,False,30
before_phenix,Matthew,285_2_state_3_cond_ref,2,3,7mhj,0.2867842361624854,0.2081355183177056,"7mhg, 7mhi, 7mhj",/wynton/group/sali/mhancock/xray/sample_bench/out/285_2_state_3_cond_ref/13/output_2420/pdbs/87.pdb,sample_bench/data/analysis/285_2_state_3_cond_ref/summary.csv,41,43,41,1.0,False,30
before_phenix,Matthew,285_2_state_3_cond_ref,2,3,7mhk,0.2832143542472758,0.2091767402244457,"7mhg, 7mhi, 7mhk",/wynton/group/sali/mhancock/xray/sample_bench/out/285_2_state_3_cond_ref/14/output_3207/pdbs/115.pdb,sample_bench/data/analysis/285_2_state_3_cond_ref/summary.csv,44,46,44,1.0,False,30
phenix_summary,Matthew,288_1_state_1_cond_ref_phenix_ref,1,1,7mhf,0.2280411710209196,0.1975680478703788,7mhf,/wynton/group/sali/mhancock/xray/sample_bench/out/288_1_state_1_cond_ref_phenix_ref/0/output_2359/pdbs/152_7mhf.pdb,sample_bench/data/analysis/288_1_state_1_cond_ref_phenix_ref/summary.csv,0,2,0,1.0,False,1
phenix_summary,Matthew,288_1_state_1_cond_ref_phenix_ref,1,1,7mhg,0.2306742866670565,0.1938975311638204,7mhg,/wynton/group/sali/mhancock/xray/sample_bench/out/288_1_state_1_cond_ref_phenix_ref/1/output_1098/pdbs/7_7mhg.pdb,sample_bench/data/analysis/288_1_state_1_cond_ref_phenix_ref/summary.csv,1,3,1,1.0,False,1
phenix_summary,Matthew,288_1_state_1_cond_ref_phenix_ref,1,1,7mhh,0.2406177249831403,0.1874476887760901,7mhh,/wynton/group/sali/mhancock/xray/sample_bench/out/288_1_state_1_cond_ref_phenix_ref/2/output_1409/pdbs/3_7mhh.pdb,sample_bench/data/analysis/288_1_state_1_cond_ref_phenix_ref/summary.csv,2,4,2,1.0,False,1
phenix_summary,Matthew,288_1_state_1_cond_ref_phenix_ref,1,1,7mhi,0.2340460986790914,0.1903256915695254,7mhi,/wynton/group/sali/mhancock/xray/sample_bench/out/288_1_state_1_cond_ref_phenix_ref/3/output_3795/pdbs/397_7mhi.pdb,sample_bench/data/analysis/288_1_state_1_cond_ref_phenix_ref/summary.csv,3,5,3,1.0,False,1
phenix_summary,Matthew,288_1_state_1_cond_ref_phenix_ref,1,1,7mhj,0.248559355585155,0.197069612765187,7mhj,/wynton/group/sali/mhancock/xray/sample_bench/out/288_1_state_1_cond_ref_phenix_ref/4/output_1439/pdbs/2_7mhj.pdb,sample_bench/data/analysis/288_1_state_1_cond_ref_phenix_ref/summary.csv,4,6,4,1.0,False,1
phenix_summary,Matthew,288_1_state_1_cond_ref_phenix_ref,1,1,7mhk,0.2538726489331864,0.2038953759532739,7mhk,/wynton/group/sali/mhancock/xray/sample_bench/out/288_1_state_1_cond_ref_phenix_ref/5/output_1214/pdbs/156_7mhk.pdb,sample_bench/data/analysis/288_1_state_1_cond_ref_phenix_ref/summary.csv,5,7,5,1.0,False,1
phenix_summary,Vipul,vipul_1s2c_phenix_ref,1,2,7mhf,0.345035771146155,0.3041061827377591,"7mhf, 7mhg",/wynton/group/sali/vipul/xray/matthew/multixray/sample_bench/out/vipul_1s2c/0/output_538/pdbs/80.pdb,sample_bench/data/analysis/vipul_1s2c_phenix_ref/summary.csv,0,2,0,1.0,True,5
phenix_summary,Vipul,vipul_1s2c_phenix_ref,1,2,7mhg,0.3496886873873183,0.3006210813512802,"7mhf, 7mhg",/wynton/group/sali/vipul/xray/matthew/multixray/sample_bench/out/vipul_1s2c/0/output_926/pdbs/406.pdb,sample_bench/data/analysis/vipul_1s2c_phenix_ref/summary.csv,1,3,1,1.0,True,5
phenix_summary,Vipul,vipul_1s2c_phenix_ref,1,2,7mhh,0.357889765989535,0.2362551571433898,"7mhh, 7mhi",/wynton/group/sali/vipul/xray/matthew/multixray/sample_bench/out/vipul_1s2c/9/output_541/pdbs/415.pdb,sample_bench/data/analysis/vipul_1s2c_phenix_ref/summary.csv,18,20,18,1.0,True,5
phenix_summary,Vipul,vipul_1s2c_phenix_ref,1,2,7mhi,0.3394625372176112,0.2872931209347186,"7mhg, 7mhi",/wynton/group/sali/vipul/xray/matthew/multixray/sample_bench/out/vipul_1s2c/6/output_275/pdbs/85.pdb,sample_bench/data/analysis/vipul_1s2c_phenix_ref/summary.csv,13,15,13,1.0,True,5
phenix_summary,Vipul,vipul_1s2c_phenix_ref,1,2,7mhj,0.3513505189214578,0.2442736483950791,"7mhi, 7mhj",/wynton/group/sali/vipul/xray/matthew/multixray/sample_bench/out/vipul_1s2c/12/output_784/pdbs/284.pdb,sample_bench/data/analysis/vipul_1s2c_phenix_ref/summary.csv,25,27,25,1.0,True,5
phenix_summary,Vipul,vipul_1s2c_phenix_ref,1,2,7mhk,0.3504799474653323,0.2779939919865821,"7mhg, 7mhk",/wynton/group/sali/vipul/xray/matthew/multixray/sample_bench/out/vipul_1s2c/8/output_315/pdbs/60.pdb,sample_bench/data/analysis/vipul_1s2c_phenix_ref/summary.csv,17,19,17,1.0,True,5
phenix_summary,Matthew,283_2_cond_ref_phenix_ref,2,1,7mhf,0.2229085149856962,0.1872521964727526,7mhf,/wynton/group/sali/mhancock/xray/sample_bench/out/283_2_cond_ref_phenix_ref/15/output_618/pdbs/3_7mhf.pdb,sample_bench/data/analysis/283_2_cond_ref_phenix_ref/summary.csv,30,32,30,1.0,False,1
phenix_summary,Matthew,283_2_cond_ref_phenix_ref,2,1,7mhg,0.2264878359070386,0.1799757729070932,7mhg,/wynton/group/sali/mhancock/xray/sample_bench/out/283_2_cond_ref_phenix_ref/16/output_2133/pdbs/10_7mhg.pdb,sample_bench/data/analysis/283_2_cond_ref_phenix_ref/summary.csv,31,33,31,1.0,False,1
phenix_summary,Matthew,283_2_cond_ref_phenix_ref,2,1,7mhh,0.2506083100055991,0.1762486403934515,7mhh,/wynton/group/sali/mhancock/xray/sample_bench/out/283_2_cond_ref_phenix_ref/17/output_1475/pdbs/4_7mhh.pdb,sample_bench/data/analysis/283_2_cond_ref_phenix_ref/summary.csv,32,34,32,1.0,False,1
phenix_summary,Matthew,283_2_cond_ref_phenix_ref,2,1,7mhi,0.2352492395207076,0.1763831556957019,7mhi,/wynton/group/sali/mhancock/xray/sample_bench/out/283_2_cond_ref_phenix_ref/18/output_1012/pdbs/10_7mhi.pdb,sample_bench/data/analysis/283_2_cond_ref_phenix_ref/summary.csv,33,35,33,1.0,False,1
phenix_summary,Matthew,283_2_cond_ref_phenix_ref,2,1,7mhj,0.2488802563918458,0.1802880757228344,7mhj,/wynton/group/sali/mhancock/xray/sample_bench/out/283_2_cond_ref_phenix_ref/19/output_1645/pdbs/5_7mhj.pdb,sample_bench/data/analysis/283_2_cond_ref_phenix_ref/summary.csv,34,36,34,1.0,False,1
phenix_summary,Matthew,283_2_cond_ref_phenix_ref,2,1,7mhk,0.2579298855340891,0.1918218844683143,7mhk,/wynton/group/sali/mhancock/xray/sample_bench/out/283_2_cond_ref_phenix_ref/20/output_687/pdbs/5_7mhk.pdb,sample_bench/data/analysis/283_2_cond_ref_phenix_ref/summary.csv,35,37,35,1.0,False,1
phenix_summary,Matthew,283_2_cond_ref_phenix_ref,2,2,7mhf,0.221108082531228,0.1846604668053716,"7mhf, 7mhg",/wynton/group/sali/mhancock/xray/sample_bench/out/283_2_cond_ref_phenix_ref/0/output_1946/pdbs/4_7mhf.pdb,sample_bench/data/analysis/283_2_cond_ref_phenix_ref/summary.csv,0,2,0,1.0,False,5
phenix_summary,Matthew,283_2_cond_ref_phenix_ref,2,2,7mhg,0.2226152358661743,0.1815134081772762,"7mhg, 7mhj",/wynton/group/sali/mhancock/xray/sample_bench/out/283_2_cond_ref_phenix_ref/7/output_2727/pdbs/4_7mhg.pdb,sample_bench/data/analysis/283_2_cond_ref_phenix_ref/summary.csv,14,16,14,1.0,False,5
phenix_summary,Matthew,283_2_cond_ref_phenix_ref,2,2,7mhh,0.242613036102474,0.1761322602351438,"7mhg, 7mhh",/wynton/group/sali/mhancock/xray/sample_bench/out/283_2_cond_ref_phenix_ref/5/output_2260/pdbs/6_7mhh.pdb,sample_bench/data/analysis/283_2_cond_ref_phenix_ref/summary.csv,11,13,11,1.0,False,5
phenix_summary,Matthew,283_2_cond_ref_phenix_ref,2,2,7mhi,0.2271572897475417,0.1762236786220672,"7mhg, 7mhi",/wynton/group/sali/mhancock/xray/sample_bench/out/283_2_cond_ref_phenix_ref/6/output_3222/pdbs/247_7mhi.pdb,sample_bench/data/analysis/283_2_cond_ref_phenix_ref/summary.csv,13,15,13,1.0,False,5
phenix_summary,Matthew,283_2_cond_ref_phenix_ref,2,2,7mhj,0.2386271609265062,0.1830927044571401,"7mhg, 7mhj",/wynton/group/sali/mhancock/xray/sample_bench/out/283_2_cond_ref_phenix_ref/7/output_1836/pdbs/199_7mhj.pdb,sample_bench/data/analysis/283_2_cond_ref_phenix_ref/summary.csv,15,17,15,1.0,False,5
phenix_summary,Matthew,283_2_cond_ref_phenix_ref,2,2,7mhk,0.2473662009761653,0.1867873983320248,"7mhg, 7mhk",/wynton/group/sali/mhancock/xray/sample_bench/out/283_2_cond_ref_phenix_ref/8/output_3997/pdbs/182_7mhk.pdb,sample_bench/data/analysis/283_2_cond_ref_phenix_ref/summary.csv,17,19,17,1.0,False,5
phenix_summary,Matthew,285_2_state_3_cond_ref_phenix_ref,2,3,7mhf,0.2274729098537159,0.1896323665688879,"7mhf, 7mhg, 7mhk",/wynton/group/sali/mhancock/xray/sample_bench/out/285_2_state_3_cond_ref_phenix_ref/3/output_2295/pdbs/112_7mhf.pdb,sample_bench/data/analysis/285_2_state_3_cond_ref_phenix_ref/summary.csv,9,11,9,1.0,False,10
phenix_summary,Matthew,285_2_state_3_cond_ref_phenix_ref,2,3,7mhg,0.2279711823110422,0.1877401506343949,"7mhf, 7mhg, 7mhk",/wynton/group/sali/mhancock/xray/sample_bench/out/285_2_state_3_cond_ref_phenix_ref/3/output_1412/pdbs/64_7mhg.pdb,sample_bench/data/analysis/285_2_state_3_cond_ref_phenix_ref/summary.csv,10,12,10,1.0,False,10
phenix_summary,Matthew,285_2_state_3_cond_ref_phenix_ref,2,3,7mhh,0.2374444004928384,0.1733223593490908,"7mhg, 7mhh, 7mhk",/wynton/group/sali/mhancock/xray/sample_bench/out/285_2_state_3_cond_ref_phenix_ref/12/output_3333/pdbs/36_7mhh.pdb,sample_bench/data/analysis/285_2_state_3_cond_ref_phenix_ref/summary.csv,37,39,37,1.0,False,10
phenix_summary,Matthew,285_2_state_3_cond_ref_phenix_ref,2,3,7mhi,0.2298521826494482,0.1840186294450906,"7mhf, 7mhg, 7mhi",/wynton/group/sali/mhancock/xray/sample_bench/out/285_2_state_3_cond_ref_phenix_ref/1/output_3081/pdbs/124_7mhi.pdb,sample_bench/data/analysis/285_2_state_3_cond_ref_phenix_ref/summary.csv,5,7,5,1.0,False,10
phenix_summary,Matthew,285_2_state_3_cond_ref_phenix_ref,2,3,7mhj,0.2390552502686792,0.1770517823124808,"7mhg, 7mhh, 7mhj",/wynton/group/sali/mhancock/xray/sample_bench/out/285_2_state_3_cond_ref_phenix_ref/11/output_339/pdbs/35_7mhj.pdb,sample_bench/data/analysis/285_2_state_3_cond_ref_phenix_ref/summary.csv,35,37,35,1.0,False,10
phenix_summary,Matthew,285_2_state_3_cond_ref_phenix_ref,2,3,7mhk,0.2486328802248163,0.1913818285942062,"7mhg, 7mhh, 7mhk",/wynton/group/sali/mhancock/xray/sample_bench/out/285_2_state_3_cond_ref_phenix_ref/12/output_774/pdbs/31_7mhk.pdb,sample_bench/data/analysis/285_2_state_3_cond_ref_phenix_ref/summary.csv,38,40,38,1.0,False,10
phenix_summary,Vipul,vipul_2s4c_phenix_ref,2,4,7mhf,0.2241388677797052,0.1871285566068964,"7mhf, 7mhh, 7mhj, 7mhk",/wynton/group/sali/vipul/xray/matthew/multixray/sample_bench/out/vipul_2s4c_phenix_ref/8/output_750/pdbs/1_7mhf.pdb,sample_bench/data/analysis/vipul_2s4c_phenix_ref/summary.csv,32,34,32,1.0,False,10
phenix_summary,Vipul,vipul_2s4c_phenix_ref,2,4,7mhg,0.2279991505150888,0.1842278312687446,"7mhf, 7mhg, 7mhi, 7mhk",/wynton/group/sali/vipul/xray/matthew/multixray/sample_bench/out/vipul_2s4c_phenix_ref/4/output_689/pdbs/43_7mhg.pdb,sample_bench/data/analysis/vipul_2s4c_phenix_ref/summary.csv,17,19,17,1.0,False,10
phenix_summary,Vipul,vipul_2s4c_phenix_ref,2,4,7mhh,0.2422539765910072,0.1760615107069702,"7mhf, 7mhh, 7mhj, 7mhk",/wynton/group/sali/vipul/xray/matthew/multixray/sample_bench/out/vipul_2s4c_phenix_ref/8/output_471/pdbs/6_7mhh.pdb,sample_bench/data/analysis/vipul_2s4c_phenix_ref/summary.csv,33,35,33,1.0,False,10
phenix_summary,Vipul,vipul_2s4c_phenix_ref,2,4,7mhi,0.228529516149295,0.1747320372998407,"7mhf, 7mhg, 7mhi, 7mhj",/wynton/group/sali/vipul/xray/matthew/multixray/sample_bench/out/vipul_2s4c_phenix_ref/3/output_449/pdbs/94_7mhi.pdb,sample_bench/data/analysis/vipul_2s4c_phenix_ref/summary.csv,14,16,14,1.0,False,10
phenix_summary,Vipul,vipul_2s4c_phenix_ref,2,4,7mhj,0.2362750779745417,0.1761749438161867,"7mhf, 7mhg, 7mhi, 7mhj",/wynton/group/sali/vipul/xray/matthew/multixray/sample_bench/out/vipul_2s4c_phenix_ref/3/output_273/pdbs/458_7mhj.pdb,sample_bench/data/analysis/vipul_2s4c_phenix_ref/summary.csv,15,17,15,1.0,False,10
phenix_summary,Vipul,vipul_2s4c_phenix_ref,2,4,7mhk,0.2508441902552034,0.1870709777831198,"7mhf, 7mhi, 7mhj, 7mhk",/wynton/group/sali/vipul/xray/matthew/multixray/sample_bench/out/vipul_2s4c_phenix_ref/9/output_656/pdbs/143_7mhk.pdb,sample_bench/data/analysis/vipul_2s4c_phenix_ref/summary.csv,39,41,39,1.0,False,10
