,n,xray_0_mean,xray_0_std,rmsd_0_mean,rmsd_0_std
1,,5.354130049559641,0.026395587220016205,0.28434460278852197,0.01797184681098953
2,,5.338513466246388,0.01945059060959885,0.27988166820731447,0.01860835400036671
3,,5.331688489844462,0.017763212705493373,0.27741448637717625,0.018494528674824717
4,,5.327193329040576,0.01727746089281984,0.2765102381414795,0.019048998496382242
5,,5.323659845568487,0.017019933615586416,0.27550403710881477,0.01968432770873568
6,,5.320583549279052,0.0167948560918196,0.2745249360073514,0.01973097982586282
7,,5.318329960321753,0.016393096202694038,0.27349964182243824,0.02017853402947408
8,,5.316214316902465,0.016082546309360558,0.2730883440528765,0.02054926854133261
9,,5.314496770745987,0.015962239690921805,0.2724644783350511,0.020523206959345924
10,,5.313182353277745,0.015822106270742747,0.2719516136579397,0.020525347137091084
11,,5.311860047501147,0.015639298614414553,0.271398173698164,0.02016233336031882
12,,5.310287374867538,0.01566811467906941,0.27060321982133567,0.019845886250383568
13,,5.308697274894319,0.015444462479486784,0.27016270854092655,0.02004894255990331
14,,5.307638823547551,0.015091508708153028,0.2699643157608057,0.020119822793452823
15,,5.306979394735721,0.014876572552772617,0.2701381538539913,0.02026369922861987
16,,5.306280824282932,0.0145866040118686,0.26982192191991256,0.02019589442904247
17,,5.305412079125003,0.014331750095952387,0.26999333957604127,0.02008726091865616
18,,5.304537385873775,0.014296789397792723,0.26982665936423217,0.020176979313330283
19,,5.303997109331579,0.014126578646160895,0.2698551371999809,0.020425097347934625
20,,5.303542804955905,0.01389505177434905,0.2697210611065742,0.020391415570265494
21,,5.3030549439708,0.013821684543818786,0.26950997994218495,0.020615792022734097
22,,5.302608447579744,0.013853827503890175,0.2693695093045131,0.020422821286408547
23,,5.302232497698359,0.013717598449271782,0.26926887495352575,0.020462665336688564
24,,5.301660100778649,0.013617044887300953,0.26932391096662084,0.020463117993286567
25,,5.301153426025995,0.013663135708669838,0.26946885496340534,0.02069352490851935
26,,5.300548820184543,0.013707795280658748,0.2694955043873587,0.02089576923712081
27,,5.300122319745766,0.013677060753654725,0.2693299817219671,0.020905969939093667
28,,5.299523066993439,0.013861933253982503,0.26951284821434696,0.02081301158370143
29,,5.299072838895682,0.013805924703392189,0.26959213156579004,0.020938902438800536
30,,5.298785336928025,0.013761700836076564,0.2695762853609227,0.020819754797174444
31,,5.2983800720845675,0.013613640592802819,0.2694169689345775,0.020898231168069176
32,,5.297908768616629,0.013626849234189048,0.2693057709878763,0.021079155950259023
33,,5.297685408474617,0.013591212243486406,0.2694438835493963,0.021023218972386754
34,,5.297337395356883,0.013521853743205648,0.26957963617417935,0.021232757154256047
35,,5.296966712641637,0.01346585272357156,0.2692492815562329,0.02099871489109308
36,,5.296598523110391,0.013367110580771252,0.2690869122293125,0.021023795459920898
37,,5.296430808455195,0.0133880653747012,0.26896070699688884,0.021075305577702947
38,,5.296269005382142,0.013375696605862847,0.2691649082369754,0.021134326159587075
39,,5.295903155921237,0.01328124534321344,0.2687592834896782,0.02129432490669955
40,,5.295694609173871,0.013275988887521017,0.26865555748714504,0.021258495035326296
41,,5.295304310118041,0.013234250669569566,0.26875680833428134,0.02132261904329867
42,,5.295041030171023,0.013316443397837175,0.2685703546570777,0.021250092551079822
43,,5.294828122211919,0.013321607153403695,0.26846000721713015,0.021241596641545544
44,,5.29454971053359,0.013422397348472047,0.26847438133573515,0.0212458752028814
45,,5.294312821033544,0.01334271744909864,0.2686101643464854,0.021364966952963506
46,,5.294081240975947,0.013324924314488338,0.26866683799542823,0.02119269510637561
47,,5.293835294507997,0.013265598386309554,0.2687219714273522,0.021129490288375824
48,,5.293567075675839,0.013236352178468035,0.2686011061529799,0.021059348917997323
49,,5.293203794861609,0.013333245531502908,0.2686909287088039,0.02099197332235098
50,,5.293027122127562,0.01340414225790501,0.26868901673094703,0.021112845618181383
51,,5.292765379631169,0.013279249136996931,0.26872162251194837,0.02119071374763559
52,,5.292558283009805,0.01326169754652454,0.26868744717564236,0.021149856495512147
53,,5.292456445125488,0.013213684389388919,0.26872971754310415,0.021132855270183805
54,,5.292260183582247,0.013194503557689018,0.2685357683026766,0.02103444652054794
55,,5.291986334295937,0.01323690316632798,0.26849697815042123,0.020862893833472833
56,,5.291754115712252,0.013273338134236302,0.268621903613308,0.020923615827103212
57,,5.291568899191064,0.01337163595716502,0.2687338812418869,0.020881496052368734
58,,5.291349360086132,0.013249613863339869,0.2687962542421098,0.020876515027885404
59,,5.291121872651386,0.013286107553386795,0.26896826665690615,0.021003677260637472
60,,5.290810541718499,0.01320165973921346,0.26872331770853936,0.020901385345856106
61,,5.290607795207351,0.01323563445280676,0.2687362903367502,0.020893689750085858
62,,5.290220907396562,0.013204169876181806,0.2687413592049686,0.020941410634154826
63,,5.290087702273356,0.013197962527949005,0.26879972042304623,0.021002791135648943
64,,5.289952845689846,0.013169270539117019,0.2689375723257709,0.02075017155288846
65,,5.289823560956729,0.013161467254500644,0.2686623421135246,0.020676622788411942
66,,5.289607340514502,0.013275486814165302,0.26873124594047454,0.020695931897578856
67,,5.289401343745674,0.013347933386117894,0.26874759870944337,0.02055201370647426
68,,5.2893357633602065,0.013357962468115457,0.26883147653225065,0.0206452886279893
69,,5.289132305780372,0.01327632328817098,0.2688041370093405,0.020601830600020698
70,,5.28904465884998,0.013292461043514534,0.26873010542619874,0.0206481030433114
71,,5.288867926619312,0.013248597291975871,0.26872908804710566,0.020567189832488696
72,,5.2887518822457595,0.013233099192744376,0.268671507904074,0.020493547874804206
73,,5.288671061707586,0.013235836643171248,0.26862923854549753,0.020429889412661623
74,,5.288491818970968,0.013215894668206697,0.26866209297125765,0.02045071234478286
75,,5.288382892905019,0.013237235917014714,0.26874820826792944,0.020376412788383234
76,,5.288204309057258,0.013308876203553586,0.26868718005974807,0.020295911173120892
77,,5.287977099973501,0.013243592527070164,0.2687501395697189,0.020383635662954213
78,,5.287843194689211,0.013353349644272476,0.2687087739760472,0.020327219162570232
79,,5.287774140133572,0.013350517207763517,0.2687846556769677,0.020296331608818753
80,,5.287660684255257,0.013351607465417794,0.26886293147487267,0.02028081163861355
81,,5.28746724982482,0.013416062094558005,0.2689515483880635,0.020154993162666064
82,,5.2874472313232355,0.013403056311428222,0.26898444100104346,0.020101698888700417
83,,5.287321203292625,0.013385244424740919,0.2689514736796381,0.02007431084751797
84,,5.287182244445214,0.013450560130498916,0.2689782498799503,0.020057168258411823
85,,5.286999924393199,0.013442743134039134,0.2687760566533217,0.020060321302966467
86,,5.286949730088041,0.013410013277599818,0.2688662385143536,0.020089862955655086
87,,5.286859838241226,0.013423668972207474,0.2688721808636728,0.020091372267584878
88,,5.286665657527832,0.013484034591164533,0.2689980979067343,0.020169198424022605
89,,5.286556368812698,0.013485258320489251,0.2689863400588467,0.020293022195547687
90,,5.286455594615474,0.0135285910623361,0.26910204805123217,0.02027799108148485
91,,5.286413743799982,0.013485227196365825,0.26903827754292564,0.02021262178761583
92,,5.286300562945065,0.013495028892098835,0.26896893265939953,0.020125382894825405
93,,5.286185143303486,0.0134793376532276,0.2689583916470214,0.020072454790659267
94,,5.286081961723401,0.013475616987889953,0.2688707853899346,0.02006855004445996
95,,5.286005433691777,0.013485408592976403,0.26877878374420433,0.020072241130014126
96,,5.285867133496987,0.013426909468224923,0.268847628660473,0.019946977356267267
97,,5.285868671158169,0.013370770080529719,0.2679944611351811,0.01852786783888925
98,,5.285821475772368,0.013373563912784098,0.26796049564258706,0.018449832409995804
99,,5.28578265656047,0.01336796682314016,0.26806275900769583,0.0186653244734286
100,,5.285677509962236,0.013321538685133439,0.26809324129257117,0.01874883175082902
101,,5.285564325559626,0.013311164576275613,0.2680742906383579,0.018686014863786786
102,,5.285453399378759,0.013323227071524986,0.26808056515620415,0.01869659203483304
103,,5.28531743437833,0.013383100988596002,0.268144378290865,0.018516874895638507
104,,5.285201672023484,0.01344384274663586,0.2682318852102605,0.01842618157730153
105,,5.285011346649912,0.013520608832893952,0.26839606519607423,0.018347203612055007
106,,5.284870427907341,0.013562574467186584,0.2682713362945253,0.01842003674246896
107,,5.284690583916551,0.013566483453413537,0.2682370864033914,0.018366816112515064
108,,5.284540966810348,0.013550736974696343,0.268202576351808,0.01839636420072115
109,,5.284450921506363,0.01356457519972708,0.26822588177388657,0.018403270182929598
110,,5.28431111272719,0.01356738350815471,0.2682663672590849,0.018412164623104302
111,,5.284177244763477,0.013610317428760491,0.26832416423508026,0.018328218729479383
112,,5.28400304534872,0.013647958072747043,0.26843092678181424,0.01835280736196382
113,,5.283963049268478,0.013628393483208776,0.26841317597447617,0.018456055945837286
114,,5.283862395727913,0.013623138583816944,0.2684361593763416,0.018466259602002925
115,,5.283783994129119,0.013596738196505549,0.2685060036991826,0.018450386640623442
116,,5.283674231098641,0.013563461936781441,0.2684921006501742,0.018472198719165507
117,,5.283649425586017,0.013549782452616982,0.26838601191812855,0.018321848694421536
118,,5.283583057321871,0.013544189477178906,0.26839654493529913,0.01831246200859848
119,,5.2834696895335584,0.013536313083805658,0.2683295316988036,0.018234397681945215
120,,5.28339297357847,0.01352723962615276,0.2682792400333266,0.018239135510721115
121,,5.2832344141077625,0.013530022518221215,0.2682066421156948,0.018147554030162053
122,,5.283188325821754,0.013523364291265947,0.26830570733029824,0.01813489874712569
123,,5.28309162781251,0.013560866627343342,0.268236639810163,0.018090642972890546
124,,5.283031146827739,0.013563594656101333,0.26826503076968355,0.018054950241444708
125,,5.282924312352486,0.013589083392127693,0.2683121976130858,0.018039476862075864
126,,5.282810414312881,0.013608254191982229,0.2683217052412125,0.018071651927936333
127,,5.282798452691486,0.013602608832052093,0.2683235767987704,0.018055590786064595
128,,5.282690654031826,0.013593455123872042,0.26831473154397334,0.017935477702732752
129,,5.2826385190616625,0.013610170247564383,0.26831832688063806,0.01790161967456023
130,,5.282573439040669,0.013618206194967935,0.2683000978581889,0.017992628547175094
131,,5.282532798474022,0.01358873852118869,0.26822122286559136,0.01782051308101926
132,,5.282485445570892,0.01355978503521435,0.26813016934258554,0.01785624920937815
133,,5.282440076428911,0.013544605024506367,0.26812551416564395,0.01786144580450182
134,,5.282323201577142,0.013615479319578558,0.2681962143834071,0.017801999494961786
135,,5.282243702252521,0.013632151339892283,0.2683459480568203,0.017690266877236797
136,,5.282178809600882,0.013620948040843045,0.2682848485195486,0.017698814936486902
137,,5.282083885336418,0.013635796570571986,0.26832205817491367,0.017678979927734772
138,,5.282025594891791,0.013653292245858362,0.2682012315419987,0.017607851842675423
139,,5.2819548833404575,0.013644536343730446,0.2683033788358547,0.017536399644625004
140,,5.281922498993511,0.013629710755276801,0.2682634803893193,0.017507203862672457
141,,5.281887715005663,0.013606714280892516,0.26819265735522,0.017543421380252885
142,,5.2817296745355256,0.01367623537779407,0.2682679151771029,0.0174168411323109
143,,5.28166145904883,0.013681902098878474,0.26828295451388073,0.017256065978410513
144,,5.281563450409909,0.013710206320288078,0.2682512267882765,0.017246248586885247
145,,5.281476584103717,0.013704942867663411,0.26819629471371526,0.017376595559963966
146,,5.281447674012974,0.013702119724145792,0.26825475313669894,0.017367299864738086
147,,5.2813833603965765,0.013709871334238118,0.2680988782100316,0.017393020126512438
148,,5.281318310068319,0.013728630578562702,0.26812410790712027,0.017404411231367906
149,,5.2812693846770635,0.013747030186261435,0.26808959549148165,0.01741575225012606
150,,5.281182827829774,0.013747961546506569,0.26808357033883135,0.01740754947172311
151,,5.28109069842417,0.013735945173946463,0.2681118558085776,0.017458340871356497
152,,5.281065686543098,0.013719155092228597,0.26804568209281093,0.01747143411394812
153,,5.280929298757295,0.013728198251828113,0.2681213031747683,0.01758021274871079
154,,5.280827595244225,0.01376848611114393,0.26821217787657076,0.017543369844905687
155,,5.280796536136989,0.01375155908650613,0.26815768080929964,0.017554947719725718
156,,5.280779973499753,0.01374278679079715,0.2681408800186653,0.017554142067606453
157,,5.280759664461191,0.013723333761147639,0.26820521116685286,0.017627443509662163
158,,5.280667413231538,0.013718627210817196,0.2682214493921364,0.017614610581521955
159,,5.280536920109213,0.013768200529646502,0.2683198180997714,0.01753989976920983
160,,5.280053136734987,0.014045124199453836,0.2687244303286993,0.01825344862651842
161,,5.280447656682274,0.013778468736961818,0.2683289359185898,0.017543030339193535
162,,5.280373337521881,0.013775744183455825,0.2683260694631096,0.017532811741576417
163,,5.280302014900893,0.013775922628949252,0.26834602483645464,0.01751843460426141
164,,5.280266432540539,0.013766281999405638,0.26839831002699277,0.017500995181818666
165,,5.280200743110316,0.013793903771742907,0.2684728601102434,0.017516734968282818
166,,5.28014134771653,0.013781940382261446,0.26839695217606635,0.01746180001376376
167,,5.280090922966548,0.013795208258981416,0.26829445586423845,0.017497098474808504
168,,5.280002655464359,0.01379416334412599,0.2683722078518454,0.017481222739696208
169,,5.279905626140751,0.013828410784033624,0.2683968379418166,0.017473200470322064
170,,5.279831060636315,0.013818092172638049,0.2685033398685545,0.01749223385566553
171,,5.2797145645986285,0.013835728833215826,0.26848074607873673,0.017322188647360404
172,,5.279574198502802,0.013852339864568772,0.2682982587576262,0.017088798857457666
173,,5.2794882279799324,0.013880231622124413,0.26830442399878773,0.01707151931308848
174,,5.279458997921954,0.013871470927682029,0.26833857233868597,0.0170713930202158
175,,5.279435156082015,0.013851920387713173,0.2682665818224306,0.01703909159849805
176,,5.279425483975426,0.0138455096547151,0.26820290562539834,0.016935773375328315
177,,5.2793350972750055,0.013880490885383625,0.2682440651719183,0.016914208546131515
178,,5.279226649783655,0.013929286054052865,0.26829750133880287,0.016950129784779073
179,,5.279168221197919,0.01397274854190219,0.268328369360216,0.016937210710367235
180,,5.279097064528324,0.013962746560858124,0.26820293953448554,0.01695853992341288
181,,5.279046069874158,0.013966606453654426,0.2681970914480471,0.016875168985884783
182,,5.2789818199950975,0.01397597918885336,0.2681427135427798,0.016804069818041934
183,,5.2788457523195715,0.014031422172581414,0.26822306444804495,0.016803139429565534
184,,5.278789505007611,0.0139868076011074,0.26820463792614246,0.016829879045605404
185,,5.278712573554549,0.014017613638130443,0.2681625781524266,0.016849809251818018
186,,5.278686873272903,0.013999363252897546,0.26818821280674854,0.016825039078395408
187,,5.2786463283202325,0.014013585326344072,0.2681964551349782,0.016822868880881782
188,,5.278427032997189,0.014162678940400302,0.26907266859035645,0.017994153571727126
189,,5.278397031476065,0.014110183159305732,0.26823844337943026,0.016858168708665626
190,,5.278373408211954,0.014120054686311162,0.2682122482641112,0.01674732480704579
191,,5.278331140250788,0.014145545952831738,0.26911553505707814,0.01797067595977375
192,,5.278321196542134,0.014137309541276523,0.26906235057308037,0.01798641907269445
193,,5.2782503220507735,0.014164302238033239,0.2682346217052681,0.016753168965687182
194,,5.278243715504622,0.014133909616998633,0.2689598257976415,0.017670115540193435
195,,5.278176020187655,0.014147683562145274,0.2683142394517478,0.016876503006667213
196,,5.278185923665865,0.014124828711526143,0.2689688439275538,0.017782170189560614
197,,5.278157101339532,0.014105192815938338,0.26891709914686324,0.017789035191748355
198,,5.278078995261736,0.014113601997472976,0.2688881508189399,0.017736416677253033
199,,5.278061504606968,0.014128770311762042,0.2689257443292464,0.01768794493691794
200,,5.278015369708882,0.014105670414173132,0.26893463162140485,0.017687052043402117
201,,5.277985930312348,0.014112745511513897,0.2687677502091312,0.017507416671546
202,,5.2779466308393435,0.014103563311862214,0.26894182585901594,0.01743252998278837
203,,5.2778432191440725,0.014148517757481867,0.26896737447051006,0.017418809899573603
204,,5.277835845561781,0.014143866263350359,0.2689462106920668,0.0174320670809469
205,,5.277757994314214,0.014168680135628445,0.26895833807535585,0.017421830765594004
206,,5.277736545812417,0.014151098570354985,0.2688900799381128,0.01730963890559581
207,,5.2777039158267005,0.014166048770375693,0.2688799623445434,0.01732009873487382
208,,5.277669641511314,0.014180724453475983,0.26886813345144256,0.017330258029143356
209,,5.277601523876082,0.014180391908153568,0.26894800492462756,0.017412633113940156
210,,5.2775241787886555,0.014220165576938401,0.2689049830757593,0.01738692473799122
211,,5.2774356635708015,0.014244351084829868,0.26896525897134443,0.017334870736155854
212,,5.277298711217491,0.013981582781621652,0.26825000107134345,0.016774991714163332
213,,5.277403215607802,0.014231722122364785,0.268934278246067,0.017347607142904398
214,,5.277347331497458,0.014239879489522931,0.2689662670463122,0.01734121164994937
215,,5.277272495607026,0.014263571982226329,0.2689669005267043,0.017324362112973165
216,,5.277230515145537,0.014270272700235448,0.26901117328238894,0.017280533055530546
217,,5.277069817239519,0.014314532529428962,0.2691479168964163,0.01720342694661715
218,,5.277013124758975,0.014304364906293355,0.2690098462448976,0.01698701715295655
219,,5.276978342748081,0.014275312228710424,0.2690215346229637,0.016946707562810203
220,,5.276889821857148,0.014294547086939025,0.2690888913685746,0.017000700718530368
221,,5.276793475881797,0.01428227817846856,0.2690271624290968,0.016952661860536553
222,,5.2767906333159065,0.014279613448753552,0.2689322389763484,0.01687545103610247
223,,5.2766938090652165,0.014291405952565442,0.26896089999112827,0.016827857308801784
224,,5.276677709983775,0.01427921036634513,0.2689193411785005,0.016835239649640475
225,,5.276677227872959,0.0142786407620223,0.26905973255860155,0.01701147912812459
226,,5.276606090121394,0.014255248820289971,0.2690826772715288,0.016937770358705567
227,,5.276578238814214,0.014246079182479676,0.269110869379098,0.016942343899438984
228,,5.276510895591974,0.014241666841475622,0.2691937883689594,0.01691055395379595
229,,5.276444970612943,0.014240171799719255,0.269210281362905,0.01692560937511942
230,,5.2763585703138185,0.014245676544234424,0.26914994421909116,0.0168385471949889
231,,5.276312743418222,0.014246808550665449,0.2690468791870134,0.016698756502725787
232,,5.276235074381715,0.014261497380647673,0.26903410620131524,0.01672187360823025
233,,5.276147793779025,0.01428088456606732,0.26907904111233927,0.01672457825322301
234,,5.2761281464633845,0.014261604092626766,0.2688998839741662,0.016618155769351432
235,,5.27608024863329,0.014261050502357321,0.26887545014878117,0.016631702164990377
236,,5.275822701569649,0.014114145266897062,0.2686677640852514,0.016213843540776388
237,,5.276023716133503,0.01423089100826955,0.2689564841997115,0.01661148976369239
238,,5.275985751656876,0.014209391152329819,0.26896148202474357,0.016619617142070477
239,,5.275934117198923,0.014207082313840838,0.26886676076944965,0.01666834714270465
240,,5.275884889995283,0.014232354473896086,0.26882561213127454,0.016660203334926734
241,,5.275810432062536,0.014204569964857845,0.2688411087178216,0.01658919152118427
242,,5.275775807616783,0.014187966409119209,0.2688451284690058,0.016624664928706786
243,,5.275719320611288,0.014189473955557126,0.268847780695856,0.0166242121590845
244,,5.275643940750887,0.01422024701373925,0.268790409590979,0.016607405185093453
245,,5.275625317204146,0.01421587484639426,0.2688255309550933,0.016608015407431957
246,,5.275602347048716,0.014193932082333108,0.26882431343531055,0.016610616905118995
247,,5.275573589544068,0.01418013368169826,0.2689734756955166,0.016677021101805318
248,,5.275473393153478,0.014166739315481904,0.26904423062160443,0.016700674108433965
249,,5.275422965668701,0.014158047499286959,0.2690343640567676,0.016700746925231408
250,,5.275395507070558,0.014143820205180546,0.26905945947563487,0.016734006624045922
251,,5.275360701087049,0.014124239364391226,0.26902294125408194,0.016745303221685413
252,,5.275332170830285,0.014110346005052028,0.2689317813662494,0.01667626055871608
253,,5.275316715508473,0.014124739120349478,0.26891491595115075,0.016663264158043645
254,,5.275280481417623,0.01412268083553935,0.2688184511172017,0.016687778476577635
255,,5.27526593117647,0.014120529578703984,0.2688179798200243,0.016591195438883065
256,,5.275203570071502,0.014143253400719279,0.268870461649541,0.016567154296541004
257,,5.27508537388371,0.014168025861971741,0.26892323038169785,0.016570646917043068
258,,5.274980082001815,0.014175407930476716,0.2689895873418984,0.016585388600728584
259,,5.274934192648971,0.0141540911582685,0.2689912099788224,0.01650933691876158
260,,5.274882803517955,0.014158001025562902,0.2690394504576921,0.016510504664749157
261,,5.274656382158443,0.014429728803969779,0.269659496362609,0.01662050552678875
262,,5.274782302982995,0.014152524470593954,0.26910691368651685,0.0164804586617316
263,,5.274746910239933,0.014143482643444132,0.26916393334051125,0.016495296112727476
264,,5.274738687368243,0.014136245252497497,0.26916218007364884,0.01649750964007775
265,,5.2747098214081225,0.014148656317364878,0.26918586421499996,0.016483330396761982
266,,5.2746809554480025,0.014160997664280322,0.26920954835635114,0.016469104885696535
267,,5.274632064454753,0.014136827691221305,0.26921804741542643,0.01637731053752458
268,,5.274587056197483,0.014133813909418763,0.26910832512483196,0.01617459257651717
269,,5.274565593632552,0.014125013832968204,0.269124051022732,0.016188049943001676
270,,5.274527397919003,0.014127216105518254,0.269076018990727,0.01608024126642017
271,,5.2744646477746615,0.014129785733958325,0.26918065934626484,0.016065177866478896
272,,5.274349650504852,0.014123190278917178,0.2691902584967098,0.015960097035054768
273,,5.274339208361495,0.014112870005687901,0.2691890090543159,0.015961749198733263
274,,5.274314328674461,0.01411531803588792,0.26914099148365206,0.015957166259656444
275,,5.2742290004287025,0.014140019143814055,0.2691034068397226,0.015809776301926332
276,,5.274184942568816,0.014135271922139857,0.26907481656351445,0.015680873844170252
277,,5.273836315050692,0.01435536966287635,0.269524462806404,0.016443534131991355
278,,5.2741051909913805,0.014131859736261701,0.2692858268293632,0.015777329908494044
279,,5.274089200250179,0.01411603797580534,0.2692216762601414,0.015817228796368547
280,,5.2736272547174465,0.014348680053788511,0.2695200643972166,0.01614557226968748
281,,5.273992638700009,0.014122259803678055,0.2693463979092527,0.015794646049669982
282,,5.27396306933982,0.014104809226358511,0.26936150926046337,0.01580951305073303
283,,5.273851969566421,0.014112393944448992,0.2694306042593854,0.01572663911225813
284,,5.273789741624221,0.014128547595033245,0.2694616020602757,0.015710505470299292
285,,5.2736309309576,0.014129659888019216,0.26936658041014067,0.015598162555615873
286,,5.2733941724164435,0.014295085594766539,0.2694077638392931,0.015973715531491364
287,,5.273583319236067,0.014119903115607204,0.2693228988275462,0.015477483962499655
288,,5.2735529030765305,0.014116837534035427,0.26928351088767044,0.01547761883580519
289,,5.273331224355865,0.01428146165571595,0.2694394909376375,0.01598972888216582
290,,5.273304723556743,0.014266853280732763,0.26943468795279885,0.016017733045397376
291,,5.2732032998181015,0.014293341570288397,0.2694010255355324,0.015840328489588617
292,,5.273162433156144,0.014291821161220512,0.2694157441491688,0.015831801190522334
293,,5.273147128150005,0.014303836125470858,0.2693642676121632,0.015837477099664703
294,,5.2732713557049875,0.014092523208804606,0.269417602531266,0.015544065385873626
295,,5.273130128562229,0.014297178475436373,0.2694152730217473,0.01583810141935088
296,,5.273119043999941,0.014286274694348218,0.26938922168809953,0.015852152352669735
297,,5.273115485643847,0.014282956877380333,0.2693484233600249,0.015878012482368184
298,,5.273053388159189,0.014284710331722418,0.2693562766465305,0.01585213756319197
299,,5.273011625033658,0.014281539356099342,0.2693323479373727,0.01586666624929353
300,,5.272977410214481,0.014283920265233644,0.2692835441219584,0.015758464053772955
301,,5.272960729298828,0.014275598910304617,0.26931708379081915,0.01569687848140739
302,,5.272897282488992,0.014270741005298118,0.26940522388506777,0.015694252455152657
303,,5.272873096469345,0.014256021208183745,0.2694193962159683,0.015706682972040774
304,,5.272839210596197,0.014259822291626019,0.2694353918557635,0.01569220215036868
305,,5.272711208763742,0.014254865567816643,0.2694815273166429,0.01568919658524336
306,,5.272560895343717,0.01425114235109393,0.2694793094587815,0.015666107672644664
307,,5.272532029383596,0.014259045407874711,0.26950299360013275,0.015650695332185303
308,,5.272441235028398,0.01424839766803472,0.26957570617008647,0.015636705232455094
309,,5.272706648978216,0.014041579925977604,0.26953981642538966,0.01530545553979729
310,,5.272342758453176,0.014225297924778148,0.26964909132254566,0.01570138661444424
311,,5.272301498997735,0.014220349237550547,0.2696439231838976,0.015702326852477987
312,,5.2722402853474115,0.014230400455566245,0.26959515088140507,0.015684812187252595
313,,5.272225818195723,0.01421296692656292,0.2694823811381705,0.015595281879141212
314,,5.2721537859762755,0.014222907116856628,0.26955605902525387,0.015577049968940201
315,,5.272109616517125,0.014208160697740349,0.26966583735569505,0.015588526084976056
316,,5.272058768452251,0.014203255999662672,0.26970599159459074,0.015589133144463162
317,,5.272053207473081,0.01419680879891786,0.2697063893330087,0.015588615342920534
318,,5.272020496459223,0.014172489079480861,0.26973670660948534,0.01561388362301928
319,,5.271931111916883,0.014190586817837253,0.2697417579883816,0.01562568576835042
320,,5.2718902464154525,0.014181112294447868,0.2696946971447206,0.015503770965897968
321,,5.2718718385365255,0.014171575855898656,0.26973246080018554,0.01550429773941114
322,,5.271819018441948,0.01416350469746656,0.26976255692436496,0.015501885532809425
323,,5.271781623075811,0.014144165038945646,0.2698607726448519,0.015487017295688809
324,,5.271765357549579,0.014137456462710687,0.26990143150524176,0.015487171626700096
325,,5.271746561228413,0.014126865053355126,0.2699113706278106,0.015514532153931023
326,,5.271671643865483,0.014103853410135588,0.2699779800068522,0.01552464397109701
327,,5.271671643865483,0.014103853410135588,0.2699779800068522,0.01552464397109701
328,,5.271671643865483,0.014103853410135588,0.2699779800068522,0.01552464397109701
329,,5.271613811437764,0.01408634064863649,0.27007608933255267,0.015477000106100855
330,,5.271599511138558,0.014081247060996989,0.27010239893693366,0.015488937874910753
331,,5.271568596596086,0.01408438072270365,0.2701103515612542,0.01546591648709335
332,,5.271523580337587,0.014082812762126336,0.2701656306006089,0.015461574611819693
333,,5.2717867213651335,0.013975226510397855,0.2695886989990076,0.01502068411418137
334,,5.271367780195904,0.014042757041676807,0.2702053273435438,0.01544166539086189
335,,5.271296779012297,0.014040071876241114,0.27027457961582957,0.01538722502642517
336,,5.271235612319203,0.01401969136315176,0.2702391912364572,0.015422720296246365
337,,5.271235612319203,0.01401969136315176,0.2702391912364572,0.015422720296246365
338,,5.271220349992794,0.014029905745945386,0.2702200655121381,0.015409722500067426
339,,5.271220349992794,0.014029905745945386,0.2702200655121381,0.015409722500067426
340,,5.271203931842661,0.01402190723026845,0.270296635145398,0.015378988552590159
341,,5.271130047935114,0.014041582543790287,0.2703106377517124,0.015348155011288282
342,,5.271112123716185,0.014049147745182585,0.2702893610221128,0.015338234373284144
343,,5.271099630862745,0.014035053868186466,0.2702500679343458,0.015355657837774876
344,,5.2710264519760806,0.01402799265562455,0.2702476764303357,0.015336596386004828
345,,5.271014117976971,0.014013317259565455,0.270181849228023,0.015233069059244715
346,,5.270973307075836,0.013997928731264006,0.2703102788250339,0.01522141569982684
347,,5.2709724542387395,0.013996585487887948,0.27025416135008046,0.015113026777418815
348,,5.2709039901781924,0.0139945298016011,0.27026171458776976,0.01511476958949896
349,,5.270835440100002,0.013973628263490719,0.27031208540742285,0.01511427010102953
350,,5.270805877474387,0.013977496506024945,0.2703192692874847,0.015112956290868297
351,,5.270796653892923,0.013966593490095889,0.270303390802664,0.015130462538559805
352,,5.270794688665897,0.013964629021122431,0.2703177400586729,0.015117629955462567
353,,5.270744843800846,0.013972571212892082,0.2702981097128596,0.015104432415120356
354,,5.270726496195063,0.013978076878139725,0.2703082004121845,0.015077682462904944
355,,5.270685658915583,0.013951229282459234,0.27035768409306216,0.015084589220244153
356,,5.270678804873116,0.013942145741148361,0.2703357761149745,0.01509878975514206
357,,5.270678804873116,0.013942145741148361,0.2703357761149745,0.01509878975514206
358,,5.270639744864974,0.013931773383753385,0.27023324491330425,0.014878535348611732
359,,5.270226050482273,0.013474436899812262,0.27068297563468,0.014876520476821198
360,,5.27055529529109,0.013917461793318101,0.2702110148250354,0.01475545757019158
361,,5.270540032964682,0.013927005623947298,0.2701918891007163,0.014741834909874837
362,,5.270080410672135,0.013422487396642466,0.27066820501925154,0.014916220462363657
363,,5.270336494800295,0.013913706893042978,0.27026987959748294,0.01467357901831367
364,,5.270272742767332,0.013886765152837939,0.2702380136151445,0.014717959891287744
365,,5.270250916261932,0.013870843002680823,0.2702790702139523,0.014716516157804754
366,,5.270250219596437,0.013870181301310042,0.27026256995266296,0.014732833273835757
367,,5.270167893680959,0.013847699857902289,0.2702499733661465,0.014734878151968323
368,,5.270354621768384,0.013848912036168868,0.2703987428689249,0.01485099031741387
369,,5.2700647747154665,0.013854864360166579,0.2702258266057106,0.014694054698861451
370,,5.269845228276586,0.013453704177463853,0.2705941599324458,0.01483081436988411
371,,5.269990331618517,0.013840931309251178,0.27024634683838705,0.01466286030155448
372,,5.269954092076104,0.013834755443666028,0.27024886720129504,0.014662797700783431
373,,5.269859927618049,0.013833417234284448,0.2703010161561258,0.014627624407703913
374,,5.269828399765409,0.013833119991990262,0.2703225492921965,0.01461299226160455
375,,5.2698192671210276,0.01382047390419082,0.2702964566841528,0.014483999983285346
376,,5.269782178289218,0.013812543291668426,0.2703183875586415,0.014468654677731977
377,,5.26952827339158,0.013430748772646522,0.27071265816626205,0.014746399641847227
378,,5.269782178289218,0.013812543291668426,0.2703183875586415,0.014468654677731977
379,,5.269717919586036,0.013792730766314064,0.2703990913539871,0.01446264072862239
380,,5.269689053625915,0.01379494868330534,0.2704227754953383,0.014444436407363261
381,,5.269669860845456,0.01379932374596718,0.2704323482830369,0.014403663526804835
382,,5.269669860845456,0.01379932374596718,0.2704323482830369,0.014403663526804835
383,,5.269319985027118,0.013378298622706753,0.2708039574482718,0.014736564009321542
384,,5.269618415340146,0.013784690792694324,0.27046657826352855,0.014425367937858823
385,,5.2692550296584395,0.01335487929799646,0.2708681609823281,0.014744981046740853
386,,5.2692261636983195,0.013356169537808191,0.2708918451236792,0.014726371356418346
387,,5.26919177415508,0.013350512884209789,0.2708890801929647,0.014726064264044712
388,,5.26912851865172,0.01334584523218511,0.27090999940360144,0.014707093394755311
389,,5.2691122531254875,0.013335499513266664,0.27095065826399123,0.014704354989980108
390,,5.269051859312727,0.013334338348512977,0.27099587554141313,0.01466999811003925
391,,5.269036596986319,0.01334257959362963,0.2709767498170941,0.014657320185225408
392,,5.268977471735088,0.013342646351907156,0.2709911175772177,0.014653955324211607
393,,5.26896220940868,0.013350797430745404,0.27097199185289866,0.014641257292617586
394,,5.268957382491055,0.013344567656874492,0.2709620430421223,0.01464263859292907
395,,5.268938255274223,0.013330099237286048,0.27097840383572686,0.014655056683067623
396,,5.268927982605282,0.013315147342325119,0.27095978880098204,0.014669840703567456
397,,5.268908158722956,0.013299844269390064,0.2709596493332973,0.014699375969296628
398,,5.268904453136836,0.013293785806188134,0.2709469428006688,0.014693282067132081
399,,5.268870026197545,0.013286100298251306,0.27097102468043793,0.01467389530863795
400,,5.268793167060473,0.01327221825643625,0.2710347537567449,0.014648460969570079
401,,5.268761918390428,0.013239591738877505,0.2710389150600789,0.014657746461211658
402,,5.268752496225785,0.013226041454752153,0.271002019764605,0.014670611771803297
403,,5.268750083958714,0.013221780042705342,0.27100478389829397,0.014670128237734318
404,,5.268720521333099,0.013221206148518995,0.27101196777835584,0.014668435402204125
405,,5.268714301084485,0.013213275939532337,0.27096901844500076,0.014704165062610528
406,,5.268674700938976,0.013631528934217362,0.2709266236548651,0.014210258538061451
407,,5.2686338920829225,0.01317577155345391,0.2710813171383498,0.014705572866867942
408,,5.268584240213274,0.013176311800469716,0.27105942648331627,0.014692761123910545
409,,5.268511221722175,0.013604555246017863,0.2709735100108169,0.014162949041811144
410,,5.26853910872692,0.013164962881659428,0.2711237694850573,0.01467055211380015
411,,5.268522553337214,0.013170416575939656,0.27108233804423254,0.01467435755092962
412,,5.268508949703502,0.013162399868012917,0.2711251479099029,0.01466782316065597
413,,5.268508949703502,0.013162399868012917,0.2711251479099029,0.01466782316065597
414,,5.26850323312498,0.01315482815978491,0.2711009591470575,0.014686873144067978
415,,5.268445501204739,0.01315408527524399,0.27114832742975986,0.01464869143954731
416,,5.268407753103484,0.013142264018486869,0.27112691123247556,0.01466911221573463
417,,5.268169273698613,0.013516194718926528,0.27060432959821323,0.013874905727007555
418,,5.268315594243955,0.013131872670740286,0.27119836139494713,0.014610955785341651
419,,5.268277389474518,0.013118270119879658,0.271215231013864,0.014596557008165588
420,,5.268209620390538,0.013121295914836639,0.27117432393845115,0.014574947183215156
421,,5.268174162083848,0.013112047494541826,0.27122455558653963,0.01453050801852695
422,,5.268159861784641,0.013102821810307735,0.2712508651909207,0.014541144937710386
423,,5.268144599458233,0.013110170193309297,0.27123173946660156,0.014528690246771826
424,,5.268144599458233,0.013110170193309297,0.27123173946660156,0.014528690246771826
425,,5.268086170872497,0.013107030070996612,0.27126260748801456,0.014507373951285834
426,,5.268027435752432,0.013085340343216787,0.2713697603554259,0.01447663446310225
427,,5.267998383743497,0.013053580561569167,0.2713305840862346,0.014495888453775337
428,,5.2678778562951525,0.013480694747883786,0.27061807653369274,0.013832150785184993
429,,5.267684619187919,0.01342203207539828,0.27112750386722,0.013802126317056225
430,,5.2678283770790255,0.013037529432253123,0.27132387112412426,0.014334550909898153
431,,5.267783245592674,0.013023440492269507,0.27138821412586533,0.0143105970994897
432,,5.267769641958962,0.01301456050790235,0.27143102399153557,0.014302981054861979
433,,5.267754379632554,0.013021501334101597,0.2714118982672165,0.014290559911283795
434,,5.267754379632554,0.013021501334101597,0.2714118982672165,0.014290559911283795
435,,5.267466565416428,0.013384760217291715,0.27119100323261885,0.013758973931102016
436,,5.267706386455601,0.013002855860464525,0.27145194320217225,0.014282654529045712
437,,5.267669335019841,0.012989594202492113,0.27144702726617725,0.01428589673939277
438,,5.267591894445128,0.012966902269216566,0.2714851921188085,0.014290597968211005
439,,5.267537254534977,0.012954499577102247,0.27141646822679305,0.0143037960184126
440,,5.267494088275651,0.012941926474375257,0.2714664619725252,0.014294126196209024
441,,5.267471452366951,0.012937593060430156,0.2714261724697629,0.014301581377941413
442,,5.2674123271157205,0.012930507202710472,0.2714405402298866,0.01429768118080406
443,,5.2673970647893125,0.012937071592441979,0.2714214145055675,0.01428526816969398
444,,5.267362482250669,0.012926047826426427,0.27142090988407336,0.014285269061933632
445,,5.26734721992426,0.01293255565549535,0.2714017841597543,0.014272818951238294
446,,5.26728948800402,0.012926638138882172,0.2714491524424567,0.014232525419877448
447,,5.267247018410187,0.012914082489194283,0.27151564644947823,0.014204352814465769
448,,5.2672045488163555,0.012901374817011757,0.27158214045649975,0.014175812323187898
449,,5.2671477789233165,0.012878005054573231,0.2716749440679022,0.014157038757762716
450,,5.267087450674185,0.012848985301940279,0.2717269493512301,0.014173469535727665
451,,5.267073847040472,0.012839247468961116,0.27176975921690033,0.014164756050600606
452,,5.267032396450825,0.012798662209370365,0.2718328234095282,0.014175715151018287
453,,5.267032396450825,0.012798662209370365,0.2718328234095282,0.014175715151018287
454,,5.266984017283067,0.012776324029610396,0.27187738896292474,0.01416684412398091
455,,5.266955151322947,0.012772541229641825,0.2719010731042759,0.01414578432944841
456,,5.266926285362827,0.012768692052394922,0.27192475724562715,0.014124653421598025
457,,5.266883815768995,0.012754771638712472,0.2719912512526486,0.014094021554984997
458,,5.266532442527069,0.013061409088088968,0.2714899541726582,0.013288625138138966
459,,5.266829717571281,0.012722767311762025,0.27197928289186296,0.014139829737364091
460,,5.266788028388802,0.013035684666706302,0.27092178766818115,0.013876437199929013
461,,5.266785589284752,0.01272455867977454,0.2719838413088951,0.014106750635615688
462,,5.266724461410448,0.01271014876237116,0.2720394051355114,0.014064781770493957
463,,5.266674618234324,0.012683818167699472,0.2720847353640896,0.014054654718181233
464,,5.2666546442181446,0.012681660677938217,0.27204659686660776,0.014060411892680392
465,,5.266618404675732,0.012665379136013429,0.2720491172295158,0.014060023905251127
466,,5.266573579723709,0.012665515598769191,0.2720371753852585,0.014045937327224653
467,,5.266530413464382,0.012649367196980196,0.2720871691309907,0.014033878851743262
468,,5.266495830925739,0.012635720774900957,0.27208666450949653,0.014033903698734739
469,,5.266700128888168,0.012993537488002206,0.2709570259710818,0.013876648738875393
470,,5.266463406609524,0.012625152708205347,0.27206955032277313,0.014049443508669964
471,,5.266365421337493,0.012591010024971733,0.2721180567073617,0.013985213650539913
472,,5.2662628644652285,0.012579457465854494,0.27215348314580695,0.013927549091826563
473,,5.2662628644652285,0.012579457465854494,0.27215348314580695,0.013927549091826563
474,,5.266204435879493,0.012567439305243398,0.27218435116721995,0.013903264996891509
475,,5.266172908026852,0.012557938024065027,0.2722058843032907,0.01388494927540344
476,,5.266078087274802,0.012526742875795468,0.2722751834604818,0.013821611406935013
477,,5.266074381688681,0.012519472688580537,0.2722624769278533,0.013816340241051828
478,,5.266002349469235,0.012495345179325492,0.27233615481493667,0.013780902123378985
479,,5.266342106202432,0.012881655553478179,0.2710785702759461,0.013789212066174493
480,,5.265987087142825,0.012500416670694448,0.27231702909061756,0.013769267279764906
481,,5.266295316023383,0.012878011562081154,0.2710809776876977,0.013759113612590117
482,,5.266280053696974,0.01288327948489557,0.27106185196337856,0.013745713991939499
483,,5.26627935703148,0.01288235231959818,0.27104535170208927,0.013764120524272923
484,,5.26622785516266,0.012870478898382866,0.2710287463406782,0.013750466531702749
485,,5.26622785516266,0.012870478898382866,0.2710287463406782,0.013750466531702749
486,,5.26622785516266,0.012870478898382866,0.2710287463406782,0.013750466531702749
487,,5.266193272624016,0.012856253327568701,0.27102824171918405,0.013750453048305408
488,,5.266168932498754,0.01282891099908287,0.27103917432045294,0.013765691187583364
489,,5.266101356410177,0.012821205021540097,0.2709960069358198,0.013741957887178457
490,,5.266086094083768,0.01282626547937265,0.2709768812115007,0.013728423145528173
491,,5.266086094083768,0.01282626547937265,0.2709768812115007,0.013728423145528173
492,,5.266086094083768,0.01282626547937265,0.2709768812115007,0.013728423145528173
493,,5.266072490450056,0.012815447485380754,0.27101969107717105,0.013721767305566384
494,,5.266033505659797,0.012792667860252186,0.27098997966175903,0.013733661144571477
495,,5.266003943034181,0.012785795131014542,0.2709971635418209,0.013731860608624644
496,,5.265988680707773,0.012790753361932,0.2709780378175018,0.013718317517328417
497,,5.265987984042278,0.012789803618003092,0.2709615375562125,0.0137366600836643
498,,5.265885427170015,0.012775401195126612,0.2709969639946576,0.01368094279708693
499,,5.265885427170015,0.012775401195126612,0.2709969639946576,0.01368094279708693
500,,5.265853899317374,0.012765266824573514,0.27101849713072834,0.013664200341147428
501,,5.265847462570158,0.0127546909844888,0.2710696311387289,0.013616743566349438
502,,5.26580333428363,0.012753079517329013,0.27107418955576096,0.01358269586604979
503,,5.265278639063101,0.012217931555270402,0.2726112863411784,0.013590313789314608
504,,5.265712415818053,0.012745494169085027,0.2710811553845447,0.013517926771950394
505,,5.265231152218558,0.012208976793829448,0.27259719349164074,0.013580046368899291
506,,5.265652328539621,0.012747015490853743,0.27105008781596834,0.013488747334169392
507,,5.2656075035875975,0.012743753450803334,0.27103814597171116,0.01347317807058979
508,,5.265575975734957,0.012732905746665732,0.27105967910778184,0.013456111210652176
509,,5.265561675435751,0.012720484619803699,0.27108598871216283,0.013467918822383776
510,,5.265531152471862,0.012710316073551001,0.2711126978379162,0.013446938871693258
511,,5.265467896968502,0.012687175274472497,0.2711336170485528,0.013425812326377202
512,,5.265437179320281,0.012695506144774396,0.27109762590913505,0.01339873974284388
513,,5.26543451742776,0.01269152768356013,0.27109547490385455,0.013402361244221667
514,,5.265405344933311,0.012665236405322756,0.27119544389120404,0.013372380323924642
515,,5.265038695399021,0.012402104744204358,0.27188701293300843,0.013266925419931415
516,,5.265302091395553,0.012644969528178042,0.2712143700683599,0.013333727404851224
517,,5.265267494981845,0.012626784117340802,0.27125581754048,0.013297370496739515
518,,5.2652386290217255,0.012619030579669923,0.2712795016818312,0.01327604032686374
519,,5.2652097630616055,0.012611206203533903,0.27130318582318236,0.013254633511205167
520,,5.265201037562456,0.012595330861089596,0.2712827907889978,0.013250225541278157
521,,5.265201037562456,0.012595330861089596,0.2712827907889978,0.013250225541278157
522,,5.264830312487666,0.012032928125492127,0.27284323088700874,0.013220906969745302
523,,5.264810670282869,0.012286719554669883,0.2720935867947674,0.013158423719203897
524,,5.2650976439351584,0.012541603223508979,0.27129578413913435,0.01322205980194168
525,,5.265063951057414,0.01252526920189938,0.27130951946970916,0.01320233012384158
526,,5.265063951057414,0.01252526920189938,0.27130951946970916,0.01320233012384158
527,,5.265050347423702,0.012513079835299992,0.27135232933537945,0.013194329699762333
528,,5.265034388431798,0.012515959794204676,0.27131670334977104,0.013200283215460533
529,,5.264522723238862,0.011884157583920148,0.27301265297856536,0.01313527851284559
530,,5.265005522471678,0.012507599590093524,0.27134038749112227,0.01317868648785211
531,,5.265004825806184,0.012506573578026089,0.2713238872298329,0.013198232079395248
532,,5.264928473001521,0.012488234070217362,0.27133347852164647,0.013164676300988247
533,,5.264871703108482,0.012453718603213043,0.2714262821330489,0.01314621416710897
534,,5.264853386096069,0.012451925292493345,0.27138511865116494,0.013150747256216833
535,,5.264788165365684,0.01242169481009262,0.2714203871178104,0.013112712223405671
536,,5.2646972469001065,0.012406469731285452,0.2714273529465941,0.013045425097334867
537,,5.264653118613577,0.01240072063089492,0.27143191136362627,0.013009756966127318
538,,5.264580389728635,0.012367025399221045,0.2714890889894203,0.012996890968532964
539,,5.264535258242283,0.012340298731807356,0.27155343199116133,0.012969647380580783
540,,5.264505695616668,0.012329582096925548,0.2715606158712232,0.012967428618252765
541,,5.264476132991053,0.012318785195048308,0.2715677997512851,0.012965205495713908
542,,5.264474167764028,0.012315549364309659,0.2715821490072939,0.012948826422893321
543,,5.2642022216029645,0.01194695622957793,0.27255824800924366,0.013116735280765936
544,,5.264394646734436,0.012268733076678234,0.2716437270783204,0.01292082957907302
545,,5.264394646734436,0.012268733076678234,0.2716437270783204,0.01292082957907302
546,,5.264394646734436,0.012268733076678234,0.2716437270783204,0.01292082957907302
547,,5.264381043100724,0.012255545673270437,0.2716865369439907,0.012911546683992685
548,,5.2642910866623485,0.012219611005895976,0.2717389381014745,0.012867484893759374
549,,5.264240238597474,0.012181314768447311,0.2717790923403702,0.012861749749538161
550,,5.264224976271066,0.012184309888372406,0.2717599666160511,0.01284845345792885
551,,5.264209407410329,0.012167523431810606,0.2718171257377303,0.012821927051954953
552,,5.264195803776617,0.012154018884742242,0.27185993560340055,0.01281199312131001
553,,5.2641652791238,0.012159891134146344,0.27182168415476243,0.012785496477623327
554,,5.263769773185244,0.01164175554466748,0.27305988769933737,0.012760832264228748
555,,5.264134713298362,0.012127179537463196,0.2718886526195332,0.012790227384833881
556,,5.264128493049748,0.012116179382722338,0.27184570328617813,0.012834122317268036
557,,5.264113230723339,0.012119049872335481,0.271826577561859,0.012820896741670949
558,,5.263709268264458,0.01177723583833766,0.2727014950466889,0.012825241790494801
559,,5.263677740411818,0.011760409268530912,0.2727230281827596,0.012804514607447744
560,,5.2640414458139615,0.0120516506050455,0.2719220283516315,0.012786941455994114
561,,5.263619701957248,0.01171532573787642,0.2728466813114603,0.012735242567706664
562,,5.26360443963084,0.011717631733714089,0.27282755558714117,0.012723418947902371
563,,5.263590835997128,0.011702904875021205,0.2728703654528114,0.012710005169410309
564,,5.263892322951733,0.01194850367376191,0.2720940171826479,0.0127662436785647
565,,5.263821252759488,0.011892109809514018,0.27221313039843137,0.012751810075384193
566,,5.263821252759488,0.011892109809514018,0.27221313039843137,0.012751810075384193
567,,5.263486620432166,0.011683160306572848,0.2728438563012673,0.012646151688655788
568,,5.26377808650016,0.01186490056864926,0.27226312414416354,0.01273783604555248
569,,5.26377808650016,0.01186490056864926,0.27226312414416354,0.01273783604555248
570,,5.263411967492821,0.011676624433867386,0.2728101632696612,0.012584922439530164
571,,5.263735616906328,0.011838630109803417,0.272329618151185,0.012702089501087708
572,,5.2637193513800975,0.011819546878541228,0.27237027701157485,0.01269437265413343
573,,5.263309369447936,0.011597910597180641,0.2729508096215153,0.01254194195771273
574,,5.2637193513800975,0.011819546878541228,0.27237027701157485,0.01269437265413343
575,,5.263705051080891,0.011803915793313944,0.27239658661595584,0.012704174233305682
576,,5.263234675335968,0.011549758967949329,0.27302233650331825,0.012503048970328026
577,,5.2632155481191365,0.01152354429086301,0.2730386972969228,0.012514896679679102
578,,5.2631866821590165,0.0115099029455326,0.273062381438274,0.012488849890348958
579,,5.263173078525304,0.011494415550308664,0.27310519130394423,0.012474378042210323
580,,5.263479307389977,0.01166373666485644,0.27262213002637825,0.012573521258544702
581,,5.263436141130649,0.011634724825474759,0.2726721237721104,0.012557720689558814
582,,5.263085487247926,0.011418680284076931,0.2731291053352382,0.012486519408904688
583,,5.263056621287806,0.011404584322026939,0.27315278947658944,0.012460241456571465
584,,5.263056621287806,0.011404584322026939,0.27315278947658944,0.012460241456571465
585,,5.263027755327686,0.01139039776299189,0.27317647361794056,0.012433862854562447
586,,5.263163757831872,0.011552045658002871,0.2726235244183693,0.012424308910102858
587,,5.262921881070028,0.011382368715422636,0.27308802887640693,0.012372232757412425
588,,5.262835548551375,0.011318413335817772,0.27318801636787127,0.01233611773191142
589,,5.262805289260265,0.011301012213361536,0.27317869998664385,0.01235619397059507
590,,5.262773761407625,0.011280949347656935,0.2732002331227146,0.012333845521525187
591,,5.2627581925468885,0.01126081034686027,0.2732573922443937,0.01229951843272442
592,,5.26275317263386,0.011250317199910913,0.2732497037428377,0.01230292452830267
593,,5.26275317263386,0.011250317199910913,0.2732497037428377,0.01230292452830267
594,,5.262752475968366,0.011249037024841561,0.27323320348154834,0.01232641524773801
595,,5.262752475968366,0.011249037024841561,0.27323320348154834,0.01232641524773801
596,,5.262752475968366,0.011249037024841561,0.27323320348154834,0.01232641524773801
597,,5.262752475968366,0.011249037024841561,0.27323320348154834,0.01232641524773801
598,,5.262723610008245,0.011233872561760738,0.27325688762289957,0.012299594794803345
599,,5.262650615761597,0.011204371108060643,0.2732851301812829,0.012234058785007308
600,,5.262611381029392,0.011165093257158027,0.27322863786431245,0.012112785884127258
601,,5.262765564332228,0.011361704284589127,0.27273056947291924,0.012172657119198934
602,,5.262560070467046,0.011156637200437601,0.27314481161928944,0.01210446329632658
603,,5.2625285426144055,0.011135619978972366,0.27316634475536017,0.012081709607818144
604,,5.2626812819486375,0.01126769646225582,0.27278898673907526,0.012202882030846806
605,,5.2626812819486375,0.01126769646225582,0.27278898673907526,0.012202882030846806
606,,5.262445204669689,0.011083254280470824,0.27318259680162654,0.012027464548863265
607,,5.262582739127262,0.011187193978331282,0.2729647846187886,0.01210758434982037
608,,5.262401341744867,0.011047353763324405,0.27321609028606936,0.012032654405878914
609,,5.262055663067318,0.010939484205006511,0.2733094522327185,0.01167469409529552
610,,5.262386079418459,0.01104811619471584,0.27319696456175024,0.012020727471548852
611,,5.26237081709205,0.011048857490918787,0.27317783883743113,0.012008758231079508
612,,5.262465616594083,0.011141593347219885,0.272997585594204,0.012002443370178263
613,,5.262349839876046,0.011015389275479548,0.27319948492465823,0.012020032440951045
614,,5.261978348235452,0.010917260943757608,0.27327360819583196,0.01161427603205084
615,,5.262421488307554,0.011126343839908676,0.2730021440112361,0.011963067819391873
616,,5.26189330362274,0.010833937712537687,0.27330873719479276,0.01160290268885234
617,,5.262233884619712,0.010935907343227707,0.27320088309342155,0.011985217995256774
618,,5.262218622293303,0.0109364438520462,0.27318175736910244,0.011973219516513105
619,,5.262218622293303,0.0109364438520462,0.27318175736910244,0.011973219516513105
620,,5.262254217037313,0.011050809962724659,0.2730187011318334,0.011849721280978333
621,,5.2621417631562295,0.010872657361999707,0.27324548644540947,0.011930231134992354
622,,5.262125497629998,0.010849486343084308,0.2732861453057993,0.011918890804117984
623,,5.262095935004383,0.010830720110027234,0.2732933291858612,0.011915431783367953
624,,5.262078010785455,0.010825578566416331,0.27327205245626157,0.011907980931358744
625,,5.262078010785455,0.010825578566416331,0.27327205245626157,0.011907980931358744
626,,5.262030017608503,0.010777896867321248,0.27331209739121737,0.011892230580200919
627,,5.262030017608503,0.010777896867321248,0.27331209739121737,0.011892230580200919
628,,5.261976350714576,0.010738030049686653,0.2732876942243103,0.011878760226924205
629,,5.261961088388168,0.010738210415345197,0.27326856849999126,0.011866794022694348
630,,5.261915301408942,0.010738621344926121,0.273211191327034,0.011830637277931372
631,,5.261982602770335,0.010914491702130567,0.2730177974160127,0.011731476682406376
632,,5.261870476456918,0.01071913300397065,0.27319924948277674,0.011815067338015676
633,,5.2617974822102695,0.010682382874075226,0.27322749204116004,0.011746967018664043
634,,5.2617822198838615,0.010682308624337547,0.2732083663168409,0.011734768304707259
635,,5.261752657258246,0.010662296439116186,0.27321555019690275,0.01173130262411745
636,,5.261752657258246,0.010662296439116186,0.27321555019690275,0.01173130262411745
637,,5.261708528971717,0.010643404856385862,0.27322010861393486,0.011690928915554299
638,,5.261679663011596,0.010624540301576188,0.2732437927552861,0.011662673726321087
639,,5.261136635276366,0.010403943507100992,0.2733840975351616,0.01109749952016194
640,,5.261559181920402,0.010559309345857661,0.27325794246413176,0.011582336314903413
641,,5.261559181920402,0.010559309345857661,0.27325794246413176,0.011582336314903413
642,,5.261092506989837,0.01038196388412368,0.2733886559521937,0.011054741816605138
643,,5.261530315960282,0.010539885267513158,0.27328162660548294,0.011553738006597479
644,,5.261031151149875,0.010354067580878574,0.27338843790091555,0.010977417849047235
645,,5.261471190709052,0.010497777927215195,0.27329599436560664,0.011546601306152727
646,,5.261470494043557,0.010496320882653508,0.27327949410431734,0.011571693490952233
647,,5.261470494043557,0.010496320882653508,0.27327949410431734,0.011571693490952233
648,,5.261440931417943,0.01047507369964521,0.2732866779843792,0.011568134784615046
649,,5.261425669091534,0.010474478464396784,0.2732675522600601,0.01155584524691591
650,,5.261381540805006,0.010453867314416998,0.2732721106770921,0.011514835775051541
651,,5.261336715852982,0.010431553777248097,0.27326016883283494,0.011498901499928313
652,,5.261419638302136,0.01053843046734764,0.2731769826893608,0.011482442666146123
653,,5.260783816896093,0.010233184313251285,0.27327082838106304,0.010840867463366207
654,,5.2612637216063325,0.010390037671384598,0.27328841139121823,0.011428766889047487
655,,5.261219593319804,0.01036856945817772,0.2732929698082503,0.011387291424684297
656,,5.261205989686092,0.010348789133254144,0.27333577967392064,0.011370549636350511
657,,5.261190727359683,0.010347840117525748,0.27331665394960153,0.011358128992889393
658,,5.260684513156796,0.010157879709949351,0.2732270470709958,0.010814891608380147
659,,5.260650629945964,0.01014656286643447,0.2731701443557878,0.010819924089974044
660,,5.2605480730737,0.010074213241106954,0.27320557079423297,0.010741817198694072
661,,5.26109389517982,0.010306522406874607,0.2732043855990319,0.011359148938812428
662,,5.261078632853411,0.010305403488017237,0.27318525987471276,0.011346494339082028
663,,5.26044621286693,0.010001889246481103,0.2732574974939675,0.010635844488051726
664,,5.2610416966455045,0.010264176594571697,0.2731712799763314,0.01137113895463992
665,,5.2610416966455045,0.010264176594571697,0.2731712799763314,0.01137113895463992
666,,5.260399422687882,0.009969562712771019,0.2732599049057191,0.010596298165976145
667,,5.261026699680803,0.010240911609250274,0.27318108931942303,0.011405544264420623
668,,5.260369860062267,0.009944006750915616,0.273267088785781,0.01059242504914008
669,,5.2609634441774435,0.010184237305108843,0.27320200853005977,0.01137682615396506
670,,5.260297396539033,0.009847521260800046,0.27335320147898573,0.010616839484020002
671,,5.260282134212624,0.009845115492713077,0.2733340757546666,0.010603567429178342
672,,5.260904053564507,0.0101596331519126,0.27318744122277283,0.011322517699567172
673,,5.260266871886216,0.009842685470469653,0.2733149500303475,0.010590244200874498
674,,5.260854401694857,0.010122488851403561,0.27316555056773917,0.01130995013384792
675,,5.260854401694857,0.010122488851403561,0.27316555056773917,0.01130995013384792
676,,5.260222743599687,0.009815540154607281,0.2733195084473796,0.010545459860636094
677,,5.26019221894687,0.009810456325028045,0.2732812569987414,0.010518561577633173
678,,5.26075084162277,0.010026395479553665,0.27326076159089324,0.011236080890009156
679,,5.260720316969953,0.010023027043194339,0.273222510142255,0.011210639297215646
680,,5.260082828757336,0.00966454408937396,0.27342630379582805,0.010442197213587223
681,,5.260082828757336,0.00966454408937396,0.27342630379582805,0.010442197213587223
682,,5.2607043579780495,0.010019727934043807,0.2731868841566466,0.01122358357493881
683,,5.260082828757336,0.00966454408937396,0.27342630379582805,0.010442197213587223
684,,5.260082828757336,0.00966454408937396,0.27342630379582805,0.010442197213587223
685,,5.260021082786206,0.009651544241657758,0.2733333006372623,0.010416409590511422
686,,5.260021082786206,0.009651544241657758,0.2733333006372623,0.010416409590511422
687,,5.259946123312533,0.009591574310667069,0.27337589245165445,0.010315692376872038
688,,5.259946123312533,0.009591574310667069,0.27337589245165445,0.010315692376872038
689,,5.259931823013326,0.009566667173994339,0.27340220205603544,0.010325189605700105
690,,5.260540751800151,0.009939208776269292,0.2731458076978153,0.011096510776682446
691,,5.259842869774774,0.009505680987250536,0.2733948186288103,0.010261515730240875
692,,5.259842869774774,0.009505680987250536,0.2733948186288103,0.010261515730240875
693,,5.25983951121676,0.009497069282892795,0.2733761673622405,0.010295092357371144
694,,5.25983951121676,0.009497069282892795,0.2733761673622405,0.010295092357371144
695,,5.260450836534397,0.009907226285742882,0.2730929889418902,0.01101440686942661
696,,5.259779117403999,0.009436277041880934,0.2734213846396624,0.01023525112971997
697,,5.260421970574276,0.009883284543122012,0.2731166730832414,0.010984685687989033
698,,5.25973498911747,0.009405671062085284,0.2734259430566945,0.010188858953773637
699,,5.259719726791062,0.009402239356654008,0.27340681733237543,0.010175165396508423
700,,5.259646732544413,0.009343533150160871,0.2734350598907587,0.010095428880826053
701,,5.260241515693427,0.009523870352401943,0.27390950647414986,0.010706756993072001
702,,5.259569417712546,0.009297493826507908,0.27339921585387217,0.010025947056952539
703,,5.259569417712546,0.009297493826507908,0.27339921585387217,0.010025947056952539
704,,5.260115652115851,0.009602908358179653,0.27336117283456457,0.01072147830899584
705,,5.26010677547565,0.009457233455046989,0.2738447458739674,0.010608825686666908
706,,5.260115652115851,0.009602908358179653,0.27336117283456457,0.01072147830899584
707,,5.260101351816645,0.009578283803571085,0.27338748243894556,0.010730652489213992
708,,5.259524592760523,0.00926363358368491,0.27338727400961493,0.010007794107989675
709,,5.259524592760523,0.00926363358368491,0.27338727400961493,0.010007794107989675
710,,5.259524592760523,0.00926363358368491,0.27338727400961493,0.010007794107989675
711,,5.259994474359163,0.009509179395569228,0.27335882228212083,0.010661239974970434
712,,5.259524592760523,0.00926363358368491,0.27338727400961493,0.010007794107989675
713,,5.259463543454888,0.009248148461889389,0.27331077111233854,0.00995139251890447
714,,5.259986294384456,0.009363675317504998,0.273858895582813,0.010519635539869019
715,,5.259418718502865,0.009213591811825027,0.2732988292680813,0.009932996989718052
716,,5.259418718502865,0.009213591811825027,0.2732988292680813,0.009932996989718052
717,,5.259327103371793,0.009137960592138089,0.2732892948355756,0.009872110486406818
718,,5.259296578718976,0.009129505482118527,0.27325104338693745,0.009843254950328026
719,,5.259862089499577,0.009420180470388338,0.27337249753321713,0.010527158567970159
720,,5.259252450432448,0.009095526749690941,0.27325560180396957,0.009795085608689278
721,,5.259238150133241,0.009068163565783462,0.27328191140835056,0.009805409877188002
722,,5.259222887806833,0.00906376750639424,0.27326278568403145,0.00979089870782383
723,,5.259207625480424,0.009059343601327784,0.27324365995971234,0.00977632858323692
724,,5.259207625480424,0.009059343601327784,0.27324365995971234,0.00977632858323692
725,,5.259163497193895,0.009024665771386373,0.27324821837674446,0.00972783130740304
726,,5.259163497193895,0.009024665771386373,0.27324821837674446,0.00972783130740304
727,,5.259709731597199,0.009362718903794398,0.27321017535743686,0.010442686239031995
728,,5.259029719003319,0.008914701492074625,0.2732288931052621,0.00964106522008568
729,,5.259029719003319,0.008914701492074625,0.2732288931052621,0.00964106522008568
730,,5.25901445667691,0.008909872690397195,0.273209767380943,0.009626200974333468
731,,5.25901445667691,0.008909872690397195,0.273209767380943,0.009626200974333468
732,,5.258999194350502,0.008905015112180281,0.2731906416566239,0.009611275681818202
733,,5.258999194350502,0.008905015112180281,0.2731906416566239,0.009611275681818202
734,,5.258999194350502,0.008905015112180281,0.2731906416566239,0.009611275681818202
735,,5.259328245753142,0.00895954696604123,0.2736470034135076,0.00995871541738186
736,,5.258999194350502,0.008905015112180281,0.2731906416566239,0.009611275681818202
737,,5.25895221117605,0.008860405902737666,0.2731953093775959,0.009567413927544665
738,,5.259207805834571,0.008902854870774003,0.2735559332089442,0.009842153860668133
739,,5.258878520263907,0.008789769638989536,0.2732070516746898,0.009513608549928712
740,,5.258863257937498,0.008784609478159146,0.2731879259503707,0.009498500870939047
741,,5.25914269864311,0.008845646241932657,0.27351717713881185,0.009814358609775819
742,,5.258834391977378,0.008752364846498977,0.27321161009172185,0.009463782688270696
743,,5.258834391977378,0.008752364846498977,0.27321161009172185,0.009463782688270696
744,,5.258834391977378,0.008752364846498977,0.27321161009172185,0.009463782688270696
745,,5.258834391977378,0.008752364846498977,0.27321161009172185,0.009463782688270696
746,,5.258803170659067,0.008739854202471512,0.2731568583817943,0.00946384613709116
747,,5.259267055400921,0.009032714401159585,0.27322275900517917,0.010037373624027669
748,,5.258743780046128,0.00869643075280837,0.2731422910745073,0.009398420186065109
749,,5.2589621714461074,0.008742019305569823,0.27339503936567205,0.00966165785373109
750,,5.25872851771972,0.008690978559246604,0.27312316535018827,0.009382995042150327
751,,5.2589333054859875,0.008709944817747865,0.2734187235070233,0.009627018533862833
752,,5.2589333054859875,0.008709944817747865,0.2734187235070233,0.009627018533862833
753,,5.258712558727817,0.008683513739536679,0.2730875393645798,0.009398080243332323
754,,5.258918043159579,0.008704833393314184,0.2733995977827042,0.009612510273571327
755,,5.2589027808331705,0.008699692190260972,0.27338047205838506,0.009597941971122173
756,,5.258605943969727,0.008535135212586671,0.27316071263016906,0.00933949257717706
757,,5.258605943969727,0.008535135212586671,0.27316071263016906,0.00933949257717706
758,,5.258800920626401,0.008596364386252654,0.2734323987581196,0.009478231756716832
759,,5.258517687396669,0.008454833255955328,0.27316982946423324,0.00923773756017369
760,,5.258459955476428,0.008385206702391687,0.27321719774693565,0.009166226906620185
761,,5.258699060419631,0.008490557467783363,0.27348432545785406,0.009356701962911483
762,,5.258683798093222,0.008484892547437005,0.27346519973353495,0.009341908204461236
763,,5.258651308213381,0.008467412576853036,0.2734412975409056,0.009286442057313896
764,,5.258597200212861,0.008382177554954585,0.2735362521575886,0.009233280741273771
765,,5.258322743699217,0.008243284144502804,0.27322092418725563,0.00901487743309662
766,,5.258293877739096,0.008207012567590315,0.27324460832860675,0.008978202272143547
767,,5.258278615412687,0.008200397713023107,0.27322548260428764,0.008962272244799029
768,,5.258278615412687,0.008200397713023107,0.27322548260428764,0.008962272244799029
769,,5.2584125015911045,0.008189766556787246,0.27352588574837083,0.00906899118605513
770,,5.2584125015911045,0.008189766556787246,0.27352588574837083,0.00906899118605513
771,,5.2583836356309845,0.008153574672970164,0.273549569889722,0.009031736075255646
772,,5.2583395073444565,0.00811054518671025,0.27355412830675413,0.008979062811946424
773,,5.258324245018048,0.008103937525715501,0.273535002582435,0.0089637947499258
774,,5.258130536922905,0.008031711056370572,0.2732324669371862,0.008879518240290651
775,,5.258324245018048,0.008103937525715501,0.273535002582435,0.0089637947499258
776,,5.258100012270088,0.008017535750262593,0.273194215488548,0.00884718029894922
777,,5.25828011673152,0.008060317927147696,0.27353956099946714,0.008910727331386904
778,,5.25805588398356,0.007972202403278207,0.2731987739055801,0.008793585809954305
779,,5.25805588398356,0.007972202403278207,0.2731987739055801,0.008793585809954305
780,,5.25805588398356,0.007972202403278207,0.2731987739055801,0.008793585809954305
781,,5.258131772880029,0.007917189365600902,0.273517610264955,0.008767502933528504
782,,5.258101248227212,0.007902813417943117,0.27347935881631685,0.008735998914984196
783,,5.258101248227212,0.007902813417943117,0.27347935881631685,0.008735998914984196
784,,5.258070723574395,0.007888293153655,0.2734411073676786,0.008704212775957015
785,,5.2580255920880425,0.007808792648346886,0.27350545036941964,0.00864897109105955
786,,5.257995067435226,0.007793800923124205,0.2734671989207815,0.008616979750464713
787,,5.2579814638015145,0.007761817197456985,0.27351000878645176,0.00859397554174635
788,,5.2579814638015145,0.007761817197456985,0.27351000878645176,0.00859397554174635
789,,5.2579081956249425,0.00776545586017354,0.2732985433457663,0.008643437351611835
790,,5.257935676822288,0.0077388759969172945,0.2734526316134945,0.008545601205252315
791,,5.257935676822288,0.0077388759969172945,0.2734526316134945,0.008545601205252315
792,,5.257921376523082,0.007704253681174909,0.27347894121787547,0.008556827284959908
793,,5.257906114196673,0.007696468130303253,0.27345981549355636,0.00854063607159817
794,,5.257848805012005,0.007709659839613866,0.2732839760384793,0.008571992503225592
795,,5.257848805012005,0.007709659839613866,0.2732839760384793,0.008571992503225592
796,,5.257877248236553,0.007656036223604027,0.2734834996349075,0.008501249881183396
797,,5.257863644602842,0.007623264293997579,0.27352630950057777,0.008477849342361073
798,,5.257802014832957,0.007651808980258534,0.27328638345023093,0.008522867758805508
799,,5.257773729337086,0.007549701614274845,0.2734734907446526,0.00837249855202812
800,,5.257990315546223,0.007777943113308306,0.2734155471316328,0.008724388962146378
801,,5.257990315546223,0.007777943113308306,0.2734155471316328,0.008724388962146378
802,,5.257624688820102,0.007384102524931684,0.27343503974885114,0.00825524676496264
803,,5.2576641063902505,0.0074815623642517015,0.27327360962926145,0.00839445965896264
804,,5.2576641063902505,0.0074815623642517015,0.27327360962926145,0.00839445965896264
805,,5.2576488440638425,0.007473019418252504,0.27325448390494234,0.00837748590318629
806,,5.257563639514468,0.007348900412062011,0.27335853685157474,0.008187226498803213
807,,5.257534773554348,0.007305192298751005,0.273382220992926,0.008146426220919663
808,,5.257534773554348,0.007305192298751005,0.273382220992926,0.008146426220919663
809,,5.257505210928732,0.007258619083572718,0.27338940487298785,0.00814127977433941
810,,5.257476344968612,0.0072141302359522465,0.273413089014339,0.008100157815072813
811,,5.2574467823429964,0.007166724282065334,0.27342027289440085,0.008094954559226293
812,,5.25743248204379,0.007128343240102215,0.27344658249878184,0.008106909721438758
813,,5.257385691864743,0.007062976959050029,0.27344898991053346,0.008054900475417563
814,,5.257385691864743,0.007062976959050029,0.27344898991053346,0.008054900475417563
815,,5.257410584946598,0.007224293894328034,0.273179714414505,0.008113665608178541
816,,5.257385691864743,0.007062976959050029,0.27344898991053346,0.008054900475417563
817,,5.257355167211926,0.007043626073563183,0.27341073846189523,0.008020270654169402
818,,5.257355167211926,0.007043626073563183,0.27341073846189523,0.008020270654169402
819,,5.257349535640964,0.007186490635470525,0.2731032115172286,0.008042019767320123
820,,5.257311038925397,0.006987278615024789,0.27341529687892735,0.007960987345614004
821,,5.257280514272579,0.006967390449370525,0.2733770454302892,0.007925784604677267
822,,5.257221123659642,0.006899748041757638,0.27336247812300224,0.007847954826057046
823,,5.257221123659642,0.006899748041757638,0.27336247812300224,0.007847954826057046
824,,5.257221123659642,0.006899748041757638,0.27336247812300224,0.007847954826057046
825,,5.257176995373113,0.006841351255050198,0.27336703654003436,0.007787388078439976
826,,5.257171629163859,0.006955911976485706,0.2730884446627784,0.007876767864110403
827,,5.25711690809468,0.006768835123951574,0.27333596897145807,0.007745799316829013
828,,5.257217109608755,0.006951597151927714,0.2732221066817339,0.007896939988018903
829,,5.257086383441863,0.006747425035731775,0.27329771752281984,0.007709220474506189
830,,5.257057517481743,0.006697737600012986,0.273321401664171,0.007666064418062608
831,,5.257042255155334,0.006686809168668141,0.27330227593985196,0.007647593665237985
832,,5.257156060303121,0.006910593699148032,0.27314560378445746,0.00782372416266899
833,,5.256967602215989,0.006602920464341676,0.2732685829082459,0.007547960005182189
834,,5.256938736255869,0.006551613964205428,0.2732922670495971,0.007503968525642258
835,,5.257111932016593,0.0068518703257625,0.2731501622014896,0.007763095717127599
836,,5.256909870295748,0.00649977429809787,0.2733159511909482,0.0074596424278061966
837,,5.256909870295748,0.00649977429809787,0.2733159511909482,0.0074596424278061966
838,,5.256864083316523,0.006464776203084158,0.2732585740179909,0.0074023564184224466
839,,5.256848820990114,0.006452995796123184,0.2732394482936718,0.007383063219530335
840,,5.256819955029993,0.006399951886856229,0.27326313243502304,0.007338177291006325
841,,5.256804692703585,0.006387946504336831,0.2732440067107039,0.007318726820869705
842,,5.256804692703585,0.006387946504336831,0.2732440067107039,0.007318726820869705
843,,5.256947363811491,0.00667674337855314,0.2730636504139583,0.007544728236171826
844,,5.256775826743465,0.006334156797936252,0.27326769085205505,0.007273429026586443
845,,5.256745302090648,0.006309622432346081,0.2732294394034169,0.007234101160392488
846,,5.2568863145058575,0.006631558554957247,0.27298714751668196,0.007466436769282533
847,,5.256685214812216,0.006226756670218197,0.2731983718348405,0.007188717824076571
848,,5.256722011662466,0.006409678271926848,0.2729295707965614,0.007311876168852337
849,,5.256855789853041,0.006608638813471694,0.2729488960680438,0.007426686033873275
850,,5.256855789853041,0.006608638813471694,0.2729488960680438,0.007426686033873275
851,,5.256855789853041,0.006608638813471694,0.2729488960680438,0.007426686033873275
852,,5.256855789853041,0.006608638813471694,0.2729488960680438,0.007426686033873275
853,,5.256608903180174,0.006162763771806483,0.273102743213245,0.0070874920652587966
854,,5.256796399240103,0.006533425674596067,0.2729343287607568,0.007342719171476747
855,,5.256578378527356,0.006136714074924812,0.27306449176460684,0.007046231233563109
856,,5.256578378527356,0.006136714074924812,0.27306449176460684,0.007046231233563109
857,,5.256750612260878,0.006497809283249651,0.2728769515877995,0.007281507219899116
858,,5.256705787308853,0.006429645057235861,0.2728650097435423,0.007255632454547805
859,,5.256459597301481,0.005967360454169881,0.2730353571500329,0.006868435384203325
860,,5.256645700030422,0.0063479721393518715,0.272833942174966,0.007208814242577823
861,,5.256337498690213,0.005854926043692559,0.2728823513554801,0.006693620015936793
862,,5.256337498690213,0.005854926043692559,0.2728823513554801,0.006693620015936793
863,,5.256337498690213,0.005854926043692559,0.2728823513554801,0.006693620015936793
864,,5.256526918804548,0.00618569919216262,0.27280480756039194,0.007034173644946514
865,,5.256496394151731,0.006159340203057969,0.27276655611175377,0.006990968226815856
866,,5.256641517829473,0.006197592305981935,0.2731904954457514,0.007006040189795299
867,,5.256452265865201,0.0060886019371841175,0.2727711145287859,0.006923300354804606
868,,5.256247583424458,0.005734940916428498,0.27282953259955495,0.006554488943732136
869,,5.256406478885976,0.006047762754120016,0.2727137373558286,0.00685698044496808
870,,5.256406478885976,0.006047762754120016,0.2727137373558286,0.00685698044496808
871,,5.256232321098049,0.005720013309300848,0.27281040687523583,0.006531435968908178
872,,5.256391216559567,0.006034011062516495,0.2726946116315095,0.006834623763551099
873,,5.256217058771641,0.005705005812881976,0.2727912811509168,0.006508245134575584
874,,5.256157668158704,0.005610950556074307,0.2727767138436298,0.00641190471445958
875,,5.256142405832295,0.005595446939619172,0.2727575881193107,0.006388179097036986
876,,5.25630295998651,0.005886767643493829,0.2727037284655737,0.006695539885007008
877,,5.256113539872175,0.0055305038793799395,0.2727812722606619,0.0063380502140202195
878,,5.256241910680876,0.005828723633964175,0.27262722556829727,0.006603024918931923
879,,5.256226648354466,0.0058140219286013355,0.27260809984397816,0.006579553939703006
880,,5.256197782394346,0.0057519701993813364,0.2726317839853294,0.006531436242356611
881,,5.256182520067938,0.005736954414937416,0.2726126582610103,0.006507720470291409
882,,5.256138391781408,0.005658493290668343,0.2726172166780424,0.006435081960247798
883,,5.256123129455,0.005643068157234774,0.2725980909537233,0.006410966303606699
884,,5.256107867128591,0.005627559351676416,0.27257896522940417,0.006386702315764608
885,,5.256006703587315,0.005417663972011048,0.2726473921904282,0.006166920505204769
886,,5.255976178934498,0.005384600391572153,0.27260914074179,0.006116608837151979
887,,5.256077342475774,0.005596287937899864,0.272540713780766,0.006337722521429406
888,,5.256062080149366,0.005580523907455529,0.2725215880564469,0.006313003209476579
889,,5.256048476515654,0.005531015201309535,0.2725643979221172,0.0062880082747428095
890,,5.255869342649637,0.005265850440923695,0.27247526067155636,0.005935220443178756
891,,5.2559602199425965,0.005364361548178921,0.2725735147561814,0.006136741374640058
892,,5.2559602199425965,0.005364361548178921,0.2725735147561814,0.006136741374640058
893,,5.255900829329659,0.005261325118856225,0.2725589474488944,0.0060339470908207
894,,5.255870304676842,0.005226654467217568,0.27252069600025625,0.005981951718716734
895,,5.25578108607658,0.005087416539499543,0.27248437750562055,0.005774860486986394
896,,5.255839780024024,0.005191572817962206,0.272482444551618,0.005929253653593067
897,,5.25578108607658,0.005087416539499543,0.27248437750562055,0.005774860486986394
898,,5.25592176439965,0.005175121295501705,0.2727803802044713,0.006008417484116945
899,,5.25592176439965,0.005175121295501705,0.2727803802044713,0.006008417484116945
900,,5.2557505614237625,0.005050828814887378,0.2724461260569823,0.005720012036497915
901,,5.2556599494925145,0.004896531983479603,0.2723768070397677,0.005601743632007996
902,,5.2556141625132895,0.004838163980197954,0.27231942986681035,0.005515467001133063
903,,5.2556141625132895,0.004838163980197954,0.27231942986681035,0.005515467001133063
904,,5.255720036770946,0.005013788276279778,0.27240787460834415,0.005664374228858777
905,,5.2555989001868815,0.004818454180495793,0.27230030414249123,0.005486273286534922
906,,5.255537850881248,0.004738303692082135,0.2722238012452149,0.005367229456970132
907,,5.2555371542157525,0.004734201668143113,0.27220730098392554,0.005417735471189809
908,,5.255508288255632,0.004653511556055283,0.2722309851252767,0.005360967462315559
909,,5.255477763602815,0.004611678691725564,0.27219273367663854,0.005300010465488383
910,,5.255448897642695,0.004528427540468929,0.2722164178179898,0.00524203352324592
911,,5.255403110663468,0.004463085745310865,0.27215904064503244,0.005147946641180616
912,,5.255372586010652,0.004418724239461287,0.2721207891963943,0.00508389510725205
913,,5.255313195397714,0.004284914376312246,0.2721062218891073,0.004957995791895513
914,,5.255313195397714,0.004284914376312246,0.2721062218891073,0.004957995791895513
915,,5.255297933071306,0.004261569462752834,0.2720870961647882,0.004924671064386354
916,,5.255282670744897,0.004238040995813136,0.2720679704404691,0.004891044502526363
917,,5.255539509573942,0.004698909434405763,0.27228573683520446,0.0053703032953664525
918,,5.255267408418488,0.004214325901173674,0.27204884471615,0.0048571098373745925
919,,5.255480118961004,0.004575472059377854,0.27227116952791747,0.005251732664656275
920,,5.255238542458368,0.004121586372519858,0.2720725288575012,0.004794490199158494
921,,5.255238542458368,0.004121586372519858,0.2720725288575012,0.004794490199158494
922,,5.255434331981779,0.0045111286843286654,0.2722137923549602,0.005158431751926827
923,,5.255209676498248,0.004026504583838461,0.27209621299885245,0.0047309232386744116
924,,5.2551655482117186,0.003902919379843572,0.2721007714158845,0.0046310039032206336
925,,5.255407124714355,0.004383550777075714,0.2722994120863008,0.005101816992148242
926,,5.255135023558902,0.003850229369432434,0.2720625199672464,0.004559207631583739
927,,5.255376600061537,0.004338404315485854,0.27226116063766265,0.0050382447622582755
928,,5.255119761232494,0.0038235207122832016,0.2720433942429273,0.0045227608145935105
929,,5.255089236579677,0.0037693503267342194,0.2720051427942891,0.00444872486700408
930,,5.255073974253267,0.0037418776962944034,0.27198601706997,0.004411116563915222
931,,5.25504344960045,0.003686128684559101,0.2719477656213318,0.0043346680814978665
932,,5.2553019471221925,0.004178301294483922,0.27222746760605654,0.004878500281244259
933,,5.25504344960045,0.003686128684559101,0.2719477656213318,0.0043346680814978665
934,,5.25504344960045,0.003686128684559101,0.2719477656213318,0.0043346680814978665
935,,5.255028187274042,0.0036578400533455726,0.27192863989701277,0.004295805979664209
936,,5.255028187274042,0.0036578400533455726,0.27192863989701277,0.004295805979664209
937,,5.255196769530029,0.003959641568120074,0.2721555231258123,0.004643343768272262
938,,5.255028187274042,0.0036578400533455726,0.27192863989701277,0.004295805979664209
939,,5.255166244877212,0.003907960324705188,0.2721172716771741,0.004572199371313527
940,,5.254997662621225,0.0036004020022317243,0.27189038844837454,0.004216747269075913
941,,5.255120457897987,0.003828674528813731,0.27205989450421675,0.004462742296179481
942,,5.254924668374576,0.003342608914096997,0.2719186310067578,0.004031166907404667
943,,5.254924668374576,0.003342608914096997,0.2719186310067578,0.004031166907404667
944,,5.254924668374576,0.003342608914096997,0.2719186310067578,0.004031166907404667
945,,5.254924668374576,0.003342608914096997,0.2719186310067578,0.004031166907404667
946,,5.254909406048167,0.0033108394364042186,0.2718995052824387,0.003989209675149192
947,,5.254955193027392,0.0034050535794402535,0.2719568824553961,0.00411353102352119
948,,5.254878881395349,0.0032461526433768327,0.2718612538338005,0.0039036615460639494
949,,5.254923706347372,0.003403304106805511,0.27187319567805784,0.003954578604310034
950,,5.254880540088045,0.003188717772741587,0.27192318942379,0.003913628505916779
951,,5.254880540088045,0.003188717772741587,0.27192318942379,0.003913628505916779
952,,5.254880540088045,0.003188717772741587,0.27192318942379,0.003913628505916779
953,,5.2547720451104905,0.0030063772365459263,0.2717273737635669,0.003585004491640564
954,,5.254756782784082,0.0029702304182204747,0.2717082480392478,0.0035367256799782826
955,,5.254788966129595,0.0029807031718227053,0.2718084350778754,0.003645200085102171
956,,5.254775362495883,0.0028809435121764796,0.27185124494354573,0.0036102052804835526
957,,5.2547415204576735,0.002933558847033417,0.2716891223149287,0.0034876737632827995
958,,5.2547262581312655,0.0028963425908340116,0.2716699965906096,0.003437815648940925
959,,5.254729575516657,0.0027659782395242213,0.2717938677705884,0.0034661385076894353
960,,5.254710995804856,0.0028585603755623768,0.2716508708662905,0.0033871157356154154
961,,5.25469905086384,0.002686169447911652,0.27175561632195017,0.0033661274801594174
962,,5.254683788537432,0.002645230203169097,0.27173649059763105,0.0033148251630803435
963,,5.254668526211023,0.0026035578494451113,0.271717364873312,0.0032626041629709537
964,,5.254607476905389,0.002428772795848992,0.2716408619760356,0.0030435752508193234
965,,5.254605818212693,0.0025035209981038244,0.2715789263860461,0.003024973298592931
966,,5.254592214578981,0.0023828299468135225,0.2716217362517165,0.0029860027522655404
967,,5.254592214578981,0.0023828299468135225,0.2716217362517165,0.0029860027522655404
968,,5.254592214578981,0.0023828299468135225,0.2716217362517165,0.00298600275226554
969,,5.254576952252572,0.002335883973957554,0.27160261052739737,0.002927173206186031
970,,5.254531165273347,0.0021883749289333663,0.2715452333544401,0.0027423247594828555
971,,5.254546427599756,0.002238728897581868,0.2715643590787592,0.0028054249774287425
972,,5.254531165273347,0.0021883749289333663,0.2715452333544401,0.002742324759482856
973,,5.254485378294121,0.0020291433720768114,0.2714878561814828,0.0025427864467899904
974,,5.254454853641305,0.0019150418885606618,0.2714496047328445,0.0023998021166356633
975,,5.254454853641304,0.0019150418885606618,0.27144960473284463,0.0023998021166356633
976,,5.254439591314895,0.0018551732868843133,0.2714304790085255,0.002324778798408978
977,,5.254424328988487,0.0017931772183979763,0.2714113532842064,0.0022470894813943912
978,,5.254424328988487,0.0017931772183979763,0.2714113532842064,0.0022470894813943912
979,,5.254409066662078,0.0017288248238555154,0.27139222755988734,0.002166447374526618
980,,5.254409066662078,0.0017288248238555154,0.27139222755988734,0.002166447374526618
981,,5.254363279682853,0.0015185823037566584,0.27133485038692995,0.0019029855423056726
982,,5.2543480173564445,0.0014413810875064281,0.27131572466261084,0.001806242153416463
983,,5.254348017356444,0.0014413810875064281,0.2713157246626109,0.0018062421534164625
984,,5.254332755030036,0.0013596325931459357,0.27129659893829183,0.0017038004204340386
985,,5.254332755030036,0.0013596325931459357,0.27129659893829183,0.0017038004204340386
986,,5.254302230377219,0.0011786627399503998,0.2712583474896536,0.0014770211320330397
987,,5.254256443397994,0.0008346971754716274,0.2712009703166963,0.0010459865449481886
988,,5.2543327550300365,0.0013596325931459355,0.2712965989382918,0.0017038004204340386
989,,5.254241181071585,0.0006818690932833171,0.2711818445923772,0.0008544726374416906
990,,5.254271705724402,0.0009633417939084796,0.2712200960410154,0.0012071953568612167
991,,5.2542869680508115,0.0010765080454072315,0.27123922176533444,0.0013490077169462191
992,,5.254225918745177,0.0004823957595117404,0.2711627188680581,0.0006045060275952666
993,,5.254210656418768,0.0,0.271143593143739,0.0
