,n,xray_0+xray_1_mean,xray_0+xray_1_std,rmsd_0+rmsd_1_mean,rmsd_0+rmsd_1_std
1,,10.555300459059376,0.09540865400069308,0.5203879058393673,0.036170341694651234
2,,10.505310774712049,0.0962015712923156,0.5050420648086615,0.036180968875179034
3,,10.477494676007453,0.09303911077754036,0.49693763275713926,0.03518230833645819
4,,10.455586091096011,0.0914437115577132,0.49044871296216785,0.035077200697321315
5,,10.437096645502956,0.08901121114723941,0.48495005549678105,0.03500560106062248
6,,10.423626952893018,0.0864196679830616,0.4809031731553175,0.03446053492724676
7,,10.411814176346569,0.08410898506255583,0.4773094809487135,0.033710463508861165
8,,10.400982414653685,0.07931409819143674,0.4739464376865908,0.03244138649472598
9,,10.39163475713729,0.07811477038153619,0.471295016223298,0.0321997970077085
10,,10.383562173688608,0.07565450755477923,0.46899530302401776,0.03144338226904015
11,,10.378162516170056,0.0742756686299983,0.46780891897630206,0.03057425081225422
12,,10.373482426037375,0.07287494233176221,0.46592392825617446,0.030506078137002984
13,,10.369730662108926,0.0719723959672317,0.46467695648231067,0.0301114511012862
14,,10.364368958388708,0.07041240055796363,0.4639091372832586,0.03019374888129512
15,,10.360086206233204,0.06913098774810948,0.46272369458114515,0.03008538902686036
16,,10.354399282811016,0.06727552399077198,0.4613901854443308,0.029711460383594023
17,,10.350442756886917,0.06612545282588411,0.460251949421728,0.029076551199677173
18,,10.347332055570762,0.06552117548380129,0.459820585370943,0.02902601739887729
19,,10.34444768532419,0.06482647777645985,0.45883519009216156,0.028881889431120675
20,,10.342589127273442,0.06467428786895241,0.45838824313935045,0.028984118348391527
21,,10.340243017768632,0.06457525014844481,0.4577841385186782,0.02896133929028073
22,,10.337683265296862,0.06384831704958484,0.4570786713590031,0.028437768585252255
23,,10.336197969029245,0.06332245328010502,0.4567917608770572,0.028458195364216055
24,,10.33420821847994,0.06293419128476663,0.4557736414562818,0.02789478225773596
25,,10.331434023635989,0.062720097277036,0.45510856034451636,0.028146369638579506
26,,10.328748420037615,0.06226984583680298,0.45442463868270855,0.02780859079425444
27,,10.325876428182,0.06234170399707952,0.45383275532396244,0.027939504120264264
28,,10.323060553135056,0.062193731468954835,0.4533252028442755,0.028066491223107136
29,,10.321551225980809,0.061874008192665475,0.4532638109492722,0.02846992595724145
30,,10.319710993314645,0.06139627300806392,0.4527979454234527,0.02820271720630788
31,,10.317799098018881,0.06067479043941343,0.45226074688088674,0.02810097263773753
32,,10.316437304078578,0.060625534101522584,0.4520878879533567,0.028045151947418013
33,,10.315132309152824,0.06023759650923591,0.45168272705283596,0.027943118165730654
34,,10.31316438424319,0.06026242522678962,0.4508895179666791,0.027825702816949013
35,,10.311637204997982,0.05957916652293301,0.4504981341793583,0.027557992695269398
36,,10.310301176192837,0.05927068241089749,0.4502218280583817,0.02756526906791837
37,,10.308779795426174,0.05940422020041183,0.44987527757737966,0.027595786429118894
38,,10.307433411478991,0.0591038416037238,0.44971717180185256,0.02754728708852387
39,,10.306408429247954,0.058422226003048174,0.44927798632793176,0.027248722182873383
40,,10.305416952570804,0.05844926982853526,0.4488035421194039,0.027213082507514447
41,,10.303878076725452,0.05786431527219514,0.448361750581267,0.027067567098076385
42,,10.302681794947818,0.057870704015547045,0.4480577178604022,0.027134266333756412
43,,10.300909311267361,0.05803919349661446,0.44740830808018955,0.026748042915035353
44,,10.299847523335519,0.05798502977956545,0.4470984510959056,0.026632649169988774
45,,10.298968339008795,0.05778570256385623,0.4472753674434951,0.02694003697662697
46,,10.297647825739295,0.05733734458403498,0.4470633600287538,0.026889846247806822
47,,10.296515889495478,0.05742480169845609,0.4469049690018892,0.026991117093880787
48,,10.295261109069742,0.05742450636363642,0.4466075998171229,0.02696479652446254
49,,10.294127938975656,0.05688691654419997,0.44631971365312856,0.026805971635379736
50,,10.293346225848643,0.0567151362717836,0.4460244488034419,0.026695742401320683
51,,10.29186407520704,0.056481445417925255,0.44561428016764587,0.026706378389870798
52,,10.291490629149001,0.05633759569047907,0.44554873951157714,0.026651487887850527
53,,10.29310651681081,0.0550911823314547,0.4465423595534931,0.025925504625515263
54,,10.29035469378969,0.055829223439867515,0.44497072650549224,0.026287010092905794
55,,10.289567933633235,0.05526957851104127,0.4446378968700456,0.02605864023993688
56,,10.288904316040522,0.05498003414498102,0.44427896470549294,0.025664083754268235
57,,10.288176834630182,0.05502567428314289,0.4441170947122155,0.02575937314669407
58,,10.287207754421622,0.05475553615215234,0.44368442592064145,0.025462691139649656
59,,10.28647348316164,0.05482986740620053,0.4435342189115453,0.025557252176001525
60,,10.285012412107836,0.0543437539913062,0.4431080445399177,0.02535493876816434
61,,10.285880120983572,0.054603506451781816,0.44417952092342644,0.025607863624538048
62,,10.283332320076267,0.05411687768642019,0.4427338797782783,0.02541216540878183
63,,10.282765689299888,0.054051749451270024,0.4423755549933027,0.02517023992675811
64,,10.282095724895033,0.05394974077110702,0.4423541499914816,0.02517518097016204
65,,10.281247867339502,0.054104042279191585,0.4419312145587902,0.025042916374522838
66,,10.280877543342047,0.05412073487109112,0.4417634935683988,0.024906861238273188
67,,10.280405086418243,0.05408209837946847,0.44167305151225433,0.025003357222019466
68,,10.279494916848456,0.053809657214479674,0.4415815181778654,0.02498667775841758
69,,10.278661404443074,0.053586809322059246,0.44136029848451996,0.024947158539138644
70,,10.278208983416269,0.05318759624553423,0.4412039667146859,0.024905955119280506
71,,10.277541797752459,0.05324621458420188,0.4409719481768026,0.024892161810440044
72,,10.276808639326559,0.05327912951792316,0.4406586175768698,0.02468190948565734
73,,10.27603776267324,0.05293990519519544,0.4405599592243746,0.024574303865605024
74,,10.275677920173843,0.05366909968855938,0.440825165320399,0.02458759384959509
75,,10.274966503081057,0.05335113617965465,0.440588643418632,0.024394963687632384
76,,10.274347454096176,0.053047402474635616,0.44040699199021044,0.024303592214975165
77,,10.273841914832488,0.05306898566950578,0.44025433157249116,0.024390703508802753
78,,10.273597759987481,0.05311277283031197,0.44014577158992824,0.0244594514952626
79,,10.272823014121293,0.05282093822614102,0.44000192303525826,0.02433478391840933
80,,10.272092745779986,0.05252293518505154,0.4396841505239412,0.02419254152937599
81,,10.271528248972523,0.05232623873288195,0.4395139938979506,0.024137514884149967
82,,10.271280072797625,0.05213632059409002,0.43947925583826175,0.024138557053245312
83,,10.270819031861265,0.05198620587848079,0.43946441382229484,0.024084361482251435
84,,10.2701804451956,0.051739642192631524,0.43918370166338533,0.024015729036938393
85,,10.269915576565966,0.05169148585882282,0.43904596851258415,0.024019454977169466
86,,10.269427868145035,0.05164361198715339,0.4387315523901166,0.023819537475394607
87,,10.268698707528321,0.051359335219839736,0.4383461174194441,0.023407254121686254
88,,10.268345071963225,0.05122754268577179,0.43817366390870566,0.02329142104157473
89,,10.267561068615333,0.051259586841605274,0.4376710373801621,0.022920603669739126
90,,10.267103673517994,0.05101510440839923,0.4376065325149232,0.022930662353537953
91,,10.26679466111982,0.05085058835948148,0.4375656357124032,0.022933726586276817
92,,10.266241701646992,0.050757603369005665,0.4372946783765814,0.022831355666278995
93,,10.265724069765048,0.050554279886497945,0.43705803620695555,0.022745910534948333
94,,10.265067162055946,0.050686616971914136,0.436764745401068,0.022678079550541304
95,,10.264707744081077,0.050648067088015176,0.4366327823786079,0.022739138654886984
96,,10.264355098138676,0.05057443858577132,0.4364910435314173,0.02273773898165629
97,,10.264014354025624,0.050497712235059694,0.43628181340483296,0.022645181457530295
98,,10.263788261767173,0.05039406879048986,0.43627417794683615,0.02263521771390609
99,,10.263474708689715,0.05026537268554867,0.43626148400866743,0.02263327091649952
100,,10.26237755542553,0.04988748218189221,0.43660321804087554,0.023207386394148384
101,,10.262295058820536,0.04994854963485534,0.4359559288704952,0.022640413938958152
102,,10.261933810648744,0.04992307244405468,0.435714300267465,0.022556090315257352
103,,10.261407701745199,0.04978072313422982,0.43560110116430845,0.022512280988230576
104,,10.260698617744282,0.04966736683760113,0.43548022182398394,0.022389795947593213
105,,10.260209431299524,0.04965695333858362,0.43538732016404147,0.022426741807890043
106,,10.25941133902966,0.049635971696814274,0.4351536765476868,0.02240546382275027
107,,10.258746071243696,0.04950026751976094,0.434836885681494,0.02222193616861107
108,,10.258191846634368,0.0492157424238593,0.4347277531129887,0.02223932856630463
109,,10.257056091964419,0.048783814046340926,0.43427876799091997,0.02220301001595554
110,,10.256735658218458,0.04879459773691448,0.43417448120465685,0.022109867460130075
111,,10.256482749173884,0.048745319957168645,0.4342207028376374,0.022170804526272146
112,,10.25643501623205,0.04871092037089927,0.4341207552267371,0.02207347104461103
113,,10.2561306449157,0.04871018846969672,0.4340023705747779,0.02202587821563809
114,,10.25578889495485,0.048730917920471024,0.43387655878547354,0.021986791291464903
115,,10.255527605470473,0.048782723445013706,0.43367877101212277,0.021957199718961908
116,,10.255188339644942,0.04870483632502068,0.43361520374549045,0.022035755121265394
117,,10.254787545934672,0.04858653629890054,0.4334002879865537,0.02192013739734094
118,,10.254258742617584,0.048664287250448454,0.4331800208814571,0.021950566909865004
119,,10.25406234329793,0.048580150743374885,0.4331673183260182,0.022041617903855178
120,,10.25381052583632,0.04857082439093869,0.4330412019203326,0.02197092533531646
121,,10.253473895012853,0.048414678268624924,0.43291941791424543,0.021935016136766208
122,,10.252957794994353,0.04823210020102719,0.4326533805162916,0.02173727832841317
123,,10.252573856126164,0.04803824510557909,0.4324907361820698,0.021591425729337498
124,,10.252424980280678,0.04804589553523514,0.4324794123925629,0.021615613978676222
125,,10.249900733950362,0.048423280787172916,0.4310525199717945,0.021168855624793332
126,,10.251661355789615,0.04785517060926886,0.43211012567353557,0.02146661933483162
127,,10.251026970679428,0.04762443807788762,0.43191416150959244,0.02120500370678002
128,,10.25074853939064,0.04731995325534516,0.43184762083117856,0.021186229083733
129,,10.250409816969329,0.04738837514177693,0.431807905922203,0.02122247692774516
130,,10.250257812309638,0.04736960551626261,0.4317980989679179,0.02126501587962184
131,,10.249863414031099,0.046986338868097055,0.43158479716880827,0.021039394285882477
132,,10.247722667857527,0.048007267306836396,0.430618015833243,0.021210907121985808
133,,10.249371630527735,0.046907556009431584,0.43137580235924256,0.020890473851730148
134,,10.247050469708539,0.0475744430108524,0.43039337056363847,0.021114960436768002
135,,10.246894801732857,0.04766149995942114,0.4303314865139839,0.02111143542106789
136,,10.248473061908646,0.04675524557264768,0.4309788320715932,0.020790443241544616
137,,10.248285385952475,0.0466526592918196,0.4308832364513291,0.020699126886513625
138,,10.248065917406938,0.04665270427887231,0.4308213374593605,0.020699835246677675
139,,10.24749599059605,0.04656248467205404,0.4305802295394281,0.02064872039839195
140,,10.247356054747708,0.046411862295725796,0.4305565272932526,0.02068111571159244
141,,10.247003093995955,0.04619493291651566,0.4305463627755216,0.02071210792630979
142,,10.246777103770476,0.046243872092083235,0.43046784282739026,0.020772246741647484
143,,10.24622700148493,0.04600569303621435,0.4303565484922135,0.02075031960303242
144,,10.243088605110472,0.047142108694686186,0.4293845186543117,0.02119456913180193
145,,10.242848765499302,0.04700554817628115,0.4293754901362545,0.021244227201945864
146,,10.24496992339227,0.04584643864587129,0.4299457663004839,0.020642310377182012
147,,10.24176333291692,0.04684128754810424,0.4289256748210615,0.02109626822101757
148,,10.244535389285637,0.045571093275931535,0.42995567744406704,0.02070031528243317
149,,10.241406945106796,0.0468672702194656,0.4287504521352245,0.020922228481234414
150,,10.241333412727288,0.04683226380952053,0.42875405326727883,0.020931714959020367
151,,10.241062539096575,0.04676525692540175,0.4286829449189809,0.020888677070925687
152,,10.240874189461056,0.04664411259279262,0.42862396348237025,0.020890828978556753
153,,10.240680414884979,0.04659509926332886,0.42852167564385246,0.020833626644671123
154,,10.240530374851923,0.0466416533652488,0.4284245123134845,0.020841096227385437
155,,10.240472125029191,0.04661129065998448,0.42843636907197685,0.02088599276807724
156,,10.240366497426505,0.0465523263537025,0.4284584892313823,0.0209106853133276
157,,10.239965580243252,0.046368210512721095,0.4284354812543602,0.02094844864602237
158,,10.239838275072335,0.04629771779868104,0.4283965695711525,0.02091165762485566
159,,10.239673209888256,0.046239588743309336,0.42837391045791584,0.020940837363423725
160,,10.239458804806265,0.04609007183050289,0.428386068732968,0.021000116387989636
161,,10.239162299033609,0.04602667325532018,0.4283402245744928,0.021021813333686593
162,,10.238333436014306,0.04575965581967731,0.42818235983991465,0.0209365304465078
163,,10.238163325405877,0.04554044473634033,0.4280387915354049,0.020820676834064748
164,,10.237883496590223,0.045503280215504045,0.42793428971082587,0.020813787911957697
165,,10.237720487802306,0.04549985641676276,0.4278473001716446,0.02083723661549272
166,,10.237504040579251,0.04541802500982768,0.4278395655771869,0.02086851196112634
167,,10.237257728931523,0.04541056371224968,0.42776260692265927,0.020851137092784317
168,,10.237025604438582,0.04536942935679134,0.4276899909082963,0.02082580915881824
169,,10.236644134814728,0.04509110216755097,0.4275857270326461,0.02083833534410947
170,,10.236449974714226,0.044956794888549034,0.4274278915951155,0.020681226514707357
171,,10.23609243545253,0.044795766523301216,0.42733210362374974,0.02067668016470116
172,,10.235863673298912,0.044700468767646565,0.42722051625853497,0.020602026833842237
173,,10.237939961063539,0.044049313036440524,0.42804542657787037,0.020573431681636837
174,,10.235388775378896,0.04440725265231169,0.4271066897276788,0.02048854940754582
175,,10.23511515096417,0.044319124024212495,0.4270816249982069,0.020497203570777372
176,,10.236955774809326,0.04390344524213778,0.42774709231495417,0.020510357897881668
177,,10.234880706478481,0.04423524336542459,0.42700842504296826,0.020546755451845325
178,,10.234686601524778,0.04418580179663867,0.4269761771960964,0.020593860230159737
179,,10.23634031521089,0.04395010518496793,0.42750089997995927,0.02056901056482355
180,,10.234299912785335,0.04397061175933613,0.4268221090310607,0.02052886158250903
181,,10.23400892320817,0.0438113553828554,0.4267324133854004,0.020499708468237985
182,,10.23353562373635,0.04372748985953871,0.426495256810052,0.02031290829217114
183,,10.233519219477373,0.043691589949794385,0.42647099470723543,0.020264077088864702
184,,10.23328109080494,0.04350557411170975,0.426482597961853,0.020281444118840985
185,,10.232784710494307,0.04339742219235469,0.4263197831469756,0.020187183105295534
186,,10.232990850878057,0.044544670831605675,0.4267980853360388,0.021081153395833132
187,,10.232496411174312,0.04339647679762511,0.42621452442913693,0.02022685027074689
188,,10.232296034837129,0.04340394605502581,0.4260715002483932,0.02021730502801058
189,,10.232081999593538,0.04337093773212138,0.4260166903375173,0.020235619154637296
190,,10.232397999882137,0.04442109870721953,0.42654739967129435,0.02089524951882948
191,,10.231722734806278,0.04323285077389575,0.42588009987269204,0.02003386429037775
192,,10.23152904268418,0.043208731450714424,0.425842479703205,0.020064204226851238
193,,10.231429683209203,0.04320632958783853,0.42582575279962004,0.02008966182195694
194,,10.23131456194405,0.043126120832127225,0.42573667559079476,0.020054943948581695
195,,10.23127371125229,0.043123510236339965,0.42568714728901375,0.02009826517905024
196,,10.23101976668953,0.04311459253272284,0.42551359488434914,0.02009624347628082
197,,10.230851696252088,0.0430677230226165,0.42545839499100363,0.020118693063138328
198,,10.230166697697918,0.043592067039153054,0.42574974230608253,0.020554134114207465
199,,10.230250194040048,0.0428196736559947,0.4251095594041035,0.019878477639809114
200,,10.230023032194184,0.042751416120995235,0.4250161009785197,0.019906462092229887
201,,10.22985218828381,0.04270190089850403,0.4249097820632754,0.019802507801251954
202,,10.229838228854458,0.043573985694727764,0.425644630024797,0.020554240548482743
203,,10.229638139363121,0.04259051955066985,0.42479607623461285,0.01966734128055668
204,,10.229496651201782,0.04253077271379728,0.4247199245302538,0.0196210647697312
205,,10.229362933705202,0.0424435848728274,0.4246446316863371,0.01957670640046994
206,,10.229082960206826,0.042454530305042246,0.4246091524173139,0.019657296293834628
207,,10.228105738275957,0.043248118227670655,0.4250472177937659,0.020408861994148805
208,,10.22804752796707,0.04321848560044957,0.42502529444070225,0.02038623056379822
209,,10.228723368866383,0.04245810101351918,0.42440849635264083,0.019636815960918305
210,,10.228593956294803,0.04238144700007907,0.4242994912414387,0.019639315836947554
211,,10.228398209872328,0.04237784758526645,0.4242000653517151,0.01961247225244222
212,,10.22813574863762,0.042275264009852605,0.4241500341996241,0.019576853798822007
213,,10.228045820522354,0.042186427719540516,0.424084258479514,0.01952238415347663
214,,10.227819148187262,0.042198810102464256,0.4239169625756461,0.019528383966275674
215,,10.226618090609145,0.042757280025780886,0.42441796526143843,0.020177317132392333
216,,10.22729194107986,0.042142503361299,0.42369236319819104,0.019471327221213485
217,,10.226889485915297,0.04219775666356245,0.4234917890854335,0.01948655734619029
218,,10.226746534551989,0.042123673170241696,0.4234487995906092,0.019443789386188296
219,,10.2265683576804,0.04207745838814079,0.4234121011182616,0.019438004578842653
220,,10.225351845710133,0.042367188851822536,0.42394053998395304,0.019912911424794955
221,,10.22508777046076,0.042201978205548316,0.42379401784190224,0.01987711690808063
222,,10.224998914049735,0.04217801421485294,0.4237749483589544,0.019888350352607703
223,,10.225600693608486,0.04171308340319104,0.42324629337315106,0.019530074670431684
224,,10.224508469965363,0.0419118068222684,0.42354250147784583,0.019786264101195092
225,,10.22431329971731,0.04179008690171296,0.4234136474044351,0.01958458853988819
226,,10.224146484667722,0.04175779344431391,0.4233562662951781,0.01960091441521835
227,,10.223865001726962,0.04157948397506363,0.42322474718613,0.01940595424298748
228,,10.223821906886416,0.041595145139671656,0.4232514858056669,0.019440787316339258
229,,10.223653720485258,0.04147800020271162,0.42318089219519867,0.01943715292564848
230,,10.223326291750585,0.04132245526252551,0.42305790646099345,0.01932548239721513
231,,10.223049048329308,0.04133826804889612,0.4229638917891315,0.019337083458484852
232,,10.222972395607064,0.04136277305248037,0.42293244697468874,0.01934141926635588
233,,10.22243776539065,0.04111158637993099,0.4225878995117924,0.01914698190780948
234,,10.222295770505983,0.04101477814977656,0.42252595031727636,0.019147580227448488
235,,10.222161433522533,0.04105677886533779,0.42248451723444486,0.019140510776676306
236,,10.221961228857623,0.04110765889779,0.4223842065061123,0.01916261788364653
237,,10.2218234343049,0.04101475144354505,0.4223727875539561,0.019165689878792965
238,,10.2213436894412,0.04087169233238418,0.42214229959717625,0.019077651714829544
239,,10.221323702764128,0.040853703830927714,0.42215826064002654,0.019082564775357223
240,,10.221237709162903,0.04087826662357547,0.4220955681651969,0.019093445109662707
241,,10.22118699920219,0.04090713759936895,0.42205656537675074,0.019096053532368144
242,,10.220965922038552,0.04080063250498633,0.421991415523804,0.019051048719252183
243,,10.220917933747167,0.040749412070312185,0.4219853690184537,0.01904616226340218
244,,10.220748331340872,0.04075968934775376,0.42191811990534284,0.019047044022718836
245,,10.220713410448909,0.04078692950533949,0.42192083258000757,0.01904437821349632
246,,10.220554825417928,0.040741038149521305,0.4218743616849534,0.01902836958879494
247,,10.22047277994522,0.040740320537933174,0.42189216236577776,0.01903022897562359
248,,10.221723413146249,0.03973468672076359,0.4218914557857815,0.01882622109191982
249,,10.221593454113483,0.039599461993141266,0.4218190560880168,0.018790767254214077
250,,10.22005947958378,0.04068735769088336,0.4217460706668208,0.019004058110413953
251,,10.221388304646963,0.0394445533270163,0.4218259127769043,0.01883960949698351
252,,10.219711037658133,0.04051386183065457,0.4215570529984964,0.01893680259714025
253,,10.21965626979194,0.04054201695999329,0.42152444442871406,0.018937968882430867
254,,10.219563671675028,0.04044554206552833,0.42143929485722026,0.018869608704458744
255,,10.219227886513357,0.04041424368248435,0.4213360603331106,0.01885349578652077
256,,10.219227886513357,0.04041424368248435,0.4213360603331106,0.01885349578652077
257,,10.219105717216916,0.04027325286367075,0.42125744838680473,0.018725105473335644
258,,10.219107637756501,0.03757566609099683,0.4207409633781187,0.017749145364519877
259,,10.218821635681644,0.04009571122717583,0.4212210556649507,0.018691949808377517
260,,10.218756948293311,0.04006309014622313,0.42120667660578454,0.018720024762500644
261,,10.218558100957141,0.040051642623606325,0.4211164978934048,0.01872357702619597
262,,10.218507596804745,0.03998331115863428,0.4211024233786113,0.018716817980928672
263,,10.218711992150157,0.03740591317658088,0.4206798642570079,0.017681801792519963
264,,10.218242809786487,0.039916269581284095,0.42097392201226097,0.018691087876360573
265,,10.218101871811053,0.03984364481571803,0.42093207120824255,0.018681946283918734
266,,10.217827843555579,0.03981306155637817,0.42087657832819736,0.01868334666639077
267,,10.217636029004117,0.039759604367077525,0.42081747483741966,0.01868680442769504
268,,10.217636029004117,0.039759604367077525,0.42081747483741966,0.01868680442769504
269,,10.217491609245856,0.039760933207277076,0.4207799407790536,0.01867588217417277
270,,10.217636022438496,0.03688065133590154,0.4202020341779041,0.017611080234798796
271,,10.217351179163481,0.0397186750722065,0.4207007339961496,0.018673691171366805
272,,10.217257193108773,0.03964982260794051,0.42065305622282523,0.018652403014446095
273,,10.217058718846967,0.03665599416048832,0.41988074169625195,0.017430475278764398
274,,10.216895758093628,0.03935978550706509,0.4204806716865088,0.01840580663723256
275,,10.216893984354789,0.039356938114322185,0.42049292008429395,0.018426054401363717
276,,10.216775636668357,0.039283388488186056,0.4204522881872774,0.018421436232782286
277,,10.216543297555964,0.03914861301597025,0.42038013660186796,0.018379015267525417
278,,10.216522115736751,0.039125786541318625,0.4203876666340242,0.01838387173303695
279,,10.216320454385645,0.03910188851402171,0.42030710376957015,0.018212367468770814
280,,10.215973731080043,0.036066764018959134,0.41947609018122006,0.0172452973162371
281,,10.215898162679308,0.03597691702251233,0.41948343833882284,0.017250399950883465
282,,10.21610756258638,0.0389442349712232,0.4202476984235497,0.01818542241677984
283,,10.216037037432317,0.03882215364492752,0.4202204357244954,0.01814129196202258
284,,10.215898666202722,0.03880051647039072,0.42017079446379535,0.018150419755000844
285,,10.215076595922689,0.03572064974940342,0.4191964475666571,0.017165903910504467
286,,10.215434719445579,0.03885486948631104,0.41993312540064875,0.018049040729577998
287,,10.215276900856395,0.03878716991884993,0.41989953566308363,0.01804279568629564
288,,10.215194995086527,0.03879679475866581,0.41986605405661065,0.018040264283399884
289,,10.215140227220335,0.038819824243116814,0.4198334454868283,0.018038431918816534
290,,10.215125633293727,0.03882036935435747,0.4198001610344114,0.018040882370104927
291,,10.215074923333015,0.03884279102973856,0.41976115824596527,0.018038680563996087
292,,10.214427027209283,0.035304405018337384,0.41901853402562445,0.017097216118194855
293,,10.214803513825368,0.03879031005029557,0.4197118402924021,0.01806604325215439
294,,10.214359950872373,0.03522413627098823,0.4190297951044534,0.017089981378084252
295,,10.214295842127195,0.0352498450252102,0.4189659388742843,0.017089457557580033
296,,10.214234123619843,0.03520958623743614,0.418947742428027,0.017097986572098094
297,,10.214020834127629,0.035165669140271846,0.4188751778438628,0.017081023556193457
298,,10.21397131930906,0.03519068625388806,0.4188446060661106,0.017079260248636294
299,,10.213885268059661,0.03512741599656783,0.41881544339953947,0.01703865955550108
300,,10.21374655654178,0.03514492029912163,0.4187858382230708,0.01703258306057484
301,,10.213549153106618,0.035004133638436435,0.4187278277648253,0.0170275826336563
302,,10.213549153106618,0.035004133638436435,0.4187278277648253,0.0170275826336563
303,,10.213543900058994,0.03500262392539354,0.41872579097279516,0.017025498474023085
304,,10.213306650108953,0.03487451330362228,0.4186697800405625,0.016985525836265506
305,,10.213257636536575,0.034791011895598405,0.41866749052441143,0.016983034682895373
306,,10.213047865585905,0.03469409846490968,0.4186172390038226,0.016991845047926273
307,,10.213046091847065,0.034690671376502426,0.4186294874016077,0.01701511707561968
308,,10.213009766394228,0.03464369199097675,0.4186064002932045,0.01697844855943938
309,,10.212907294314391,0.03460682499189343,0.41855594195441864,0.016942718737923662
310,,10.212831521197916,0.03453844308095663,0.4185045515360291,0.01692770123803198
311,,10.212796600305953,0.034562587707826976,0.4185072642106939,0.016925248729050837
312,,10.212796600305953,0.034562587707826976,0.4185072642106939,0.016925248729050837
313,,10.212705886266802,0.034595566523311305,0.4184811253047756,0.016922457407925737
314,,10.21264198332994,0.03450937541149743,0.41844219734825916,0.01691561160018584
315,,10.21259246851137,0.03453289094666151,0.41841162557050693,0.016913048416970507
316,,10.21251411819559,0.03447478910999596,0.4183966296716193,0.0169244580943595
317,,10.212318077507344,0.03441566639512589,0.4183297303294134,0.016912671095989904
318,,10.212229178804927,0.03438981677735675,0.41837115395385915,0.01696857816133775
319,,10.212033509722016,0.034342838675392076,0.41832332438928616,0.016973737604432302
320,,10.211266959581593,0.03733235422852982,0.4184235673464147,0.01778930335528814
321,,10.211789884296035,0.03421199974650746,0.4181829152415873,0.016850930460369597
322,,10.211700535826163,0.034204730127156135,0.41813298326223836,0.016854385872924694
323,,10.211429853004676,0.03414693333149581,0.4180572268331425,0.016885520158804363
324,,10.211227812031133,0.033972133797249074,0.4179726728183976,0.016838158890002432
325,,10.210661402715418,0.0369062282971992,0.4182811906268704,0.017792481794746542
326,,10.210798005813178,0.033884012820854736,0.4176868409903226,0.016780774301739892
327,,10.210669132301117,0.033795090946392034,0.41758871536768477,0.01667063704309089
328,,10.210241387531063,0.036627487127624724,0.41812429074284385,0.017722813849310768
329,,10.210524681179349,0.03362798158383848,0.4175408732099783,0.016649917273087685
330,,10.210491974738137,0.033600062481701116,0.41748078900409297,0.01662348086834079
331,,10.210373590185615,0.03358063040350826,0.4174151867005426,0.01661508343707478
332,,10.2109477217717,0.035106917063615246,0.41814974475828975,0.017248458414594
333,,10.210117052943263,0.03352422640673821,0.41738107022014637,0.01668105731991926
334,,10.209869612930898,0.03349620577599273,0.41730031992612515,0.01662118751729969
335,,10.209869612930898,0.03349620577599273,0.41730031992612515,0.01662118751729969
336,,10.209849765956669,0.03349238398463087,0.41726499868167816,0.01661645976060533
337,,10.210213681330574,0.03493932858485783,0.41785450717953304,0.017148338097110197
338,,10.209668924820416,0.033341874146334015,0.41722853924860975,0.016569169566170463
339,,10.210045354867075,0.03486922384842197,0.41786628922764296,0.01717563053366262
340,,10.209476554517234,0.03318645342835265,0.41715961400485624,0.016492132729662275
341,,10.209267652086382,0.033061161485496225,0.4171664394633164,0.016525813684873474
342,,10.20907371750955,0.03304548465557062,0.41709833362719817,0.01650010146846904
343,,10.209066422074164,0.03302697225158915,0.41713622427046315,0.0165679598499953
344,,10.20894993570062,0.03299103201511759,0.4170854192544236,0.0165673462707823
345,,10.208678948740445,0.03294765016892976,0.41696329359880446,0.016550413194918408
346,,10.208485014163614,0.032928452273636034,0.4168951877626862,0.01652390197886804
347,,10.208363110336597,0.032828994414469174,0.41685170522548004,0.016508519708629224
348,,10.20888715318913,0.03459570617319313,0.41749048539558914,0.017000406906625295
349,,10.208047020378597,0.03268641310978535,0.41673289336518493,0.016470754382006413
350,,10.208403556894673,0.03448592229251743,0.4174004523690606,0.016925109137395353
351,,10.207872906837792,0.032578332226443914,0.41660433716024603,0.01639376707867544
352,,10.207616267833155,0.032463714096280835,0.4165649000076603,0.016331682655931556
353,,10.208354683025139,0.03441880600406041,0.4173468805656122,0.01690792995177419
354,,10.207260389969692,0.032412654244880386,0.41640902315908634,0.016292537621304427
355,,10.207225469077729,0.0324323831387619,0.41641173583375113,0.01629033843881896
356,,10.207123576630789,0.03239212169303353,0.4163942152701285,0.016291768326665124
357,,10.207019786004873,0.03236265209153533,0.41636189741899504,0.016283203607445087
358,,10.207705742416382,0.034034320416286554,0.4170874951410891,0.016848021481617577
359,,10.206733643610646,0.03215129984278759,0.41622751474693476,0.01619178916868719
360,,10.20752951034998,0.03404335048834913,0.41699757408299926,0.016788614930952808
361,,10.206504762203648,0.03204740918748688,0.4160663499722134,0.016099756456766406
362,,10.20642844976969,0.03198478680747202,0.41601486907353924,0.016100454857212308
363,,10.207205620140714,0.03390114907287336,0.4167789202663617,0.016692899440295852
364,,10.206373681903495,0.031997715666561094,0.4159822605037569,0.016090598932776454
365,,10.206338761011532,0.032016733116703354,0.41598497317842165,0.016088444103193916
366,,10.206663871324468,0.03384365065528639,0.41646772446018643,0.016639570438452805
367,,10.20639076679941,0.03360028378260313,0.4162820041868824,0.016456703046866365
368,,10.20623493883341,0.03346084957852154,0.4162427014656471,0.016464975124394245
369,,10.206200017941446,0.03347889120089018,0.41624541414031185,0.016462826382788943
370,,10.20615169821856,0.03342260772517218,0.4162520711357776,0.016469114551108055
371,,10.206040464892638,0.033379687391449656,0.41620330291176816,0.016468236701460207
372,,10.205922816811562,0.03331868347098742,0.41609090636105633,0.016378881855341854
373,,10.205756815619448,0.033286276824213534,0.41600952956726456,0.01636788450490876
374,,10.20562507929759,0.03310393896202784,0.41595502693650843,0.016260464777819013
375,,10.205285364179312,0.032898281141005875,0.41579646670535975,0.016159749262936764
376,,10.205186334542171,0.032925401799108266,0.41573532314985534,0.016144307668954447
377,,10.205054913953736,0.03292495998797712,0.4156712697656302,0.016124956314585194
378,,10.205012178709977,0.03284119756762536,0.41566726005231,0.016119400291400517
379,,10.204910462831968,0.032728641940381796,0.4156234276079238,0.016097836887473314
380,,10.20484629643862,0.03265839977278514,0.4155931011860132,0.016047380019605918
381,,10.204811375546656,0.032675400410424375,0.41559581386067795,0.01604528517867536
382,,10.204732303453403,0.03257170901479389,0.41560344648957864,0.0160334916677896
383,,10.204672762530713,0.032550484715225564,0.4154974827562374,0.01600732135312671
384,,10.204534391301117,0.03247629200742678,0.4154478414955373,0.01600302138517921
385,,10.204467419746141,0.03241090801614416,0.4154276082572499,0.016005493976772197
386,,10.204432978845304,0.03239948664027201,0.41535900256038594,0.0159899709963518
387,,10.204281571579795,0.03236276069310607,0.41531091021901106,0.015981632408715328
388,,10.204212571330345,0.032225646631688656,0.41532458174571035,0.015991191385151798
389,,10.204117666390653,0.032154958250073536,0.4153176194650965,0.015974214625332574
390,,10.204054752741161,0.03208884293924661,0.41529099200814523,0.01597445483552233
391,,10.203956918199705,0.03203887428543373,0.4152670772258587,0.01597260210884946
392,,10.203741061900732,0.03206124868007445,0.41517516473854615,0.01594019661717004
393,,10.20361489435992,0.032058146495459745,0.41511314814635114,0.01592103485662516
394,,10.203819398676355,0.03116292490494641,0.41484455488998845,0.015839737810464376
395,,10.203458373749626,0.03203999792458299,0.4150117367256487,0.015886249364998127
396,,10.20377227409561,0.031101247242547207,0.41485964289614813,0.01585186361335343
397,,10.203631032637063,0.03112277444141014,0.41483566022306495,0.015839831547555975
398,,10.20313564248203,0.03182150654240297,0.4148403775013045,0.015807208185250204
399,,10.203508098073753,0.031058350622027373,0.4147743874043012,0.015824009887917885
400,,10.203010456178534,0.03166918380623588,0.41473532479918185,0.015776661730594586
401,,10.202754553645343,0.031484625792061814,0.41464909339943473,0.015623720489888858
402,,10.202712821815064,0.03145211095392153,0.4146149359103271,0.015614331623801436
403,,10.204064334063313,0.03101656046700412,0.41513511233318906,0.01600629900650757
404,,10.202468011636475,0.031282020879893464,0.4144633379597923,0.015513601280321341
405,,10.202312405718972,0.031115315899198866,0.4144163967114124,0.015513812710124928
406,,10.202215766319657,0.03106085167674335,0.4144009129398199,0.015515916110224015
407,,10.203548895953476,0.030745446893385268,0.41481235783819853,0.01590046823185763
408,,10.201852560660663,0.03102277522890854,0.41425451389246865,0.015462963271727883
409,,10.201748817293382,0.031009749779829805,0.4141914240252188,0.015412323396456111
410,,10.201632470622675,0.03097098852978518,0.4140893367218819,0.015375150751252457
411,,10.20289209129897,0.030326989681752323,0.41465963377955983,0.015881376722661697
412,,10.201267142103262,0.03081634753528061,0.41398909958723906,0.015335577680280429
413,,10.201205136995675,0.030717495810691272,0.4138957166671955,0.015218196397326076
414,,10.201192277528692,0.030686779533229947,0.41387095370575716,0.01518799652255603
415,,10.20115735663673,0.030700715808990513,0.41387366638042195,0.01518609076070018
416,,10.20248408158116,0.03010266678337522,0.4145053314626088,0.015804241040091312
417,,10.200862657916677,0.030592499607812244,0.41376469326034454,0.015153298041255396
418,,10.200673939521378,0.030624152667442527,0.41367365380972254,0.01511126549368979
419,,10.202157846763669,0.030033206043192005,0.4144219156087361,0.015771288594929423
420,,10.200496852601118,0.030533848653843187,0.41355526565670736,0.015024915846452712
421,,10.200455120770838,0.030497231018796252,0.41352110816759985,0.015012664036953699
422,,10.201883837073938,0.029856877602616166,0.4143868705641098,0.015720397262624784
423,,10.200328953230025,0.030480371247564902,0.4134590915754048,0.014985473175533079
424,,10.200212126568195,0.030465400289743233,0.4134283226435966,0.01496617262601266
425,,10.201620889582376,0.02970164737717184,0.41428568332150245,0.015616127764147269
426,,10.199850632908554,0.030276602605259672,0.4132440066419444,0.014885708136645723
427,,10.199587828597771,0.030129421079716858,0.413140870280028,0.014824566348928515
428,,10.201255329114014,0.029469226740926058,0.4141438918844534,0.015541686450624894
429,,10.199428275548964,0.029983985708550986,0.4130987590514842,0.014821756396163174
430,,10.199288217118381,0.02994116406222563,0.41300982428368893,0.01478807366001604
431,,10.200968054399784,0.02941411127839902,0.4140515661793332,0.015479432954818914
432,,10.198977911072477,0.029874452908828966,0.41291684160562975,0.014731313370738151
433,,10.200876807750934,0.029384652880907674,0.41398683691247345,0.015457085051558765
434,,10.198931325855675,0.029856427731196594,0.4129032223295502,0.014703190755152322
435,,10.200820371219873,0.02929566045361649,0.4139209591697766,0.015438177315350986
436,,10.198696854544247,0.029652080474956388,0.41283818777754233,0.014663527421636223
437,,10.198647339725678,0.029656170711879214,0.41280761599979016,0.014648879763356994
438,,10.200534287881698,0.02909080382419309,0.41379042898798957,0.015411792875659308
439,,10.19849596932626,0.0294849974459933,0.4127844940649491,0.014634697025599492
440,,10.200401029996884,0.028963312804528647,0.413794106806617,0.01543269107532428
441,,10.200220094589879,0.028947969777760072,0.41369948164463966,0.01539220551525963
442,,10.200185173697916,0.028961570543164616,0.4137021943193044,0.015390355263699081
443,,10.198202532540314,0.029243098122538655,0.4127445274491201,0.014612649804251414
444,,10.200073657488375,0.028835374174891685,0.4137066575019015,0.01535482447654543
445,,10.200004295695573,0.02883072858770663,0.41364076447970227,0.015329096955618123
446,,10.199946635093704,0.028752294467645722,0.4136161738147811,0.01532942862313869
447,,10.199713339194037,0.02857717732353817,0.4135061501319061,0.015183159888941448
448,,10.199574475905594,0.02853653898606813,0.41342564637480494,0.015158700477263526
449,,10.199513875358882,0.028513506077011138,0.4133580632378293,0.015084079668513623
450,,10.1994721435286,0.02847284973659809,0.41332390574872174,0.01507142902516459
451,,10.199296210645743,0.028293347522299662,0.4133129616274236,0.015077750095059485
452,,10.19917004310493,0.02827000197934481,0.4132509450352285,0.015049819123798368
453,,10.19915998044847,0.028239710036764135,0.41324232590263005,0.015022236800437107
454,,10.199110465629902,0.028244816709435294,0.4132117541248778,0.015008762467522167
455,,10.19901143599276,0.028254766971684685,0.41315061056937347,0.014981590290790998
456,,10.198909543545822,0.028178857898795772,0.41313309000575077,0.014979331189817443
457,,10.198749990450557,0.027931852561252312,0.41311977653973087,0.014992309990529185
458,,10.198680148666632,0.02795631998886889,0.41312520188906043,0.014988719871225836
459,,10.198645707765793,0.027935943975163965,0.4130565961921963,0.014961588886714313
460,,10.198504946298375,0.02790142504157541,0.4129612951475844,0.014920087356095698
461,,10.19832626142635,0.02776102891495671,0.4129636120568163,0.0149337821041129
462,,10.198291340534388,0.027772829740648545,0.41296632473148104,0.014932008732972893
463,,10.198236572668195,0.027771676008878185,0.4129337161616987,0.014914717391425466
464,,10.198136490826185,0.02758843987020849,0.4129289176068248,0.01488393798675207
465,,10.198067129033383,0.027578712639621476,0.4128630245846256,0.014853945384925864
466,,10.196266020736141,0.028456394394820613,0.411863338192913,0.014111036772905811
467,,10.196251426809534,0.028447456950093916,0.4118300537404961,0.014095361226109777
468,,10.196132443883476,0.028302571800893385,0.4117605084663877,0.01398637062982226
469,,10.196828997552057,0.027832775620526124,0.41228161068335545,0.014244881897777683
470,,10.196752344829815,0.027796947881238883,0.4122501658689126,0.014227176745362873
471,,10.19754045833076,0.027473556991470402,0.4126719777118036,0.014713164273510007
472,,10.197295426246301,0.027394316363178243,0.41261567718758707,0.014678890257655711
473,,10.19582651357107,0.0280281962636675,0.41159465704015363,0.013917000022087707
474,,10.197096934461118,0.02720584450770368,0.4124271344183825,0.014554195472213052
475,,10.197042166594926,0.027202262070871876,0.4123945258486002,0.014535245146126578
476,,10.196950919946076,0.027157218123251888,0.41232979658174046,0.014504050025246504
477,,10.196790311504422,0.027098625987205433,0.4121991742926815,0.014438621830235893
478,,10.196264407372203,0.027442762190073737,0.41195468677166086,0.014047712970073284
479,,10.19677237033726,0.027038058783597448,0.4122179350929036,0.014484630335821895
480,,10.196756581268513,0.027025744362478007,0.4121762196297927,0.014463136281844674
481,,10.196023311348535,0.027357767310471105,0.4118766985351685,0.014003997450561804
482,,10.19651870041065,0.026930671272412374,0.412136753185117,0.014445325738439232
483,,10.19646089667446,0.02690387375929667,0.4120853138769812,0.014366439233589774
484,,10.196356613989696,0.026899248611194308,0.41202213352944667,0.014329816607140214
485,,10.19624504037549,0.026870364675177814,0.41199340138966856,0.014309980389643234
486,,10.196133807049568,0.026775836494419662,0.4119446331656591,0.014294448194647265
487,,10.19603001642365,0.02669748775578601,0.4119123153145257,0.014274615645863188
488,,10.195866405469358,0.02650963206970003,0.4118765983046458,0.014271924244751466
489,,10.195436583598394,0.0270676881519981,0.41157304974180686,0.013838057428242123
490,,10.195416736624164,0.027052371828689387,0.4115377284973598,0.01381774602666856
491,,10.195568561884201,0.02620838203414224,0.4117009132753073,0.01409079750121528
492,,10.195451155589476,0.02614789612627259,0.41163720656833597,0.014002608022489529
493,,10.195451155589476,0.02614789612627259,0.41163720656833597,0.014002608022489529
494,,10.195235299290504,0.026105069017418218,0.41154529408102336,0.01394172229734883
495,,10.195235299290504,0.026105069017418218,0.41154529408102336,0.01394172229734883
496,,10.195235299290504,0.026105069017418218,0.41154529408102336,0.01394172229734883
497,,10.194782404348608,0.026783569429195866,0.4112916883191628,0.013676159344078313
498,,10.19515864656826,0.026062179850380174,0.41151384926658063,0.013921968675467218
499,,10.19451044533846,0.02669281882567375,0.41121001853867123,0.01362151858882309
500,,10.195018588137673,0.02598990438450396,0.4114249144987855,0.013875949140154465
501,,10.194949226344871,0.02597125294747754,0.41135902147658626,0.013836612353631247
502,,10.194879864552071,0.02595240272675081,0.4112931284543869,0.013796848717312921
503,,10.194309863542667,0.026522529781457197,0.4111113183353127,0.013580880871261134
504,,10.194737937868387,0.025887886543055173,0.4112250014861016,0.013746143435472088
505,,10.194175227788426,0.02648114462426312,0.41100874315927083,0.013507875522156529
506,,10.194479377689165,0.02589573962008515,0.4111393873848091,0.013679760610303909
507,,10.19402192234394,0.026390138691652333,0.4109458535303852,0.01346448732634348
508,,10.194429279795278,0.02589005280572977,0.4110983048966124,0.013643369302070664
509,,10.194284860037016,0.025762326722347986,0.41106077083824644,0.01360161172044291
510,,10.194185830399876,0.025754687105106207,0.41099962728274203,0.013561928354638968
511,,10.193327272115328,0.025778838436318733,0.41067452170176355,0.013203478448707045
512,,10.193327272115328,0.025778838436318733,0.41067452170176355,0.013203478448707045
513,,10.193166183682552,0.025729734388788842,0.41061521778423327,0.013157617155648154
514,,10.193096821889748,0.025705896391213966,0.41054932476203404,0.013112057785562905
515,,10.193042054023556,0.025693579750800284,0.4105167161922518,0.013086341719981034
516,,10.192935210034618,0.025547946189601992,0.41044885024876243,0.013035574802085666
517,,10.19276633861355,0.025545607279303127,0.4103931320425875,0.012988281222508424
518,,10.193673337411859,0.025436272054618916,0.4107508984151904,0.013337859932110313
519,,10.192539976219333,0.025466222237323335,0.4102971459712146,0.01290560889407658
520,,10.19246332349709,0.02541412712427235,0.4102657011567718,0.01288122030475938
521,,10.192443336820016,0.02536243866399808,0.4102816621996221,0.012903195177410781
522,,10.19224602157896,0.025255573943166753,0.4102182041448903,0.012846444049583705
523,,10.192017861949438,0.025021942737441894,0.4100344108423807,0.01267087995959624
524,,10.192017861949438,0.025021942737441894,0.4100344108423807,0.01267087995959624
525,,10.191998014975209,0.02500265976768739,0.40999908959793363,0.012644397080894
526,,10.191941209227194,0.0249673177943394,0.4100029660279379,0.012645385373669988
527,,10.191832505841939,0.024788769936084896,0.4099485753005429,0.012615566102935058
528,,10.19175741101039,0.02479011324673425,0.4099519638578423,0.012608432471691423
529,,10.19175741101039,0.02479011324673425,0.4099519638578423,0.012608432471691423
530,,10.19175741101039,0.02479011324673425,0.4099519638578423,0.012608432471691423
531,,10.191742817083783,0.024777198048223776,0.4099186794054253,0.012585832534449533
532,,10.191695692503037,0.024676527852249774,0.409933767411585,0.012606986554153928
533,,10.191660771611074,0.024680423040677364,0.4099364800862498,0.012605537862808094
534,,10.191561741973933,0.02466191367575572,0.40987533653074537,0.01255723527872929
535,,10.191513422251047,0.02455666716766678,0.4098819935262111,0.012568852397436974
536,,10.192078506256488,0.02519131965746427,0.4100254285613585,0.012767691742979441
537,,10.191332347141199,0.024438642966089878,0.4098386506515311,0.012540089621122396
538,,10.192293850484802,0.024792599127935164,0.41041658962249217,0.013044240861048079
539,,10.192244335666231,0.02478470232116397,0.41038601784474,0.013022088787750073
540,,10.192209414774268,0.02478935339999627,0.4103887305194048,0.013020592060790953
541,,10.19103325022738,0.024251940127004448,0.40975610783434896,0.012469156976802577
542,,10.191944486011492,0.025116637271309288,0.4098983466208474,0.012615442911575044
543,,10.190887727771184,0.02408059195709962,0.40968963249410795,0.012415396071184553
544,,10.190817885987256,0.024086181098679247,0.40969505784343746,0.012412559912835866
545,,10.19069852938476,0.024080261461992627,0.4096699114150148,0.01238466633252754
546,,10.190676644528711,0.024037974861981018,0.4096710751703543,0.012387195240185408
547,,10.191741417820756,0.024537274188932565,0.4100798971860294,0.012761057975569269
548,,10.190612535783533,0.024012484661666115,0.40960721894018515,0.012338131012399478
549,,10.190572361843946,0.024007686131105595,0.4096078948228198,0.012332339955551181
550,,10.19167637971927,0.025010243567960118,0.40966602219243703,0.01242628237237327
551,,10.190517593977752,0.023988734979664673,0.4095752862530375,0.012302499406694702
552,,10.191600606602798,0.024850885952751596,0.40961463177404756,0.012368917946918363
553,,10.1904487242438,0.023874648766899594,0.4095402557272393,0.012274613644647098
554,,10.190329367641302,0.023866830583875873,0.40951510929881657,0.012246087998335986
555,,10.190329367641302,0.023866830583875873,0.40951510929881657,0.012246087998335986
556,,10.190244931930769,0.02385650702809203,0.4094872501957292,0.01221883956719899
557,,10.190125575328272,0.023847662947169914,0.40946210376730646,0.012190074064868156
558,,10.19007080746208,0.023827557606865904,0.40942949519752414,0.012159493431216445
559,,10.191059335765745,0.024432478611203137,0.4093479489771021,0.012156550125430824
560,,10.189909719029302,0.023752348610727884,0.40937019127999397,0.012103580324625864
561,,10.189875278128463,0.023715629445455053,0.40930158558312996,0.012048603449052083
562,,10.190767566647457,0.024146678864251266,0.4092559283586973,0.01206320322359788
563,,10.1898403572365,0.023717002205815737,0.4093042982577947,0.012047229960195808
564,,10.189785589370308,0.023696126804285733,0.4092716896880124,0.01201585755935573
565,,10.190619532062293,0.023969308666162422,0.4091572975034565,0.011978999614238787
566,,10.190480328485565,0.02394097772702243,0.40909682983058665,0.011918202194360817
567,,10.189681306685541,0.02366147375335812,0.4092085093404779,0.011957189014161694
568,,10.190150060514501,0.023498096739516944,0.40897139549650563,0.01179906327232641
569,,10.189577024000778,0.02362630959503069,0.40914532899294337,0.011897895689634484
570,,10.189377572233346,0.023419391229049066,0.40909942296679647,0.01180182053470279
571,,10.18934265134138,0.023420039250782825,0.4091021356414612,0.011800464794976383
572,,10.189252962583224,0.023398248711573966,0.4090722397463436,0.011766521649264866
573,,10.18984437575453,0.023346128695649917,0.4089008694013728,0.01172925838843059
574,,10.18915646288675,0.02330764022398784,0.4090054736874537,0.01170489130771814
575,,10.189121541994785,0.023307960080380153,0.40900818636211844,0.01170354611548568
576,,10.18969009826007,0.02333621277686728,0.40887843564761484,0.01169671287199963
577,,10.189557342826653,0.023207952940792066,0.40885723353999304,0.011679748421543764
578,,10.188987591465683,0.02327767911049164,0.4089497554812788,0.011645294093067287
579,,10.189326412609947,0.0231284693156201,0.4088033549717924,0.011615992606301416
580,,10.188900432648193,0.023193231534710274,0.40891423708277574,0.011605057563103463
581,,10.188818526878327,0.023116053996845336,0.40888075547630287,0.011569373768374117
582,,10.189179918103777,0.023061292944022975,0.40877733550667905,0.011582226806397094
583,,10.18868696658705,0.022985692372595866,0.40886798437937505,0.011563456399993503
584,,10.189049552908184,0.02282976634450492,0.40880179318296916,0.011618575211185592
585,,10.188905096283833,0.022782432854618548,0.40873928871806925,0.011549188533155343
586,,10.188905096283833,0.022782432854618548,0.40873928871806925,0.011549188533155343
587,,10.188863364453551,0.022712043997814763,0.4087051312289617,0.011518972945023201
588,,10.188828443561588,0.022711921590631026,0.40870784390362647,0.011517676776274658
589,,10.188640557513423,0.022491636016221707,0.4086276308651741,0.01145251959760018
590,,10.188640557513423,0.022491636016221707,0.4086276308651741,0.01145251959760018
591,,10.188364777653774,0.02285382903144438,0.4086471956763846,0.011347907970736391
592,,10.188454229355951,0.02233117473725128,0.40858225119846403,0.011411265235039866
593,,10.188419308463988,0.022330410435118846,0.4085849638731288,0.01140998604495556
594,,10.188384387572025,0.022329591494666637,0.40858767654779354,0.01140870606644435
595,,10.188349466680062,0.02232871790988281,0.40859038922245833,0.011407425299240841
596,,10.188113520471715,0.022776165918127658,0.4086293142352655,0.011309081601206748
597,,10.187256482649843,0.022327743680636173,0.40873905961267665,0.01147973072065781
598,,10.18806816679093,0.022132452505543312,0.40847747178157995,0.01129795649424542
599,,10.187947252297741,0.022046913356872786,0.4084174919814151,0.011239018620356115
600,,10.18789773747917,0.022028264665071007,0.40838692020366285,0.01120784923016657
601,,10.187862816587208,0.022026607610438242,0.4083896328783276,0.011206594102878817
602,,10.187716322081037,0.021946292731063112,0.40836361341321425,0.011170627345708811
603,,10.187646480297111,0.021942333109531628,0.40836903876254377,0.01116811924701359
604,,10.187646480297111,0.021942333109531628,0.40836903876254377,0.01116811924701359
605,,10.187495212734444,0.021810165887441082,0.40826966413387156,0.01106192435041371
606,,10.187495212734444,0.021810165887441082,0.40826966413387156,0.01106192435041371
607,,10.18738088410258,0.022438050738358955,0.4083461374611366,0.011002090440503612
608,,10.186612146730438,0.021846093258114534,0.4084640659241703,0.011188926743037711
609,,10.187250028879417,0.021605313239661653,0.4081624650290225,0.010959313817661851
610,,10.18651039398634,0.021728333072817536,0.40839526307325025,0.011115361685283655
611,,10.187215107987454,0.02160257673819556,0.4081651777036872,0.010958085787319704
612,,10.18719251806329,0.022243480066584935,0.40833724279421313,0.010996970541680863
613,,10.187138315562368,0.02148313917701784,0.40818501517654177,0.01098873944027769
614,,10.186964458075538,0.021992718453904915,0.4082577056383955,0.010919532538629735
615,,10.186937053190006,0.021365381701951635,0.4081263871416462,0.010913629099749729
616,,10.186861958358454,0.021349728071507996,0.40812977569894554,0.010905948404451403
617,,10.186861958358454,0.021349728071507996,0.40812977569894554,0.010905948404451403
618,,10.186748601776566,0.021858133665408945,0.40816579315108287,0.010812656628895927
619,,10.185975218983048,0.02126322502849957,0.40805690329533034,0.010765679871887776
620,,10.186721196891034,0.021226541088409007,0.4080344746543336,0.010805577866073834
621,,10.186629470251058,0.021166987535485748,0.4080410637590026,0.010806224883995798
622,,10.186545034540524,0.021140574255665102,0.40801320465591523,0.010771524227153292
623,,10.186475672747724,0.021089790133325462,0.4079473116337159,0.010699812863589267
624,,10.185588723953583,0.020870768350005037,0.4078570704577266,0.010487053863374302
625,,10.186426157929155,0.021066835867491137,0.40791673985596366,0.010665720399254694
626,,10.186385983989567,0.02105337931612694,0.4079174157385983,0.010659127950547482
627,,10.186336469170996,0.02103017414059249,0.4078868439608461,0.01062481891817773
628,,10.186316622196767,0.02100185907424443,0.407851522716399,0.01058605904779074
629,,10.186281701304802,0.020997491643820386,0.4078542353910638,0.010584867401259383
630,,10.186192012546647,0.02096009050499663,0.4078243394959462,0.010543475046557432
631,,10.186142497728074,0.0209363231922648,0.40779376771819403,0.010508517660588258
632,,10.185226221377878,0.020620581363639565,0.4076882399246682,0.010292709775134919
633,,10.185996003221906,0.0208397196742379,0.4077677482530807,0.010468672272424137
634,,10.185961082329943,0.020834780878558265,0.40777046092774544,0.010467488972627665
635,,10.185030704111984,0.02039452411403952,0.40766251117820385,0.010252664729982677
636,,10.185708810073468,0.021064817873060165,0.4076439310904814,0.010240294503280567
637,,10.185726936947434,0.020721585947007806,0.407678060567728,0.010341594043624157
638,,10.184941015353829,0.020350502492914483,0.4076326152830862,0.01020936426456849
639,,10.184941015353829,0.020350502492914483,0.4076326152830862,0.01020936426456849
640,,10.185530927622695,0.020595395795519236,0.40762146932486254,0.010264513833614309
641,,10.185406317972573,0.02054803706258497,0.40759428610440973,0.01021997832436109
642,,10.185295224349492,0.020406349846003678,0.4074942355931029,0.010103131697453398
643,,10.185190941664727,0.020343094505351975,0.4074310552455684,0.010022085910371374
644,,10.184702302148835,0.02026668277710088,0.40758232242624076,0.010131092483076374
645,,10.185185688617103,0.02033317166278412,0.40742901845353824,0.010016247580075424
646,,10.185185688617103,0.02033317166278412,0.40742901845353824,0.010016247580075424
647,,10.185136173798533,0.020306216998938396,0.407398446675786,0.009978232389395646
648,,10.185066332014607,0.02029305945742091,0.4074038720251156,0.009975949406899866
649,,10.184429148043003,0.02012714132928037,0.40746342387253137,0.009973056905451631
650,,10.184984426244739,0.020189258420668425,0.4073703904186426,0.009929324046552312
651,,10.184365039297825,0.02007675182717444,0.40739956764236224,0.009897817457461225
652,,10.184268539601351,0.019947447148577217,0.40733280158347235,0.00981309756273244
653,,10.184904078365566,0.020155338296370742,0.40737174218391187,0.009915230014595
654,,10.184094415132662,0.01986048713889722,0.40727504658526736,0.009726318088520773
655,,10.184094415132662,0.01986048713889722,0.40727504658526736,0.009726318088520773
656,,10.184765707135972,0.019898299297323403,0.40732210092321175,0.009867492020888505
657,,10.184044900314092,0.019830165403164034,0.4072444748075152,0.00968667926603489
658,,10.18394587067695,0.019769010361127826,0.40718333125201084,0.009606619108164346
659,,10.18394587067695,0.019769010361127826,0.40718333125201084,0.009606619108164346
660,,10.18389635585838,0.019738175469819215,0.40715275947425855,0.00956619122387393
661,,10.183832247113203,0.01968505533245225,0.4070889032440895,0.009485634675599063
662,,10.183832247113203,0.01968505533245225,0.4070889032440895,0.009485634675599063
663,,10.183817653186598,0.019662907039809125,0.4070556187916725,0.009445490224514677
664,,10.184477479112408,0.019781138639377263,0.4072412362886142,0.00974547973766203
665,,10.183619593912317,0.019536553027565386,0.4069333316806637,0.00927762739994073
666,,10.184294493755859,0.019638092376331635,0.4070809152584936,0.009540520307078573
667,,10.18350023730982,0.01948521103264585,0.40690818525224104,0.009232756449288677
668,,10.183460543361358,0.019418218741194697,0.4068375427633469,0.009135576880298538
669,,10.183369296712506,0.019290933059091825,0.4067728134964872,0.009046186032277961
670,,10.1833547027859,0.019267981097574535,0.40673952904407024,0.00900291399296521
671,,10.1833547027859,0.019267981097574535,0.40673952904407024,0.00900291399296521
672,,10.183244006167179,0.018566161015557463,0.4061040023230083,0.008171848534405238
673,,10.183284145850957,0.019195408766240738,0.40666520501117703,0.008890910117282689
674,,10.183199710140425,0.019151535357500162,0.40663734590808953,0.00884436884491376
675,,10.183088136526218,0.019033977562541445,0.4066086137683114,0.008794618927580641
676,,10.183018294742292,0.019012417995417728,0.406614039117641,0.008792515980791343
677,,10.18291926510515,0.0189432579040538,0.40655289556213653,0.008699805664473067
678,,10.182831648484619,0.01829705584109801,0.40592463609642915,0.007836700760227099
679,,10.183570718274582,0.019158130529178755,0.4069003045162803,0.009252026436054014
680,,10.18286975028658,0.018908388505137846,0.4065223237843843,0.008652916003427753
681,,10.182802460631406,0.018247751518036807,0.40585806719159523,0.0077289517971611665
682,,10.183457094710835,0.019069251318564365,0.406805876508359,0.009123413636426572
683,,10.18276753973944,0.018235996570222533,0.40586077986626,0.007728019333203504
684,,10.182681031891285,0.018779607687507836,0.4064312843337623,0.008501892493995434
685,,10.182450101674581,0.018596095884067344,0.4063774057655615,0.008398542949764092
686,,10.183195641795935,0.01880086488770408,0.40672828031192776,0.009013995498784752
687,,10.182344261099125,0.018433360170241428,0.40627939204628477,0.008248576824571387
688,,10.182294746280553,0.018395976749536955,0.40624882026853254,0.008198087180326429
689,,10.18225982538859,0.018383352151842954,0.40625153294319727,0.008197078770868003
690,,10.182949637661501,0.018648280338342888,0.4067124356628388,0.008967927186654307
691,,10.182224904496627,0.018370652497133648,0.406254245617862,0.008196069339518153
692,,10.182613262244981,0.01816328933713068,0.405838346112502,0.007669646096250723
693,,10.1821550627127,0.018345027392234033,0.40625967096719157,0.008194047409633157
694,,10.1821550627127,0.018345027392234033,0.40625967096719157,0.008194047409633157
695,,10.182085220928773,0.018319100172323625,0.406265096316521,0.00819202138764368
696,,10.182010126097223,0.018280921462774845,0.4062684848738204,0.008182557000747817
697,,10.182259760259974,0.017925785415230315,0.40572079932406196,0.007413255793035365
698,,10.181890769494727,0.018215499803616083,0.4062433384453977,0.00812958938107929
699,,10.181855848602764,0.018201975013863617,0.40624605112006246,0.008128574303366179
700,,10.181855848602764,0.018201975013863617,0.40624605112006246,0.008128574303366179
701,,10.18177141289223,0.0181490574043341,0.406218192016975,0.008076196088116131
702,,10.181736492000267,0.018135253234999243,0.40622090469163974,0.008075182746058982
703,,10.181736492000267,0.018135253234999243,0.40622090469163974,0.008075182746058982
704,,10.181736492000267,0.018135253234999243,0.40622090469163974,0.008075182746058982
705,,10.181637462363126,0.018055705994607558,0.4061597611361354,0.007971121780287983
706,,10.181832328659684,0.017648663888358986,0.40557946701659453,0.007101133638384525
707,,10.181782813841115,0.017608175202564587,0.4055488952388423,0.007039383270619009
708,,10.181532699687235,0.01801306503111036,0.40616789916012963,0.007968098185515674
709,,10.181608209381299,0.01753633519473282,0.4055624586121661,0.0070348483384831
710,,10.181966843795395,0.01778611432902312,0.40621745841723594,0.008151917871391665
711,,10.181608209381299,0.01753633519473282,0.4055624586121661,0.0070348483384831
712,,10.181344461283064,0.01781319888774246,0.4060055413379789,0.007685752729252958
713,,10.181309540391101,0.017798296569727423,0.4060082540126436,0.007684762966284933
714,,10.181309540391101,0.017798296569727423,0.4060082540126436,0.007684762966284933
715,,10.181175589861997,0.017699600530804497,0.40594982313180394,0.007572640708856716
716,,10.1810562332595,0.017626371938038104,0.4059246767033813,0.007514309371494537
717,,10.180986391475573,0.01759502487583871,0.40593010205271074,0.007512341959511383
718,,10.180936876657002,0.017552026220608846,0.4058995302749585,0.007455436853055793
719,,10.180901955765039,0.017536090333402633,0.40590224294962324,0.00745445508737676
720,,10.18109313897239,0.017135474075213028,0.4054569262777245,0.00675135554359709
721,,10.180762272197187,0.017471503476707825,0.4059130936482823,0.007450516854346391
722,,10.180762272197187,0.017471503476707825,0.4059130936482823,0.007450516854346391
723,,10.18109313897239,0.017135474075213028,0.4054569262777245,0.00675135554359709
724,,10.181023297188464,0.01710337801685021,0.40546235162705396,0.00674954172378246
725,,10.1809883762965,0.017087200329008758,0.40546506430171875,0.006748632995487262
726,,10.180910388729274,0.016901484698790575,0.4054764707638793,0.006782867678356075
727,,10.180910388729274,0.016901484698790575,0.4054764707638793,0.006782867678356075
728,,10.18081019387587,0.016799651753795133,0.4054425012847015,0.00668882757156333
729,,10.180588147728495,0.017336974404086863,0.4058553386500773,0.0073246563552008094
730,,10.180641322454804,0.016673741583460338,0.4053867830785266,0.006553759486643825
731,,10.180601148515215,0.01664277820230725,0.4053874589611612,0.006543286662491821
732,,10.18053130673129,0.016607661217455123,0.40539288431049075,0.0065414727639487415
733,,10.18035721751179,0.017109797729201667,0.4058014600818765,0.007200130287971405
734,,10.180516712804682,0.01657849732529752,0.40535959985807374,0.0064744099484795445
735,,10.180446871020754,0.01654288741744213,0.4053650252074032,0.006472600099314282
736,,10.180446871020754,0.01654288741744213,0.4053650252074032,0.006472600099314282
737,,10.180397356202185,0.016495527262226355,0.405334453429651,0.00640376906137745
738,,10.180176142401942,0.016820295002684768,0.4057581172071965,0.007125022749548054
739,,10.180357182262599,0.016463633419966685,0.4053351293122857,0.006393056066360309
740,,10.180322261370636,0.01644541207232959,0.40533784198695044,0.006392150649024595
741,,10.180322261370636,0.01644541207232959,0.40533784198695044,0.006392150649024595
742,,10.180237825660102,0.016378919055725406,0.40530998288386294,0.006321408797448101
743,,10.181257515118732,0.017459493388186854,0.4061034500104716,0.007880155119844759
744,,10.180237825660102,0.016378919055725406,0.40530998288386294,0.006321408797448101
745,,10.180223231733494,0.016349085167149627,0.405276698431446,0.006251544512099565
746,,10.180138796022963,0.016281685223969954,0.40524883932835853,0.006178917481416871
747,,10.180920264335446,0.01711116948917797,0.4060228760945229,0.00771532750117582
748,,10.180056890253095,0.016127119392770374,0.40521535772188566,0.006091520563964057
749,,10.179602216295482,0.01629029306093032,0.40559076543461586,0.006730312250661166
750,,10.179987048469167,0.01608851456149241,0.4052207830712151,0.0060897254268007074
751,,10.180738848937311,0.01693091254580859,0.4059995693040744,0.007653960596947594
752,,10.179902612758633,0.016018773489927498,0.40519292396812767,0.0060148859279000625
753,,10.179832770974706,0.015979232615411218,0.40519834931745713,0.006013088153368289
754,,10.18068933411874,0.0168854970212202,0.4059689975263222,0.007598395702227739
755,,10.179261270355264,0.015956631440201333,0.4055429880983793,0.006580056964644359
756,,10.179713414372209,0.015887997203081188,0.4051732028890344,0.005936277739485135
757,,10.179261270355264,0.015956631440201333,0.4055429880983793,0.006580056964644359
758,,10.180579318395228,0.016820562608048387,0.4059750987582863,0.007587332555618243
759,,10.179594057769712,0.015795332958684048,0.40514805646061175,0.0058583524112766185
760,,10.180529803576658,0.016774377431648474,0.4059445269805341,0.007531176768698001
761,,10.179489295093823,0.015732971463164037,0.405156194484606,0.005855643925854468
762,,10.179474701167216,0.01570121458452009,0.405122910032189,0.005779267069740728
763,,10.180390120008804,0.016703734333490854,0.4059553776791931,0.007527217722771398
764,,10.179023037141397,0.01570661708021433,0.4054213768700051,0.006296592321518008
765,,10.17939026545668,0.015626977376909365,0.4050950509291016,0.005699874692048003
766,,10.179320423672754,0.015584146633522752,0.40510047627843115,0.00569807071827215
767,,10.180384866961182,0.016690137165668372,0.405953340887163,0.007519042820724845
768,,10.179270908854184,0.015530272701266275,0.4050699045006789,0.005618321866369
769,,10.17918647314365,0.015454101008712326,0.4050420453975915,0.00553635537719958
770,,10.179116631359724,0.015409866187180203,0.405047470746921,0.0055345500643753836
771,,10.179102037433116,0.015377088379171245,0.405014186294504,0.005453014659060038
772,,10.17898268083062,0.015276550377059255,0.4049890398660813,0.005367333700032329
773,,10.178856513289805,0.015064085538570056,0.40492702327388636,0.005189830079570124
774,,10.180092345872245,0.016350140014921192,0.4057278027174776,0.007085213656531304
775,,10.178786671505879,0.015017167544615025,0.4049324486232158,0.005188024467718435
776,,10.179987583196354,0.016293106833337248,0.40573594074147185,0.007082308196660571
777,,10.178786671505879,0.015017167544615025,0.4049324486232158,0.005188024467718435
778,,10.178786671505879,0.015017167544615025,0.4049324486232158,0.005188024467718435
779,,10.178786671505879,0.015017167544615025,0.4049324486232158,0.005188024467718435
780,,10.178401506463064,0.01494635748978227,0.40534043147511295,0.006050515128516654
781,,10.178667314903382,0.014911679431029511,0.40490730219479315,0.005097488522029575
782,,10.178346738596868,0.014871142229477616,0.40530782290533063,0.005966180054282135
783,,10.178575588263406,0.014776873388383197,0.40491389129946215,0.005102899468854585
784,,10.179609186423507,0.01603473558589467,0.40569649858328544,0.0069514191649491
785,,10.178540667371442,0.014752352703038636,0.4049166039741269,0.005101989063571778
786,,10.178526073444834,0.014717539544249536,0.40488331952171,0.005012554758195474
787,,10.178456231660908,0.014667939908853123,0.40488874487103943,0.005010732585459687
788,,10.178336875058413,0.014557212755401557,0.40486359844261677,0.004916709713925952
789,,10.178336875058413,0.014557212755401557,0.40486359844261677,0.004916709713925952
790,,10.179460641967797,0.015879390884381006,0.40560478325002886,0.006761548744552315
791,,10.178301954166448,0.014531747802259926,0.4048663111172815,0.004915792579320308
792,,10.178301954166448,0.014531747802259926,0.4048663111172815,0.004915792579320308
793,,10.178247186300256,0.014453998016180448,0.4048337025474992,0.004808395473446267
794,,10.17922240875393,0.01563117979952375,0.4054831720216546,0.006487179402405267
795,,10.178247186300256,0.014453998016180448,0.4048337025474992,0.004808395473446267
796,,10.178177344516328,0.014402138509038943,0.4048391278968287,0.004806551908278275
797,,10.178969101622327,0.015400845372334722,0.40539959471239234,0.006277339420617582
798,,10.178934180730364,0.015378213322622807,0.40540230738705707,0.006276389448283417
799,,10.178934180730364,0.015378213322622807,0.40540230738705707,0.006276389448283417
800,,10.178849745019832,0.015299426428827255,0.40537444828396957,0.006204617286151211
801,,10.177938631311333,0.01416996533590659,0.40478883503998325,0.004607588581735473
802,,10.178835151093224,0.015266156370410592,0.40534116383155266,0.006133772628733412
803,,10.178765309309298,0.015219763280934287,0.4053465891808822,0.006131878551426126
804,,10.178765309309298,0.015219763280934287,0.4053465891808822,0.006131878551426126
805,,10.17869546752537,0.015172906859925003,0.4053520145302117,0.006129979087162505
806,,10.178541670022037,0.014983808911587031,0.40525826240492496,0.0058977906474366034
807,,10.178422793410668,0.014815512053264762,0.4051617976049735,0.005655464797315856
808,,10.17835295162674,0.014765753005178902,0.40516722295430296,0.00565358260141246
809,,10.178283109842814,0.014715494231248303,0.4051726483036325,0.005651694570611349
810,,10.178248188950851,0.014690175846251525,0.40517536097829726,0.005650748365297143
811,,10.178233595024246,0.014654923730210287,0.4051420765258803,0.005571677939130736
812,,10.177604976300561,0.01380030309225698,0.4047066094959901,0.004261786010158565
813,,10.177570055408598,0.013771583035574238,0.4047093221706548,0.004260827852442102
814,,10.178044876628945,0.014427870356045125,0.4050510370752583,0.005310508616903153
815,,10.177975034845018,0.014374933692227587,0.40505646242458776,0.005308617311188357
816,,10.177237085622961,0.013463545983236439,0.404671240921864,0.004062171181328229
817,,10.177975034845018,0.014374933692227587,0.40505646242458776,0.005308617311188357
818,,10.177430371840744,0.013655205798597114,0.4047201728693138,0.0042569757790152036
819,,10.177905193061092,0.014321460768771808,0.40506188777391733,0.005306719784788345
820,,10.177835351277164,0.014267445556140597,0.4050673131232468,0.005304816031027723
821,,10.177255767380927,0.013506293049210341,0.4047337362426376,0.004252116842193909
822,,10.177765509493238,0.014212881871521975,0.40507273847257624,0.005302906043199587
823,,10.177765509493238,0.014212881871521975,0.40507273847257624,0.005302906043199587
824,,10.177730588601275,0.014185392376876731,0.405075451147241,0.005301948709405645
825,,10.17703738114129,0.013232814802959543,0.4046474462587105,0.0039095478789208105
826,,10.176838361884759,0.013079165308246066,0.4046677958907593,0.003936213351938481
827,,10.177561717180208,0.01399895001745084,0.40501973294106614,0.005126510167098599
828,,10.176713752234638,0.012920902025834107,0.40464061267030643,0.0037974870045492082
829,,10.176713752234638,0.012920902025834107,0.40464061267030643,0.0037974870045492082
830,,10.176952945430756,0.013128978498814925,0.4046195871556231,0.003787705937724651
831,,10.176952945430756,0.013128978498814925,0.4046195871556231,0.003787705937724651
832,,10.177357924867177,0.013778683880350681,0.404966727409556,0.00494325614458593
833,,10.176903430612187,0.013056008953415302,0.40458901537787084,0.0036626279750463695
834,,10.17662406347648,0.01279312990890524,0.4046107167751889,0.0036543409049022047
835,,10.177253162191288,0.013690049332513415,0.4049748654335502,0.0049403446684425775
836,,10.17718332040736,0.013630192107023759,0.4049802907828798,0.004938395280350248
837,,10.17718332040736,0.013630192107023759,0.4049802907828798,0.004938395280350248
838,,10.17646978598202,0.012614360120554722,0.4045882830214309,0.003521265207489257
839,,10.177148399515398,0.013600030203721872,0.4049830034575445,0.004937418062121375
840,,10.176594875623266,0.012708264386525114,0.40454414787035503,0.003391473453563829
841,,10.1770290429129,0.013468949728000279,0.40495785702912185,0.004842461256611792
842,,10.176994122020936,0.013438025019612831,0.4049605697037866,0.004841477244386671
843,,10.176944607202367,0.013366895207932192,0.4049299979260344,0.004746459544354226
844,,10.176944607202367,0.013366895207932192,0.4049299979260344,0.004746459544354226
845,,10.176874765418441,0.013303964581500932,0.40493542327536386,0.004744481800151788
846,,10.176874765418441,0.013303964581500932,0.40493542327536386,0.004744481800151788
847,,10.176300914560954,0.012387150555966474,0.404532564815256,0.0032427560453293417
848,,10.175972032606678,0.012012772909138995,0.4045236944348218,0.003085678872720917
849,,10.176705893997374,0.013093955480939749,0.4048797050691889,0.004545871723277914
850,,10.176670973105411,0.01306127905269769,0.40488241774385364,0.004544870142513297
851,,10.176656379178803,0.013019850156293854,0.40484913329143674,0.004443982636273597
852,,10.176586537394876,0.012953679919607759,0.4048545586407662,0.004441968984027653
853,,10.176551616502913,0.012920326146704457,0.4048572713154309,0.00444095933003595
854,,10.175658224570133,0.011587442826611507,0.4044767901352757,0.0027338223191474497
855,,10.17651669561095,0.0128867914190224,0.4048599839900957,0.004439947789084392
856,,10.176481774718988,0.012853074320183983,0.40486269666476044,0.004438934359882982
857,,10.175882343848519,0.011869630526970956,0.4044937985397043,0.0029064967322305433
858,,10.176377012043098,0.012750814290239559,0.40487083468875473,0.004435882729825795
859,,10.176377012043098,0.012750814290239559,0.40487083468875473,0.004435882729825795
860,,10.176307170259172,0.012681702071615833,0.40487626003808425,0.004433838844726586
861,,10.175812502064593,0.011792426985041161,0.4044992238890338,0.0029040808646357244
862,,10.17620240758328,0.01257659448962097,0.4048843980620785,0.004430758793289058
863,,10.176167486691318,0.012541168403407589,0.4048871107367432,0.004429728311193994
864,,10.176132565799355,0.012505544448423759,0.40488982341140806,0.004428695927750201
865,,10.176083050980784,0.01242564659981939,0.40485925163365577,0.004324118203621846
866,,10.175602976712815,0.011555189992047785,0.40451549993702224,0.0028967602070224694
867,,10.175602976712815,0.011555189992047785,0.40451549993702224,0.0028967602070224694
868,,10.175498214036924,0.011433286092586844,0.4045236379610164,0.0028930585941193813
869,,10.174882106709676,0.010852025514916696,0.404775561376783,0.003689445138320161
870,,10.175428372252998,0.011350752380484016,0.404529063310346,0.0028905754901603488
871,,10.175690060281333,0.011915555652033278,0.40478652502305257,0.00398509090581645
872,,10.17535853046907,0.011267181217217702,0.40453448865967545,0.0028880800596231358
873,,10.175268841710915,0.011109488735859246,0.40450459276455786,0.002695915611760052
874,,10.175585297605442,0.011798149339394213,0.40479466304704675,0.003981847139498677
875,,10.175233920818952,0.011066422820067421,0.4045073054392226,0.0026946040504744143
876,,10.175233920818952,0.011066422820067421,0.4045073054392226,0.0026946040504744143
877,,10.175233920818952,0.011066422820067421,0.4045073054392226,0.0026946040504744143
878,,10.174544363867543,0.010260399764789901,0.4046641249644332,0.003143223164814954
879,,10.175233920818952,0.011066422820067421,0.4045073054392226,0.0026946040504744143
880,,10.175198999926987,0.01102307802546292,0.40451001811388737,0.0026932891182951347
881,,10.175164079035024,0.010979451049163935,0.4045127307885521,0.0026919708102825287
882,,10.17515786600515,0.011118998588858125,0.4046533307395794,0.003326117584427574
883,,10.17507964332449,0.01083949661954531,0.40448487168546465,0.0025102494681151365
884,,10.17507964332449,0.01083949661954531,0.40448487168546465,0.0025102494681151365
885,,10.175044722432528,0.01079474163992061,0.40448758436012944,0.0025088621701913204
886,,10.174221214952016,0.00968034214358451,0.4045859730045004,0.002655081748918427
887,,10.175009801540563,0.010749686890451585,0.4044902970347942,0.0025074711700544443
888,,10.174968667618728,0.01084730767347612,0.40463360966048606,0.0031784140917473598
889,,10.174136779241483,0.009512946065411872,0.40455811390141294,0.0024714743711169254
890,,10.174960286721994,0.010651414590452562,0.40445972525704205,0.0023124951511068804
891,,10.174890444938068,0.010559215969911532,0.40446515060637156,0.0023095380396719765
892,,10.174820603154142,0.01046573911729122,0.4044705759557011,0.002306564376006059
893,,10.174066937457555,0.009403484540420799,0.40456353925074245,0.0024684914653195183
894,,10.174820603154142,0.01046573911729122,0.4044705759557011,0.002306564376006059
895,,10.174750761370214,0.010370949469243426,0.40447600130503053,0.00230357409600774
896,,10.174701246551644,0.010267804282050035,0.40444542952727836,0.0020894500901649277
897,,10.17443026031267,0.01008080591023265,0.4046410153280404,0.003010565449659099
898,,10.174596483875753,0.010121091075959869,0.40445356755127254,0.002084588803735869
899,,10.174325497636781,0.009928471639991856,0.4046491533520346,0.0030066642253788038
900,,10.174255655852853,0.009824982881582787,0.4046545787013641,0.0030040483467806307
901,,10.173962174781666,0.00923587015170995,0.4045716772747367,0.0024639879375108562
902,,10.174206141034285,0.009713519979108966,0.40462400692361195,0.0028450963762643223
903,,10.173927253889703,0.009179052868909517,0.4045743899494014,0.0024624789547117395
904,,10.174337443705404,0.009706862390192153,0.40443927182150885,0.0018339853538845517
905,,10.173877739071132,0.00905785139004518,0.40454381817164925,0.0022647663229191394
906,,10.17419776013755,0.009493589315221193,0.4044501225201678,0.0018266229887859875
907,,10.174162839245588,0.009439195193372857,0.40445283519483255,0.0018247676746278886
908,,10.174127918353625,0.009384355852892273,0.40445554786949733,0.001822906435438916
909,,10.173708867650067,0.008688420118678477,0.40448809996547425,0.0018001026643330686
910,,10.174043482643093,0.009210727358419605,0.40442768876640983,0.0015409241679752432
911,,10.17399396782452,0.00909058132334341,0.40439711698865755,0.0011961778105933265
912,,10.17399396782452,0.00909058132334341,0.40439711698865755,0.0011961778105933265
913,,10.173639025866139,0.008564943117110582,0.40449352531480376,0.001796216537482971
914,,10.173889205148631,0.00891622990762369,0.40440525501265184,0.001187996840536032
915,,10.173819363364704,0.008797383269558255,0.40441068036198136,0.001182480302639496
916,,10.173819363364704,0.008797383269558255,0.40441068036198136,0.001182480302639496
917,,10.173819363364704,0.008797383269558255,0.40441068036198136,0.001182480302639496
918,,10.173604104974176,0.008502317061460067,0.4044962379894684,0.0017942641660050932
919,,10.17378444247274,0.00873714440182644,0.4044133930366461,0.001179703003650615
920,,10.173345064803826,0.007972575262010114,0.4044819422597048,0.0014961937391657395
921,,10.173749521580778,0.008676346769685947,0.40441610571131087,0.0011769128983516572
922,,10.173170460344009,0.007621721405351695,0.40449550563302855,0.0014844908160902505
923,,10.173644758904887,0.008490480702051653,0.40442424373530506,0.00116846482510733
924,,10.173609838012924,0.008427325066224758,0.4044269564099699,0.001165622568487169
925,,10.17357491712096,0.008363546738934248,0.4044296690846346,0.001162767035829823
926,,10.172981261957585,0.007167326100876866,0.40447578455393535,0.0011120908116776336
927,,10.173505075337037,0.008234063990958518,0.40443509443396414,0.0011570157487610728
928,,10.173400312661146,0.008034790688378897,0.4044432324579583,0.001148286749347307
929,,10.172896826247051,0.006924470350767818,0.40444792545084796,0.0005378967784428751
930,,10.17333047087722,0.007898377541306324,0.40444865780728784,0.0011423981573508177
931,,10.17312094552544,0.007470298014435805,0.40446493385527627,0.0011243903283603036
932,,10.173086024633475,0.007395966034503326,0.404467646529941,0.0011213379406087211
933,,10.173051103741512,0.007320712793518073,0.4044703592046058,0.0011182706409359727
934,,10.172617459111345,0.0062381460020059214,0.40446962684816595,0.0004845827143390416
935,,10.172981261957586,0.007167326100876865,0.4044757845539353,0.0011120908116776333
936,,10.172981261957586,0.007167326100876865,0.4044757845539353,0.0011120908116776333
937,,10.172946341065623,0.007089130330709829,0.4044784972286,0.0011089780300463756
938,,10.172547617327417,0.006052406145026311,0.40447505219749547,0.0004701543370572046
939,,10.172547617327417,0.006052406145026311,0.40447505219749547,0.0004701543370572046
940,,10.172547617327417,0.006052406145026311,0.40447505219749547,0.0004701543370572046
941,,10.172826984463125,0.006760507912792399,0.4044533508001775,0.0005251600834026778
942,,10.172442854651528,0.005760994707247555,0.4044831902214897,0.0004475173315329889
943,,10.172492369470099,0.005961668882656797,0.4045137619992419,0.001067058984043355
944,,10.172736815713842,0.006596649423567575,0.4044947732765886,0.0010899729336138263
945,,10.172407933759565,0.005660093824282394,0.4044859028961545,0.00043967929380018465
946,,10.172373012867602,0.005557141823368738,0.4044886155708193,0.0004316819240635139
947,,10.172373012867602,0.005557141823368738,0.4044886155708193,0.0004316819240635139
948,,10.172562211254025,0.006150777063286814,0.4045083366499123,0.0010736899972543434
949,,10.172338091975638,0.005452022510316451,0.404491328245484,0.000423516196292482
950,,10.172303171083675,0.005344608004668782,0.4044940409201488,0.0004151721766607842
951,,10.172477775543491,0.005859950426138262,0.40448047754682487,0.00045520426781886785
952,,10.172233329299749,0.005122312803074519,0.40449946626947825,0.0003979041595065762
953,,10.172163487515821,0.0048889248748522,0.40450489161880776,0.0003797744530656611
954,,10.172163487515821,0.0048889248748522,0.40450489161880776,0.0003797744530656611
955,,10.17223332929975,0.005122312803074519,0.4044994662694782,0.00039790415950657627
956,,10.172128566623858,0.004767565103442828,0.40450760429347254,0.00037034715729185124
957,,10.172093645731895,0.004642771657296105,0.4045103169681373,0.00036065313171982114
958,,10.172058724839932,0.004514259781030242,0.404513029642802,0.00035067025639024565
959,,10.172093645731895,0.004642771657296105,0.40451031696813733,0.00036065313171982114
960,,10.171779357704226,0.0032979450109472904,0.40453473104011994,0.0002561862362041301
961,,10.172058724839932,0.004514259781030243,0.40451302964280206,0.00035067025639024565
962,,10.171779357704226,0.0032979450109472904,0.40453473104011994,0.0002561862362041301
963,,10.171884120380117,0.003802370425660536,0.4045265930161258,0.00029537028809466633
964,,10.171674595028335,0.0026968335692080106,0.40454286906411424,0.00020949155897717685
965,,10.171604753244408,0.0022041695222696027,0.4045482944134438,0.00017122113679630713
966,,10.171604753244408,0.0022041695222696027,0.4045482944134438,0.00017122113679630713
967,,10.171604753244408,0.0022041695222696027,0.4045482944134438,0.00017122113679630713
968,,10.171534911460483,0.0015601472738921592,0.40455371976277327,0.0001211931238076529
969,,10.17160475324441,0.002204169522269602,0.40454829441344364,0.00017122113679630718
970,,10.171534911460483,0.001560147273892159,0.4045537197627732,0.00012119312380765288
971,,10.171465069676557,0.0,0.4045591451121027,5.551115123125783e-17
