,n,rmsd_avg_0_mean,rmsd_avg_0_std
1,,0.11379710958951532,0.007516196708816896
2,,0.11125114761164516,0.0025707579391483553
3,,0.11058694968256509,0.0013629234336434914
4,,0.11021786007672356,0.0013245272289564042
5,,0.10995742752910397,0.0012388565290627927
6,,0.10974805854905105,0.0012180977164714037
7,,0.10961754307279538,0.0011911264686154332
8,,0.10946739547927556,0.0011472054210024999
9,,0.10933714090618364,0.001123670946578059
10,,0.10922337231264019,0.0011231880213594357
11,,0.10914150985145414,0.0011079830304868592
12,,0.10906191964995578,0.001110392940110257
13,,0.1089829788849617,0.0011018576641809818
14,,0.10889656331401276,0.0010957418874304873
15,,0.10885434554025805,0.0010990304508985036
16,,0.10880105686438941,0.001100493733219079
17,,0.10873311796275947,0.0011023628324037856
18,,0.1086890057962444,0.001087663025069111
19,,0.10864207313206257,0.0010873894340865638
20,,0.10861146016409709,0.001086263108988996
21,,0.10858134855841792,0.0010769965499273458
22,,0.10854029211180459,0.0010745651171465448
23,,0.10849153529130488,0.0010840892935993732
24,,0.10845468477168548,0.0010916898444686659
25,,0.10842060744764416,0.0010874744175265049
26,,0.10837508743413694,0.0010978915540509372
27,,0.10834705084543987,0.0010975323214292524
28,,0.1083250547877126,0.0010903371022008591
29,,0.10827844450232613,0.0010935241872462528
30,,0.10825022966089645,0.001091568610255242
31,,0.10822086389142255,0.001087399518608406
32,,0.10818974201733642,0.0010870192466581232
33,,0.10816614543020635,0.001086280476370016
34,,0.10814935254210895,0.0010843024956587112
35,,0.10813559494271813,0.001080407500255628
36,,0.10810302490495637,0.0010846185780183002
37,,0.10806805746489824,0.0010906450338109249
38,,0.10804480732464034,0.0011006358449924681
39,,0.10802203078495039,0.0011045708883366773
40,,0.10799366347752935,0.0010995903113516507
41,,0.10796917554554968,0.0011083237020623794
42,,0.10794223913850476,0.001113516344257824
43,,0.10792570536905793,0.0011146022051410195
44,,0.10789934251166204,0.0011180617774795172
45,,0.10787514234056407,0.001122487767177353
46,,0.10784332553393355,0.0011247795318576248
47,,0.10783086451145987,0.0011240312435460984
48,,0.10780872223046269,0.0011285393242432276
49,,0.10779830367255526,0.0011296792278641388
50,,0.10778355673511926,0.0011318186081973338
51,,0.10775608534838187,0.0011358609140393369
52,,0.10774014393610903,0.0011353006290242714
53,,0.10772630561263999,0.0011342714866811239
54,,0.10769476178446633,0.0011382744890147858
55,,0.10768228177307926,0.001136608475188717
56,,0.1076699961907477,0.0011368765342158237
57,,0.10765548279147788,0.001133471921043797
58,,0.10763748778298549,0.0011333076424035764
59,,0.10762207101645707,0.0011291299349093231
60,,0.1076123938099579,0.001128465023075772
61,,0.1076028766704501,0.0011260063635229202
62,,0.10757995725994393,0.0011288435322659239
63,,0.10756532148299311,0.0011247453071586023
64,,0.10755240005874683,0.0011233784416387717
65,,0.10753486735704648,0.0011271430954788082
66,,0.10751830178194231,0.0011289285976585001
67,,0.10750188977302773,0.0011277147830088283
68,,0.1074879140147476,0.00113041738369531
69,,0.10747755699454827,0.0011261222036469322
70,,0.10747209865229854,0.0011264463373265906
71,,0.10745553233726503,0.001124821589461003
72,,0.10744034851909655,0.0011252087837050372
73,,0.10742125062015802,0.0010996217292289815
74,,0.10740732794649784,0.001100164596386403
75,,0.10739987679891826,0.0010978463341664866
76,,0.10739058002184061,0.0010971787995407295
77,,0.10738699460846464,0.0010995734317661302
78,,0.10737989685350685,0.001097757055656486
79,,0.10737261741617127,0.0010968493983735217
80,,0.10735963210053423,0.001095151965679355
81,,0.10735543095360216,0.0010935232979566063
82,,0.10734399760153221,0.0010943506672624417
83,,0.10733385299402766,0.0010944557088357826
84,,0.1073261881537975,0.001093564947292258
85,,0.10731442137768377,0.0010920137585023323
86,,0.10730612349096463,0.0010903335180251705
87,,0.10729215473944755,0.0010896858466504422
88,,0.10728225730157928,0.0010883605120573848
89,,0.10727311763163032,0.0010878086595956273
90,,0.10726239729183216,0.0010844937254166139
91,,0.10725263550852311,0.0010799498409224742
92,,0.1072445965238994,0.001075321273150343
93,,0.10723003598091058,0.001072680065613344
94,,0.10722186382470868,0.0010715803876771139
95,,0.10721234071749396,0.0010751807183308607
96,,0.10719992470652705,0.0010718130126493245
97,,0.1071938728696709,0.001069918942253032
98,,0.1071771028785281,0.0010704147994603087
99,,0.10716551033668148,0.0010697191953425544
100,,0.10715039512405838,0.0010685750739828955
101,,0.10714053094748796,0.001065748803226212
102,,0.1071363596692042,0.0010672351160364649
103,,0.10712655332620258,0.0010656663512206971
104,,0.10712040759882177,0.0010661215437471527
105,,0.10710755756466081,0.00106576485263012
106,,0.1070928442513394,0.0010619806866941218
107,,0.10707591111947341,0.0010638157817996386
108,,0.10707121791003502,0.001060654926468863
109,,0.10705888112453807,0.0010592647122838268
110,,0.10704752721954873,0.0010573051008938854
111,,0.10703885534096502,0.0010520708763109103
112,,0.10703238986414293,0.0010473632203133938
113,,0.10702256546837226,0.001046199368237384
114,,0.10701629386601924,0.001044668086056162
115,,0.1070105593284076,0.0010428953291476287
116,,0.10700500801193152,0.0010419642056789455
117,,0.10699414251781865,0.001038955369131271
118,,0.10698591663277963,0.0010397722000277043
119,,0.10697397076999705,0.0010384044573459397
120,,0.10696895211858726,0.0010370727246619496
121,,0.10695914996825033,0.00103745765560487
122,,0.10694985358491858,0.001036286513320208
123,,0.10694363267958429,0.0010357980342405248
124,,0.10692800754110558,0.0010379876894428572
125,,0.10692543361021646,0.001038624189991356
126,,0.10691016251564363,0.0010380708221744291
127,,0.10690235249240108,0.001037553889453825
128,,0.10689392550053477,0.0010362284720243338
129,,0.10689026758804923,0.0010352650599327684
130,,0.1068839358038055,0.0010340178126716905
131,,0.10686668885656256,0.0010283810261724707
132,,0.10685422752193185,0.0010220671047083906
133,,0.10684454070481385,0.0010206206364447986
134,,0.10683645828038979,0.0010192209072368604
135,,0.10683252716093461,0.0010192218351775856
136,,0.10682664277543656,0.0010163778346089394
137,,0.10682024958039736,0.0010166503945336766
138,,0.10681242402812,0.0010157566787466056
139,,0.1068110523586656,0.001013795729213852
140,,0.10680164300205086,0.0010107377913917501
141,,0.10679784562241042,0.0010093309787766267
142,,0.10670212855898736,0.0009843851587376135
143,,0.10678743512153337,0.0010072375690054812
144,,0.10677882334344918,0.0010042061625783014
145,,0.10668980773022443,0.0009761325084872873
146,,0.10676555299665413,0.0009995865706517333
147,,0.10667801953128578,0.0009715349948150887
148,,0.10667207547930134,0.0009704930476501706
149,,0.10666987467520417,0.0009700300265006457
150,,0.10666775019394521,0.0009680901331091375
151,,0.1066600415836823,0.0009657977480315795
152,,0.10665719190171656,0.0009638043276901691
153,,0.10664887142561938,0.0009614159601933943
154,,0.10664146256072622,0.0009616430021187751
155,,0.10663653107350603,0.0009570535118889529
156,,0.10663544623452048,0.0009567934491662936
157,,0.1066324577569206,0.0009569068314813597
158,,0.10663122264664493,0.0009573618158972801
159,,0.106620888691932,0.0009538061669727652
160,,0.10660689690943345,0.0009497001541284515
161,,0.1065975479867344,0.0009445818314963135
162,,0.1065894547873143,0.0009401206197635746
163,,0.1065856137010092,0.0009413299162136854
164,,0.10658377232892495,0.0009405272129137885
165,,0.10657987387226397,0.0009390082689130662
166,,0.10656862402176888,0.0009322805024957566
167,,0.10656671717493366,0.000931103096493237
168,,0.10656464272901509,0.0009292560819367981
169,,0.10656022055698833,0.0009265676402770123
170,,0.10655785881942341,0.0009255761983260362
171,,0.1065505868530433,0.0009214807488042905
172,,0.10654975029387684,0.0009220665573297556
173,,0.10654620582636963,0.0009226819391815664
174,,0.10653330233989491,0.0009217551219167304
175,,0.10653035679365452,0.0009202238978532948
176,,0.10652411480972798,0.0009183679076968529
177,,0.10652204854386241,0.0009173189956032589
178,,0.10651489239894635,0.0009145828829908512
179,,0.10650821055756848,0.0009100958428150004
180,,0.10650658685005251,0.0009104605280633406
181,,0.10649763437754665,0.0009050806527545396
182,,0.1064902381627133,0.0009000985864030763
183,,0.10648643133577827,0.0008984527970288997
184,,0.10648237746977993,0.0008972503895103187
185,,0.10647796421351731,0.0008946529648963917
186,,0.10647453134761292,0.0008919232204197821
187,,0.10646612122412626,0.0008900575283500323
188,,0.10646503956546698,0.0008883173126942572
189,,0.10646044375021738,0.0008833626374018794
190,,0.10645554442151751,0.0008805022460079033
191,,0.1064553246897046,0.000880562718834934
192,,0.1064529041537945,0.0008795701105457166
193,,0.10644783066424456,0.0008750427270156413
194,,0.1064411044183528,0.0008712720334099305
195,,0.10643691800062086,0.0008687829962529395
196,,0.1064330147849578,0.0008662092142518428
197,,0.10643110807977316,0.00086548494605914
198,,0.106425886184212,0.0008631607671097707
199,,0.10641875494680782,0.0008576661007750089
200,,0.10641157365039965,0.0008541767907509907
201,,0.1064061861160987,0.0008527724360489359
202,,0.1064011291599301,0.0008514771258893366
203,,0.10639602213310904,0.0008489510644201258
204,,0.10639367173949435,0.0008482397210401919
205,,0.10639128695291161,0.0008474278854861794
206,,0.10638664879311735,0.0008475950254522961
207,,0.10638416390123305,0.0008453792872128113
208,,0.10638098904590913,0.0008443272656435938
209,,0.10637288447789872,0.0008392197669644437
210,,0.10637060123471917,0.0008384241836757474
211,,0.10636308192186943,0.000833237366064565
212,,0.10635657678227269,0.000829485311153747
213,,0.10635538120916235,0.0008294647835718698
214,,0.10638530733136704,0.000852921550395791
215,,0.10634095808421941,0.0008228213655171049
216,,0.10637734136747362,0.0008478297146820831
217,,0.10633107289246913,0.0008215863503861787
218,,0.10632282878702025,0.0008168456407134474
219,,0.10636487078471103,0.0008418145529151565
220,,0.10635736672112432,0.0008395220172622895
221,,0.106356496472759,0.0008399732307412473
222,,0.10635540932366443,0.0008406195927182732
223,,0.10635313804786581,0.0008397974046441897
224,,0.10634497537371922,0.0008341967669479906
225,,0.10634274061820315,0.0008335001470025846
226,,0.1063359152367642,0.0008306696086206518
227,,0.10633325636695043,0.0008294589205012937
228,,0.10633017328924521,0.000827401666244743
229,,0.10632748068978293,0.0008257602667557204
230,,0.10632685189504847,0.0008261375424958236
231,,0.10632611520024872,0.0008253929154497156
232,,0.10632267440926783,0.0008224345358632344
233,,0.10631967769646461,0.0008213922074366741
234,,0.10631706926147766,0.000821319581495146
235,,0.10631644620783932,0.0008206895025426443
236,,0.10631519145242989,0.0008196538415511736
237,,0.10631374089699358,0.0008206258039102269
238,,0.10630918711648107,0.0008176867049083828
239,,0.10630632340483635,0.0008158571676389824
240,,0.10630272605726776,0.0008161772321545825
241,,0.10629635269535888,0.0008122383680321998
242,,0.10629047500492715,0.0008104166431248186
243,,0.10628613464573845,0.0008097603822357504
244,,0.10628507835475909,0.0008101734765078237
245,,0.1062823401194388,0.0008082376957535645
246,,0.10627800647750364,0.0008061637884722438
247,,0.10627634389788132,0.0008044883565897936
248,,0.1062742144157051,0.0008027795414034502
249,,0.10627198367089827,0.0008014330867267565
250,,0.10626858393268358,0.0007974776590247592
251,,0.10626836703195436,0.0007976608506383872
252,,0.10626455895426548,0.000793530487972192
253,,0.10626162715399504,0.0007920822890084791
254,,0.10625812601994435,0.0007904610342149486
255,,0.10625598488997944,0.0007900111596181625
256,,0.10625208783158235,0.0007874236905908777
257,,0.10624676648990358,0.0007875618212950957
258,,0.10624456416737608,0.0007877107787602209
259,,0.10624315400364555,0.0007863056644500752
260,,0.10624048261558734,0.0007854629536734693
261,,0.10623802812825836,0.0007844324520105543
262,,0.10623096679056103,0.0007801911423344755
263,,0.10622721848924019,0.0007774679110061145
264,,0.10622507806588524,0.0007783154707389123
265,,0.10622113480223716,0.0007769310045764657
266,,0.10621905662315118,0.0007762486609865843
267,,0.10621274783237149,0.0007731235248672202
268,,0.10620589806615484,0.0007678833235456869
269,,0.10620061968495526,0.0007650284101277306
270,,0.10619668618286038,0.0007613135430988552
271,,0.10619421671041213,0.0007599907989015009
272,,0.10618751138099466,0.0007550061617754908
273,,0.10618534082443103,0.000752349964064745
274,,0.1061829216011743,0.0007524956534312944
275,,0.10618187045138762,0.0007515174280638382
276,,0.1061789572229543,0.0007485320452781934
277,,0.10617012347660788,0.0007418127630920398
278,,0.10616698821486387,0.0007406887403305217
279,,0.10616175981640764,0.0007374795615789299
280,,0.10615871135402653,0.0007355642138837514
281,,0.10615676245251084,0.0007354853271786392
282,,0.10615141595056257,0.0007303515835240884
283,,0.10614869469916197,0.0007298401920082453
284,,0.10614475631448655,0.0007274374991831007
285,,0.10614388724574678,0.0007270512619767998
286,,0.10613553119371737,0.0007243859956461521
287,,0.10612622676892201,0.0007020190601426797
288,,0.10612335592800386,0.0007019774658550226
289,,0.10612658768963121,0.0007191813537337485
290,,0.1061183702054748,0.000699284909247236
291,,0.10612005616430185,0.0007136092917987888
292,,0.10611310125473844,0.0006931456799870903
293,,0.1061085598399731,0.0006893149165832663
294,,0.10610577437929093,0.000689333496020836
295,,0.10610372078355405,0.0006874328062722478
296,,0.10610095395104176,0.000685545804872487
297,,0.10609753117107754,0.0006814169971791896
298,,0.1060955110061817,0.0006812008928907548
299,,0.1060896800313882,0.0006771317569459707
300,,0.10608776289583634,0.0006739072725879755
301,,0.106086733921566,0.0006734497104955485
302,,0.10608582715291812,0.0006734502660795845
303,,0.10608387542031873,0.0006729533416293383
304,,0.10608045093613624,0.0006698626111144441
305,,0.10608023120432332,0.0006698190609432985
306,,0.10607961437696979,0.0006700815550935273
307,,0.1060764706469781,0.0006657958007761652
308,,0.10607643092332192,0.0006656957650183594
309,,0.10607494384760305,0.0006661573754546199
310,,0.10607094940449383,0.0006656024144764741
311,,0.10606917300333786,0.0006636838978393605
312,,0.10606515872192969,0.0006630371779941812
313,,0.10606354981287834,0.0006626856839795019
314,,0.10606033356136535,0.0006580471612373537
315,,0.10605670082180536,0.000655172090470133
316,,0.10605561084162712,0.0006552982587265203
317,,0.10605561084162712,0.0006552982587265203
318,,0.10605237533674702,0.000653563646155328
319,,0.10605092195022704,0.0006539940045670063
320,,0.10604425066753091,0.000648756083534114
321,,0.10603961854555916,0.0006434316664203186
322,,0.10603630086396344,0.0006422974794937016
323,,0.10603528410998561,0.0006426113315392527
324,,0.10603079027615453,0.0006384205930140121
325,,0.10603079027615453,0.0006384205930140121
326,,0.10603017344880099,0.0006386482416982003
327,,0.10602511671232023,0.0006360729785634961
328,,0.10602254758326596,0.0006349035560276839
329,,0.10602171385518319,0.0006352702553632475
330,,0.10601808795960842,0.000632535041866448
331,,0.10601752001124977,0.0006314114331296533
332,,0.10601644733688724,0.0006302916225620676
333,,0.1060152046652613,0.0006297090872361665
334,,0.10601065673888271,0.0006272318986312832
335,,0.10600740326656856,0.0006251211703255715
336,,0.10600587967056714,0.000625215250701526
337,,0.10600526001212991,0.0006252077496072626
338,,0.10600504311140069,0.0006253500746507827
339,,0.10600441816334397,0.0006240319632226536
340,,0.10600079964262862,0.0006209440730096818
341,,0.10600008722690367,0.0006201648679077436
342,,0.10599901462912587,0.0006182839841179863
343,,0.10599818090104308,0.0006186288198427418
344,,0.10599155409530123,0.000613341995354402
345,,0.10598898553534829,0.0006126918166335291
346,,0.1059882480636865,0.0006109856600210029
347,,0.10598803116295727,0.000611125259369973
348,,0.10598704386883073,0.000610084973977026
349,,0.10598396058676729,0.0006078928982407119
350,,0.1059798820516975,0.0006031937625167985
351,,0.10597879490260294,0.0006034153746677445
352,,0.10597355678535259,0.0006004126958772276
353,,0.10597203300371587,0.000600672057154221
354,,0.10596906381992738,0.0005979028133899411
355,,0.105967514845036,0.0005971442828730934
356,,0.105967514845036,0.0005971442828730934
357,,0.10596268878076184,0.0005731187706173893
358,,0.10595980067760968,0.0005705291056810809
359,,0.10596079889999728,0.0005902876340402474
360,,0.10596057003188714,0.0005903862353040923
361,,0.10595924816586039,0.000590324697448824
362,,0.10595323448072885,0.0005672400492700721
363,,0.10595016403430976,0.0005646777062626192
364,,0.10595093354841524,0.0005840315381832786
365,,0.10594860656347418,0.0005648670447791805
366,,0.10594376554809712,0.0005619295953405883
367,,0.10594101042186235,0.0005604981186754655
368,,0.10593934032024842,0.0005605797206875664
369,,0.10593850376108196,0.0005606308064985731
370,,0.10593504279816265,0.0005573353220310472
371,,0.10593349408549127,0.000555368958786691
372,,0.10593048553824472,0.0005537324606630527
373,,0.10592825078272866,0.0005510039202822924
374,,0.10592825078272866,0.0005510039202822924
375,,0.10592516493180157,0.0005469249882376742
376,,0.10592216000152653,0.000544818289787139
377,,0.10592154034308932,0.0005447144519353457
378,,0.10591990832307215,0.0005434656326440585
379,,0.10591605339580074,0.0005366389584092321
380,,0.1059142877058154,0.0005354925640058202
381,,0.10591367087846186,0.0005356298023832148
382,,0.10591367087846186,0.0005356298023832148
383,,0.10591323424591971,0.0005356358902679504
384,,0.10591218380274299,0.0005357518170653889
385,,0.10591156697538943,0.0005358865673764288
386,,0.10591023773231095,0.0005349980905981569
387,,0.10590774539566633,0.0005311474888925545
388,,0.10590405442254658,0.0005280791336235555
389,,0.10590032730169215,0.0005236344972674409
390,,0.1058982577558682,0.0005203088129706126
391,,0.10589528308345579,0.0005180995656661137
392,,0.10589329773824228,0.0005158537954516047
393,,0.10589264439060621,0.0005156802359526407
394,,0.10589119100408621,0.0005157756514008989
395,,0.10588638606460175,0.0005090390602478488
396,,0.10588638606460175,0.0005090390602478488
397,,0.10588403723646175,0.0005078661467563495
398,,0.10588362534245653,0.0005078073983047845
399,,0.10588247912527311,0.00050693594303398
400,,0.1058787615170531,0.0005044439225303673
401,,0.10587194173603535,0.0004988367488534967
402,,0.10587002652371852,0.0004976303234279266
403,,0.10586809998437381,0.0004973266734091009
404,,0.10586809998437381,0.0004973266734091009
405,,0.1058674803259366,0.0004971455399109133
406,,0.1058674803259366,0.0004971455399109133
407,,0.1058674803259366,0.0004971455399109133
408,,0.1058674803259366,0.0004971455399109133
409,,0.10586536800619789,0.0004955248470657006
410,,0.10586011609080583,0.0004906099443436655
411,,0.10585968228934735,0.0004908442395516654
412,,0.10585760536647167,0.00048635170902524525
413,,0.10585673511810632,0.0004862365296454456
414,,0.1058558069812777,0.00048416732832099536
415,,0.10585282929214633,0.0004815579791143838
416,,0.10585028894216705,0.000481219061243161
417,,0.10584876660237594,0.0004789391687712907
418,,0.10584753011658518,0.0004787943600328552
419,,0.10584687676894909,0.00047854488016776237
420,,0.10584621145393207,0.0004782473127294274
421,,0.10584494127894244,0.0004780608148340152
422,,0.10584360920478028,0.0004765955059046625
423,,0.10584259245080244,0.0004766074983519089
424,,0.10584166030326458,0.00047518314772794257
425,,0.10583949450101965,0.00047387060001085474
426,,0.1058388776736661,0.0004739283444372662
427,,0.10583693683591988,0.0004705195430077917
428,,0.10583433466335283,0.00046785047761488044
429,,0.10584621558383436,0.0004913060484909624
430,,0.10583166346092991,0.0004637653776188001
431,,0.10583035889013147,0.00046115740104494515
432,,0.10584237561861405,0.0004868459213910751
433,,0.10584098447636305,0.00048442330201387554
434,,0.10583831466317821,0.00048300197730850907
435,,0.1058230441965629,0.0004534902268441113
436,,0.10583635957582734,0.00048053494315812426
437,,0.10581898468516494,0.0004479315066419433
438,,0.10583412364068571,0.00047794102856680746
439,,0.10583291465825866,0.0004767333111492567
440,,0.10583266123724687,0.0004765221438022569
441,,0.10583266123724687,0.0004765221438022569
442,,0.10583240781623507,0.00047631074800391095
443,,0.10583240781623507,0.00047631074800391095
444,,0.10583154039895343,0.0004764309031123575
445,,0.10583005332323457,0.00047631172696515603
446,,0.1058296195217761,0.0004765256852593068
447,,0.10582874927341077,0.0004763570061734415
448,,0.1058260852016712,0.00047238687084842764
449,,0.1058235915058176,0.0004682448790782213
450,,0.105823219082557,0.0004671314913869489
451,,0.10582005605742154,0.0004663933190226102
452,,0.10581820952336889,0.000461368938735269
453,,0.10581749710764395,0.00046003701923489254
454,,0.10581640995854938,0.0004599438933424099
455,,0.10581579313119584,0.0004599724304508861
456,,0.10581511440466977,0.00045867124356850094
457,,0.10581344430305582,0.0004583124192088664
458,,0.1058128274757023,0.00045833706675125634
459,,0.10581261057497306,0.0004584401541531354
460,,0.10581239367424382,0.0004585431157807332
461,,0.10580988399674447,0.00045803082167857176
462,,0.10580904743757802,0.0004578568726233924
463,,0.10580843061022448,0.00045787562148660215
464,,0.10580821370949524,0.0004579767303770904
465,,0.10580711860372898,0.0004570695990324816
466,,0.10580711860372898,0.0004570695990324816
467,,0.1058037440046923,0.0004538687598370039
468,,0.1058020400282442,0.00045375164896374175
469,,0.10580110788070635,0.0004521717302695979
470,,0.10580039546498139,0.00045078561216337434
471,,0.1057968009484965,0.00044761655352033977
472,,0.10579618412114294,0.0004476188557129775
473,,0.10579531387277762,0.00044737424423292165
474,,0.10579302392709117,0.00044695982646699817
475,,0.10579280419527827,0.0004467532085992851
476,,0.10579193394691293,0.0004465015353355703
477,,0.10579193394691293,0.0004465015353355703
478,,0.10578951189257252,0.00044430708955647493
479,,0.10578911196594822,0.0004442045005369457
480,,0.10578756299105682,0.00044255358635847137
481,,0.10578598375830278,0.0004406934567486173
482,,0.10578275811011315,0.0004335129359046939
483,,0.10578275811011315,0.0004335129359046939
484,,0.10578253837830025,0.00043329470001594005
485,,0.10578011915504354,0.000431294098006903
486,,0.10577848274262845,0.0004308207217085272
487,,0.10577529116948683,0.00042740862117662256
488,,0.10577529116948683,0.00042740862117662256
489,,0.10577529116948683,0.00042740862117662256
490,,0.10577467151104962,0.00042706320105444115
491,,0.1057742715844253,0.0004269425676067286
492,,0.10577181992818002,0.0004226632836654834
493,,0.1057699694461194,0.0004225585138843918
494,,0.10576975254539016,0.0004226483336797283
495,,0.10576891881730739,0.00042270067566827353
496,,0.10576790206332956,0.00042253450622406887
497,,0.10576790206332956,0.00042253450622406887
498,,0.10576752964006896,0.0004212511036483225
499,,0.10575864425299601,0.0003999098171750044
500,,0.10576542290591286,0.0004205258098200273
501,,0.10576299315712079,0.00041576168219921076
502,,0.10576237632976725,0.00041571400054426735
503,,0.10575959094566985,0.0004123543497605326
504,,0.10575137835610941,0.0003883105506204736
505,,0.10575712080517201,0.00041180747248080734
506,,0.10574883215832749,0.0003869090712029364
507,,0.1057453257859762,0.0003841426991614511
508,,0.1057453257859762,0.0003841426991614511
509,,0.10574238532373735,0.00038322516396238274
510,,0.1057415487645709,0.0003828697888677902
511,,0.10575228644595253,0.00040535348027014115
512,,0.10574031510986381,0.00038269610927063537
513,,0.10574028142066494,0.00038264332971805337
514,,0.10573944486149849,0.0003822828097529222
515,,0.10573777457424924,0.00038191005670581236
516,,0.1057369380150828,0.0003815433474943719
517,,0.10573570436037572,0.0003813541486529399
518,,0.10573508470193849,0.00038090257853293176
519,,0.10573291871405825,0.0003790466770140427
520,,0.10573204846569294,0.00037861239352981677
521,,0.10573142880725571,0.00037815155871770916
522,,0.10573081197990217,0.0003780476368333067
523,,0.10573037534736,0.0003778450120960231
524,,0.1057301556155471,0.0003775641194713687
525,,0.10572851920313202,0.00037680636629095426
526,,0.10572684891588278,0.0003763797078511582
527,,0.10572517579754986,0.0003755846032378989
528,,0.10572517579754986,0.0003755846032378989
529,,0.10572412535437314,0.00037522380962202534
530,,0.10572307472556114,0.0003752555670662308
531,,0.10571982132983171,0.00036799866238383655
532,,0.10571851746564319,0.0003672624813677785
533,,0.10571830056491395,0.0003673354415004248
534,,0.10571790063828965,0.00036713378547564607
535,,0.10571724993610196,0.00036735122227370544
536,,0.10571703303537272,0.0003674234165261052
537,,0.10571514886411325,0.00036696942831776133
538,,0.10571493196338402,0.0003670404560501499
539,,0.10571493196338402,0.0003670404560501499
540,,0.1057114279777265,0.00035955566925062666
541,,0.10570996840537132,0.00035754466632731066
542,,0.10570913184620488,0.0003570878043456048
543,,0.10570845107178982,0.00035662891767800607
544,,0.10570753359197131,0.00035301981110091754
545,,0.10570731669124207,0.00035308896693496845
546,,0.10570706610131399,0.000353097612216034
547,,0.10570706610131399,0.000353097612216034
548,,0.10570561554587769,0.000352856875741904
549,,0.10570456208598199,0.00035245118824068605
550,,0.10570372835789922,0.0003523597382036737
551,,0.10570134282384139,0.0003494129206477143
552,,0.10570050909575862,0.00034931299167329996
553,,0.10570013667249802,0.00034768729069267746
554,,0.10570013667249802,0.00034768729069267746
555,,0.10569991977176878,0.00034775289338298033
556,,0.10569886914295677,0.00034771402904998865
557,,0.10569759896796714,0.00034691842774402904
558,,0.10569716535214396,0.0003466185623410959
559,,0.10569524395399196,0.0003424308133064523
560,,0.10569267487037125,0.00033833098617140194
561,,0.10569205804301769,0.00033814414320179024
562,,0.1056916581163934,0.0003378940089297941
563,,0.10569133279164841,0.00033608006228398276
564,,0.10569133279164841,0.00033608006228398276
565,,0.10569133279164841,0.00033608006228398276
566,,0.1056909328650241,0.00033582752695262625
567,,0.10568994361440996,0.0003339324451106633
568,,0.10568839463951855,0.0003312698263137574
569,,0.10568839463951855,0.0003312698263137574
570,,0.10568839463951855,0.0003312698263137574
571,,0.10568836095031968,0.0003312035706852839
572,,0.10568399283617724,0.00030760295110675247
573,,0.10568222696055664,0.00030474236303068005
574,,0.10568462044919691,0.0003295519480183128
575,,0.10568183144812798,0.0003253035223491853
576,,0.1056803060833793,0.0003039483599968119
577,,0.10568183144812798,0.0003253035223491853
578,,0.10567801896877653,0.0003029166202754232
579,,0.10568081469415015,0.0003248150805217065
580,,0.1056771487204112,0.0003022149685090034
581,,0.10567653189305766,0.00030197406951736164
582,,0.10567631499232842,0.0003020326499240582
583,,0.10567522784323385,0.0003013819429875223
584,,0.10567244521363539,0.0002978487662497372
585,,0.10567629138218573,0.0003207257365917414
586,,0.10567157496527005,0.0002971188227051645
587,,0.10567135806454082,0.0002971747422687055
588,,0.10567074123718728,0.000296917724702616
589,,0.10566740315843315,0.000290930441594863
590,,0.10566489981115074,0.0002833117677804749
591,,0.10566402673170171,0.0002820404734236124
592,,0.10566293958260715,0.00028129604377767744
593,,0.10566253965598285,0.0002809538635413185
594,,0.10566213972935856,0.0002806106960719868
595,,0.10566068917392224,0.0002800751280808965
596,,0.10566028924729792,0.0002797282369848529
597,,0.10566025555809905,0.0002796463843483286
598,,0.1056589851974741,0.0002790130122880121
599,,0.10565746991178158,0.0002757302115895907
600,,0.10565746991178158,0.0002757302115895907
601,,0.10565746991178158,0.0002757302115895907
602,,0.10565725301105236,0.00027577937455008146
603,,0.10565456880090898,0.00027458200101800734
604,,0.1056533351462019,0.0002739483630596887
605,,0.10565250141811912,0.00027367468271872537
606,,0.10565101434240025,0.00027249183239688414
607,,0.10565101434240025,0.00027249183239688414
608,,0.105650797441671,0.00027253644184143966
609,,0.105650797441671,0.00027253644184143966
610,,0.1056493468862347,0.00027192447759807783
611,,0.10564829342633902,0.0002711793378896827
612,,0.10564745686717257,0.0002703859377879027
613,,0.10564745686717257,0.0002703859377879027
614,,0.10564705694054825,0.00027000700110742796
615,,0.10564705694054825,0.00027000700110742796
616,,0.10564665701392395,0.0002696269386726777
617,,0.10564604018657042,0.000269287061127607
618,,0.10564560638511195,0.0002693691489832223
619,,0.10564476982594552,0.00026856203145858874
620,,0.10564476982594552,0.00026856203145858874
621,,0.1056424460054249,0.00026704938175138446
622,,0.10564182917807137,0.0002666964802843935
623,,0.10564142925144707,0.00026630384256382233
624,,0.10564102932482275,0.00026591002359787144
625,,0.10564041249746921,0.00026555231736404505
626,,0.1056397617952815,0.00026566312111435175
627,,0.1056397617952815,0.00026566312111435175
628,,0.1056395083742697,0.00026509941438421735
629,,0.10563904088361237,0.0002650830698522928
630,,0.10563882115179944,0.0002646067022848454
631,,0.10563820432444591,0.0002642420772295937
632,,0.10563573135286439,0.0002617288905668221
633,,0.10563551445213513,0.00026176267072057876
634,,0.1056348976247816,0.00026138627535070416
635,,0.10563349798658639,0.0002580039705314575
636,,0.10563266142741994,0.00025712179282134126
637,,0.10563182486825347,0.0002562338467393532
638,,0.10563160796752424,0.000256265044829675
639,,0.10563160796752424,0.000256265044829675
640,,0.1056309911401707,0.00025587114551541565
641,,0.10563037148173349,0.0002549432444384864
642,,0.10563133390622588,0.00026750522554934084
643,,0.10563068037295448,0.000267085377760069
644,,0.105628416729722,0.0002540915188966769
645,,0.10562779990236845,0.00025368648563827724
646,,0.10562962691305879,0.0002662528534086955
647,,0.10562937349204701,0.0002656807308607349
648,,0.1056227247582199,0.00024367529248181156
649,,0.10562167129832421,0.0002427279737875164
650,,0.105621051639887,0.0002417257408700542
651,,0.105621051639887,0.0002417257408700542
652,,0.10562557135397174,0.0002581344986633929
653,,0.10562557135397174,0.0002581344986633929
654,,0.10562535445324249,0.0002581602130524652
655,,0.10562408126153387,0.00025677354337782626
656,,0.10561656201712143,0.00023515861468099375
657,,0.10562302780163818,0.00025588030740051216
658,,0.1056221940735554,0.0002554883987286683
659,,0.10562049009710732,0.0002540655743162686
660,,0.10562049009710732,0.0002540655743162686
661,,0.10561987326975378,0.00025364122367095327
662,,0.10561925361131656,0.0002526778711290996
663,,0.10561863678396301,0.000252248162440207
664,,0.10561801995660948,0.00025181620956288747
665,,0.10561700037154796,0.0002503847583592655
666,,0.1056165665700895,0.0002504227412269292
667,,0.1056165665700895,0.0002504227412269292
668,,0.10561612993754735,0.00024991722679074607
669,,0.10561485976255773,0.00024838635876038806
670,,0.10561442596109927,0.00024842090919369495
671,,0.1056143922719004,0.0002483225153753115
672,,0.10561185121531118,0.00024075607572096187
673,,0.10561101465614474,0.00023973493262424743
674,,0.10561018092806197,0.0002392747305847198
675,,0.10561018092806197,0.0002392747305847198
676,,0.10560956410070846,0.00023879747283862636
677,,0.10560851064081275,0.00023777242413121236
678,,0.10560829374008351,0.0002377847785668281
679,,0.10560829374008351,0.0002377847785668281
680,,0.10560785993862504,0.00023780889202088755
681,,0.1056076430378958,0.00023782065109970255
682,,0.10560680647872935,0.0002367719815233628
683,,0.10560640655210504,0.0002362703582399382
684,,0.10560556999293859,0.00023521037932199557
685,,0.10560535309220935,0.00023522015671345592
686,,0.10560513619148013,0.00023522973369868833
687,,0.10560473626485582,0.00023472196867699126
688,,0.10560451936412657,0.00023473099601597133
689,,0.10560451936412657,0.00023473099601597133
690,,0.10560386601649048,0.00023354284965468092
691,,0.10560284643142896,0.00023193646576815467
692,,0.10560244650480466,0.00023141751801593056
693,,0.10560222960407543,0.00023142452820401578
694,,0.10560114245498087,0.0002302250691556408
695,,0.10560052562762734,0.00022970474189833908
696,,0.10559867231448304,0.0002275304090115773
697,,0.10559867231448304,0.0002275304090115773
698,,0.10559783575531657,0.00022640094321399714
699,,0.10559783575531657,0.00022640094321399714
700,,0.10559638236879658,0.0002247195187806909
701,,0.10559638236879658,0.0002247195187806909
702,,0.10559616546806735,0.00022472088487672534
703,,0.10559594856733812,0.00022472204161291996
704,,0.10559594856733812,0.00022472204161291996
705,,0.10559533173998457,0.00022417465179097164
706,,0.10559511483925534,0.0002241750046727904
707,,0.10559511483925534,0.0002241750046727904
708,,0.10559428111117257,0.0002236235212324059
709,,0.10559428111117257,0.0002236235212324059
710,,0.10559236589885573,0.00021849887400022185
711,,0.1055910957238661,0.00021660690648184403
712,,0.10559005755476222,0.00020930833929773496
713,,0.10558862841445196,0.00021425954673422458
714,,0.10558692160692018,0.00021165069608309356
715,,0.10558860699932592,0.00020808790723792322
716,,0.1055862709047325,0.00021162529276118938
717,,0.10558543434556603,0.00021036115509633327
718,,0.10558591712701518,0.0002042781843461593
719,,0.10558478364337832,0.00021033099493139633
720,,0.10558464676639025,0.00020294547079244754
721,,0.1055845667426491,0.00021032049320877304
722,,0.1055845667426491,0.00021032049320877304
723,,0.10558185847193127,0.00020002500503216966
724,,0.10558185847193127,0.00020002500503216966
725,,0.10558286258056573,0.0002089936526645993
726,,0.10558015166439948,0.00019716935980535705
727,,0.10557993476367025,0.00019715306115190872
728,,0.10557993476367025,0.00019715306115190872
729,,0.10557993476367025,0.00019715306115190872
730,,0.10557993476367025,0.00019715306115190872
731,,0.10557971786294103,0.00019713652250465789
732,,0.10557950096221179,0.00019711974380319703
733,,0.10557928406148255,0.00019710272498622107
734,,0.10557906716075331,0.00019708546599152635
735,,0.10557801370085763,0.00019567810031234615
736,,0.10557779680012841,0.0001956593073831652
737,,0.10557763198700514,0.00020238231215750633
738,,0.1055763462446921,0.00019426165601108252
739,,0.1055759463180678,0.00019358703011139157
740,,0.10557572658625487,0.00019286234322062548
741,,0.10557312415146777,0.00018576275431775815
742,,0.10557185662192654,0.00018494434442734167
743,,0.10557080316203087,0.00018340244421885508
744,,0.10557058626130164,0.00018337386462362145
745,,0.10557036936057242,0.00018334502397584067
746,,0.10556953280140595,0.00018181128592265804
747,,0.10556808224596965,0.00018023982729356404
748,,0.10556808224596965,0.00018023982729356404
749,,0.10556808224596965,0.00018023982729356404
750,,0.10556743154378194,0.00018014195818810425
751,,0.10556721181196901,0.000179352525411452
752,,0.10556681188534471,0.00017860114612442546
753,,0.10556659498461546,0.00017856695006877066
754,,0.10556659498461546,0.00017856695006877066
755,,0.10556594428242776,0.00017846274088856786
756,,0.10556594428242776,0.00017846274088856786
757,,0.10556532745507421,0.00017766883091041184
758,,0.10556532745507421,0.00017766883091041184
759,,0.10556511055434498,0.00017763264280238776
760,,0.10556511055434498,0.00017763264280238776
761,,0.10556427682626221,0.000176794715666021
762,,0.10556427682626221,0.000176794715666021
763,,0.10556384302480375,0.0001767191288195224
764,,0.10556362612407451,0.00017668092385598054
765,,0.1055621727375545,0.0001742360016002401
766,,0.10556195583682526,0.0001741951722765759
767,,0.10556195583682526,0.0001741951722765759
768,,0.10556195583682526,0.0001741951722765759
769,,0.10556130513463753,0.00017407100524162878
770,,0.1055610882339083,0.000174029055876447
771,,0.1055610882339083,0.000174029055876447
772,,0.10556021798554298,0.00017221499086697158
773,,0.10555805218329803,0.00016490369293088502
774,,0.1055561621642359,0.00016128783066635054
775,,0.10555594526350666,0.00016123563724069413
776,,0.10555511153542388,0.00016026435565703344
777,,0.10555449470807034,0.00015933789071167194
778,,0.10555449470807034,0.00015933789071167194
779,,0.1055538778807168,0.00015840360534646032
780,,0.10555322717852908,0.0001582338343108034
781,,0.10555199352382201,0.00015633405106305447
782,,0.10555537045731228,0.00015861053748900616
783,,0.10555177662309276,0.00015627441746763842
784,,0.105550540137302,0.0001534553928411227
785,,0.10555330024343873,0.00015484755993357358
786,,0.10554858273984213,0.0001491109626226461
787,,0.10554858273984213,0.0001491109626226461
788,,0.10554774901175935,0.00014801869971907365
789,,0.10554734908513504,0.0001470544426668005
790,,0.10555246651535595,0.00015382161532149135
791,,0.10554691528367659,0.00014691358532745166
792,,0.10554629845632306,0.00014586771380774635
793,,0.1055458618237809,0.0001447863880493469
794,,0.10555054828362703,0.00015247323851876545
795,,0.10554542802232243,0.00014463886150620136
796,,0.10554964699151123,0.00015204344556990414
797,,0.10554921035896908,0.0001510160313758417
798,,0.10554815973015708,0.00014987372542176505
799,,0.10554815973015708,0.00014987372542176505
800,,0.10554775980353279,0.00014892258300124042
801,,0.10554754290280356,0.00014885381139490244
802,,0.10554710910134509,0.00014871522373074937
803,,0.10554667529988662,0.00014857524021307783
804,,0.10554184233442795,0.00014075866225311508
805,,0.10554624149842814,0.00014843385689272508
806,,0.10554580769696965,0.00014829106976590155
807,,0.10554580769696965,0.00014829106976590155
808,,0.10554497396888687,0.00014717700364609058
809,,0.10554435714153333,0.0001461248229009889
810,,0.10554330368163764,0.00014396725557620538
811,,0.10554308394982473,0.00014294114394387695
812,,0.1055424671224712,0.0001418493301594184
813,,0.1055424671224712,0.0001418493301594184
814,,0.10554185029511766,0.00014074634400011637
815,,0.10554123346776412,0.00013963192070638549
816,,0.10554021671378627,0.00013745406887417266
817,,0.10553912956469172,0.00013492611588672554
818,,0.10553912956469172,0.00013492611588672554
819,,0.1055387296380674,0.00013384183238830002
820,,0.1055376790092554,0.00013246850660307043
821,,0.10553684528117263,0.00013116851772100938
822,,0.10553662838044339,0.00013107237216300168
823,,0.10553662838044339,0.00013107237216300168
824,,0.10553662838044339,0.00013107237216300168
825,,0.10553619174790124,0.00012983539747574973
826,,0.10553597484717202,0.00012973717137855796
827,,0.10553535801981849,0.00012849912565480838
828,,0.10553452429173571,0.00012714334408604544
829,,0.10553369056365294,0.0001257674218217216
830,,0.1055330737362994,0.0001244785846292773
831,,0.10553285683557018,0.00012437069040956223
832,,0.1055320231074874,0.00012295244068007553
833,,0.10553180620675816,0.00012284135096342585
834,,0.10553158930602893,0.0001227297773647413
835,,0.10553115550457047,0.00012250517322709157
836,,0.10553115550457047,0.00012250517322709157
837,,0.10553093577275754,0.00012127563126736699
838,,0.10553093577275754,0.00012127563126736699
839,,0.10553028507056984,0.000120930417652308
840,,0.10553006816984062,0.00012081434843570546
841,,0.10553006816984062,0.00012081434843570546
842,,0.10552945134248708,0.00011945338691050965
843,,0.10552923444175785,0.000119334365738944
844,,0.10552901754102863,0.00011921483110916825
845,,0.10552756698559232,0.00011629999289752375
846,,0.10552735008486308,0.00011617422310099173
847,,0.10552673325750955,0.00011474363507942428
848,,0.10552673325750955,0.00011474363507942428
849,,0.10552651635678031,0.00011461457971801297
850,,0.10552586565459261,0.00011422406756419883
851,,0.10552586565459261,0.00011422406756419883
852,,0.10552674175076042,0.00011824696496423073
853,,0.1055252149524049,0.00011382849604211789
854,,0.10552499805167566,0.00011369550545618921
855,,0.1055246715368869,0.00011262448156201986
856,,0.10552376439696858,0.00011072220721963021
857,,0.10552376439696858,0.00011072220721963021
858,,0.10552354749623935,0.00011058263592558637
859,,0.1055233305955101,0.00011044246227362987
860,,0.1055229306688858,0.00010905723252043931
861,,0.10552231384153225,0.0001075066491423456
862,,0.10552257027926287,0.00010904826963287522
863,,0.10552188004007378,0.00010721264573343545
864,,0.10552188004007378,0.00010721264573343545
865,,0.10552086894826317,0.0001067519192807429
866,,0.1055214462386153,0.00010691607378266442
867,,0.10552021824607549,0.00010629797004149544
868,,0.10552021824607549,0.00010629797004149544
869,,0.10551978444461703,0.00010599203784039412
870,,0.10551978444461703,0.00010599203784039412
871,,0.1055195618817205,0.0001032349484977079
872,,0.10551916761726349,0.00010437734608610835
873,,0.10551895071653425,0.00010421971254471522
874,,0.10551895071653425,0.00010421971254471522
875,,0.10551851691507577,0.00010390236966110394
876,,0.10551764931215885,0.00010325929108578936
877,,0.10551746062409646,9.921306592574385e-05
878,,0.10551764931215885,0.00010325929108578936
879,,0.10551659868334684,0.00010125440802552022
880,,0.10551659868334684,0.00010125440802552022
881,,0.10551594798115914,0.00010074812141163164
882,,0.10551533115380561,9.902408488438186e-05
883,,0.10551489735234713,9.867412519144816e-05
884,,0.10551446355088866,9.832100594478872e-05
885,,0.10551402974943021,9.796469297804212e-05
886,,0.10551402974943021,9.796469297804212e-05
887,,0.10551402974943021,9.796469297804212e-05
888,,0.1055136298228059,9.636173644287079e-05
889,,0.10551341292207667,9.617848020163765e-05
890,,0.10551276221988896,9.562365247999716e-05
891,,0.10551276221988896,9.562365247999716e-05
892,,0.10551276221988896,9.562365247999716e-05
893,,0.10551254531915974,9.543700723417543e-05
894,,0.1055119284918062,9.359278849911631e-05
895,,0.10551171159107697,9.34001489441149e-05
896,,0.10551109193263974,9.000987413760125e-05
897,,0.10551109193263974,9.000987413760125e-05
898,,0.1055108750319105,8.980752922457478e-05
899,,0.10551044123045204,8.939988677944105e-05
900,,0.10551044123045204,8.939988677944105e-05
901,,0.1055098244030985,8.741356729056878e-05
902,,0.10550899067501573,8.51584418080051e-05
903,,0.10550899067501573,8.51584418080051e-05
904,,0.10550899067501573,8.51584418080051e-05
905,,0.10550833732737963,8.106019651424457e-05
906,,0.10550812042665039,8.082806053781493e-05
907,,0.10550812042665039,8.082806053781493e-05
908,,0.10550790352592117,8.059467221739116e-05
909,,0.1055074697244627,8.012409471138363e-05
910,,0.1055074697244627,8.012409471138363e-05
911,,0.10550663599637992,7.763229157131889e-05
912,,0.10550663599637992,7.763229157131889e-05
913,,0.10550663599637992,7.763229157131889e-05
914,,0.10550663599637992,7.763229157131889e-05
915,,0.10550663599637992,7.763229157131889e-05
916,,0.10550663599637992,7.763229157131889e-05
917,,0.10550576556237931,7.483806460326687e-05
918,,0.10550492900321286,7.023241407342364e-05
919,,0.10550471210248362,6.995379447866378e-05
920,,0.10550471210248362,6.995379447866378e-05
921,,0.10550471210248362,6.995379447866378e-05
922,,0.10550471210248362,6.995379447866378e-05
923,,0.10550449520175438,6.967338548895657e-05
924,,0.10550427830102514,6.93911654115254e-05
925,,0.10550427830102514,6.93911654115254e-05
926,,0.10550427830102514,6.93911654115254e-05
927,,0.10550402469437814,6.887754655447088e-05
928,,0.10550384449956667,6.882120272826905e-05
929,,0.1055034106981082,6.824372268092218e-05
930,,0.1055034106981082,6.824372268092218e-05
931,,0.1055034106981082,6.824372268092218e-05
932,,0.10550275716483691,6.53112153999325e-05
933,,0.10550275999592051,6.736298395285917e-05
934,,0.10550232336337842,6.469512518434613e-05
935,,0.10550192343675406,6.216589910641017e-05
936,,0.10550192343675406,6.216589910641017e-05
937,,0.10550083893310794,6.051318760837626e-05
938,,0.10550148963529558,6.15124380299926e-05
939,,0.10549997133019103,5.9143467191506706e-05
940,,0.10550000520502512,5.7076189973536367e-05
941,,0.10549953752873256,5.84417408944146e-05
942,,0.10549932062800332,5.80864840101327e-05
943,,0.10549932062800332,5.80864840101327e-05
944,,0.10549848689992056,5.4473420168190535e-05
945,,0.1054982699991913,5.408789408360055e-05
946,,0.1054982699991913,5.408789408360055e-05
947,,0.1054982699991913,5.408789408360055e-05
948,,0.10549870380064971,5.4855379238402694e-05
949,,0.10549783619773286,5.330583058163413e-05
950,,0.1054976192970036,5.290913040315825e-05
951,,0.10549718549554514,5.2103961620028566e-05
952,,0.1054965686681916,4.844854803834431e-05
953,,0.10549635176746237,4.800600438362533e-05
954,,0.10549591796600388,4.7105450651027736e-05
955,,0.10549570106527464,4.6647141984641115e-05
956,,0.1054954841645454,4.618326685912814e-05
957,,0.1054954841645454,4.618326685912814e-05
958,,0.10549461656162848,4.426857066858318e-05
959,,0.10549461656162848,4.426857066858318e-05
960,,0.10549461656162848,4.426857066858318e-05
961,,0.10549461656162848,4.426857066858318e-05
962,,0.10549461656162848,4.426857066858318e-05
963,,0.10549418276016999,4.3272946555003725e-05
964,,0.10549396585944075,4.2764793265367496e-05
965,,0.10549353205798227,4.172654486566559e-05
966,,0.10549353205798227,4.172654486566559e-05
967,,0.10549331515725305,4.1195896765888884e-05
968,,0.10549288135579458,4.011002820525652e-05
969,,0.10549288135579458,4.011002820525652e-05
970,,0.10549288135579458,4.011002820525652e-05
971,,0.10549288135579458,4.011002820525652e-05
972,,0.10549288135579458,4.011002820525652e-05
973,,0.10549288135579458,4.011002820525652e-05
974,,0.10549266445506535,3.9554133171993575e-05
975,,0.10549244755433611,3.8989106779925724e-05
976,,0.10549223065360687,3.841454610108542e-05
977,,0.10549223065360687,3.841454610108542e-05
978,,0.10549157995141915,3.662913478372424e-05
979,,0.1054911461499607,3.53822059465213e-05
980,,0.1054911461499607,3.53822059465213e-05
981,,0.1054911461499607,3.53822059465213e-05
982,,0.1054911461499607,3.53822059465213e-05
983,,0.10549092924923147,3.473993165194674e-05
984,,0.10549092924923147,3.473993165194674e-05
985,,0.10549071234850224,3.408417686946737e-05
986,,0.105490495447773,3.3414147942206414e-05
987,,0.105490495447773,3.3414147942206414e-05
988,,0.10549006164631454,3.20276653350609e-05
989,,0.10548984474558531,3.130915586679306e-05
990,,0.10548962784485608,3.05722266692327e-05
991,,0.10548941094412684,2.981551197088628e-05
992,,0.1054891940433976,2.9037464985850652e-05
993,,0.10548836031531483,2.048420408580829e-05
994,,0.10548836031531483,2.048420408580829e-05
995,,0.10548814341458561,1.9322434407613863e-05
996,,0.10548705891093947,1.18623086152657e-05
997,,0.10548684201021023,9.690390548126452e-06
998,,0.10548705891093947,1.1862308615265704e-05
999,,0.10548640820875177,2.7755575615628914e-17
