,N,J,w_xray,r_free_7mhf,rmsd,r_work_7mhf,xray_7mhf,r_free_7mhg,r_work_7mhg,xray_7mhg,ff,pdb,w_0_7mhf,w_0_7mhg,w_1_7mhf,w_1_7mhg,w_2_7mhf,w_2_7mhg,cif_0,cif_1,r_free_7mhh,r_work_7mhh,xray_7mhh,w_0_7mhh,w_1_7mhh,w_2_7mhh,r_free_7mhi,r_work_7mhi,xray_7mhi,w_0_7mhi,w_1_7mhi,w_2_7mhi,r_free_7mhj,r_work_7mhj,xray_7mhj,w_0_7mhj,w_1_7mhj,w_2_7mhj,r_free_7mhk,r_work_7mhk,xray_7mhk,w_0_7mhk,w_1_7mhk,w_2_7mhk
0,3.0,2.0,1.0,0.2234267934571387,0.1428559522503753,0.1849669459808776,5.139728037855989,,,,6915.861920835437,/wynton/group/sali/mhancock/xray/sample_bench/out/287_3_state_2_cond_phenix_ref/0/output_1193/pdbs/1_7mhf.pdb,0.3373568500081842,0.2284975541578384,0.2012421535518095,0.2034216868302336,0.4614009964400062,0.568080759011928,/wynton/home/sali/mhancock/xray/dev/38_standard_flags/data/7mhf.cif,/wynton/home/sali/mhancock/xray/dev/38_standard_flags/data/7mhg.cif,,,,,,,,,,,,,,,,,,,,,,,,
1,3.0,2.0,1.0,,0.3487213173762719,,,0.2281566814647573,0.1803756364092993,5.01355868644897,5470.796362056947,/wynton/group/sali/mhancock/xray/sample_bench/out/287_3_state_2_cond_phenix_ref/0/output_957/pdbs/3_7mhg.pdb,0.4590288741537376,0.3970717563664582,0.3365234859985973,0.3262715690641418,0.2044476398476651,0.2766566745694,/wynton/home/sali/mhancock/xray/dev/38_standard_flags/data/7mhf.cif,/wynton/home/sali/mhancock/xray/dev/38_standard_flags/data/7mhg.cif,,,,,,,,,,,,,,,,,,,,,,,,
2,3.0,2.0,1.0,0.2239957982718089,0.1444619095397976,0.1854178303987227,5.139973018007185,,,,5743.830448724211,/wynton/group/sali/mhancock/xray/sample_bench/out/287_3_state_2_cond_phenix_ref/1/output_992/pdbs/1_7mhf.pdb,0.4087750306145594,,0.3937841478382735,,0.1974408215471672,,/wynton/home/sali/mhancock/xray/dev/38_standard_flags/data/7mhf.cif,/wynton/home/sali/mhancock/xray/dev/38_standard_flags/data/7mhh.cif,,,,0.2283201208972388,0.2145391744566614,0.5571407046460998,,,,,,,,,,,,,,,,,,
3,3.0,2.0,1.0,,0.4753878941824671,,,,,,4304.096004114019,/wynton/group/sali/mhancock/xray/sample_bench/out/287_3_state_2_cond_phenix_ref/1/output_25/pdbs/6_7mhh.pdb,0.1342806673442088,,0.7188997192309957,,0.1468196134247954,,/wynton/home/sali/mhancock/xray/dev/38_standard_flags/data/7mhf.cif,/wynton/home/sali/mhancock/xray/dev/38_standard_flags/data/7mhh.cif,0.2527120510001744,0.1784865819768271,5.66063281349598,0.2092258770955037,0.188050919557362,0.6027232033471344,,,,,,,,,,,,,,,,,,
4,3.0,2.0,1.0,0.2246276930462488,0.2723234182923679,0.184306075049405,5.121823847982279,,,,6261.63534556197,/wynton/group/sali/mhancock/xray/sample_bench/out/287_3_state_2_cond_phenix_ref/2/output_1940/pdbs/2_7mhf.pdb,0.2839184550135373,,0.365330753023709,,0.3507507919627537,,/wynton/home/sali/mhancock/xray/dev/38_standard_flags/data/7mhf.cif,/wynton/home/sali/mhancock/xray/dev/38_standard_flags/data/7mhi.cif,,,,,,,,,,0.4721621728283629,0.4385692134836536,0.0892686136879834,,,,,,,,,,,,
5,3.0,2.0,1.0,,0.4299975870511374,,,,,,4798.442945430799,/wynton/group/sali/mhancock/xray/sample_bench/out/287_3_state_2_cond_phenix_ref/2/output_1622/pdbs/17_7mhi.pdb,0.3543057763949175,,0.3211707678258436,,0.3245234557792388,,/wynton/home/sali/mhancock/xray/dev/38_standard_flags/data/7mhf.cif,/wynton/home/sali/mhancock/xray/dev/38_standard_flags/data/7mhi.cif,,,,,,,0.2368162032843738,0.1808967976253358,5.101974393997208,0.4501737985731683,0.1292780777285639,0.4205481236982678,,,,,,,,,,,,
6,3.0,2.0,1.0,0.2250361926412623,0.1454125222699393,0.1849805220566037,5.133691848454362,,,,6397.642049293796,/wynton/group/sali/mhancock/xray/sample_bench/out/287_3_state_2_cond_phenix_ref/3/output_479/pdbs/1_7mhf.pdb,0.4703588534039302,,0.0357915313804291,,0.4938496152156404,,/wynton/home/sali/mhancock/xray/dev/38_standard_flags/data/7mhf.cif,/wynton/home/sali/mhancock/xray/dev/38_standard_flags/data/7mhj.cif,,,,,,,,,,,,,,,,0.1553255500014244,0.4024803834807404,0.4421940665178352,,,,,,
7,3.0,2.0,1.0,,0.4146342551871208,,,,,,4476.778052017466,/wynton/group/sali/mhancock/xray/sample_bench/out/287_3_state_2_cond_phenix_ref/3/output_1069/pdbs/9_7mhj.pdb,0.2730343573021325,,0.2967942563496831,,0.4301713863481842,,/wynton/home/sali/mhancock/xray/dev/38_standard_flags/data/7mhf.cif,/wynton/home/sali/mhancock/xray/dev/38_standard_flags/data/7mhj.cif,,,,,,,,,,,,,0.2488818131751406,0.1846354318469963,5.194782006736086,0.6368387215556258,0.0755934905069271,0.2875677879374469,,,,,,
8,3.0,2.0,1.0,0.2243665583589533,0.1735233789212717,0.1839401102529656,5.134603515479218,,,,6472.338417880796,/wynton/group/sali/mhancock/xray/sample_bench/out/287_3_state_2_cond_phenix_ref/4/output_837/pdbs/1_7mhf.pdb,0.4536136758234795,,0.0251866894663271,,0.5211996347101934,,/wynton/home/sali/mhancock/xray/dev/38_standard_flags/data/7mhf.cif,/wynton/home/sali/mhancock/xray/dev/38_standard_flags/data/7mhk.cif,,,,,,,,,,,,,,,,,,,,,,0.6579142104332573,0.0404126396152753,0.3016731499514674
9,3.0,2.0,1.0,,0.3886650859670879,,,,,,3747.560971164511,/wynton/group/sali/mhancock/xray/sample_bench/out/287_3_state_2_cond_phenix_ref/4/output_1144/pdbs/7_7mhk.pdb,0.3367183251645853,,0.179538130549839,,0.4837435442855756,,/wynton/home/sali/mhancock/xray/dev/38_standard_flags/data/7mhf.cif,/wynton/home/sali/mhancock/xray/dev/38_standard_flags/data/7mhk.cif,,,,,,,,,,,,,,,,,,,0.2604013167395788,0.1926727695696956,5.096306187103032,0.3503197353447619,0.3039348731177576,0.3457453915374805
10,3.0,2.0,1.0,,0.312875162602142,,,0.2290085882347699,0.1827665157762153,5.029739875385119,5207.290923535427,/wynton/group/sali/mhancock/xray/sample_bench/out/287_3_state_2_cond_phenix_ref/5/output_1072/pdbs/2_7mhg.pdb,,0.2802041298088577,,0.5773454941244287,,0.1424503760667135,/wynton/home/sali/mhancock/xray/dev/38_standard_flags/data/7mhg.cif,/wynton/home/sali/mhancock/xray/dev/38_standard_flags/data/7mhh.cif,,,,0.2290242891839864,0.2650790025384917,0.5058967082775218,,,,,,,,,,,,,,,,,,
11,3.0,2.0,1.0,,0.4632692491073233,,,,,,4619.675887981315,/wynton/group/sali/mhancock/xray/sample_bench/out/287_3_state_2_cond_phenix_ref/5/output_154/pdbs/12_7mhh.pdb,,0.1879318330420075,,0.2557720083076326,,0.55629615865036,/wynton/home/sali/mhancock/xray/dev/38_standard_flags/data/7mhg.cif,/wynton/home/sali/mhancock/xray/dev/38_standard_flags/data/7mhh.cif,0.2505538951949047,0.1764923114387592,5.640484565755965,0.3926128597387721,0.2606123552398934,0.3467747850213345,,,,,,,,,,,,,,,,,,
12,3.0,2.0,1.0,,0.3093471339779223,,,0.2277014656746221,0.1818834819362167,5.022211243344815,5336.840626069326,/wynton/group/sali/mhancock/xray/sample_bench/out/287_3_state_2_cond_phenix_ref/6/output_1991/pdbs/2_7mhg.pdb,,0.3980291777306732,,0.321009686189258,,0.2809611360800688,/wynton/home/sali/mhancock/xray/dev/38_standard_flags/data/7mhg.cif,/wynton/home/sali/mhancock/xray/dev/38_standard_flags/data/7mhi.cif,,,,,,,,,,0.388797564410383,0.5091256505027052,0.1020767850869119,,,,,,,,,,,,
13,3.0,2.0,1.0,,1.4690372351442995,,,,,,4240.456639372204,/wynton/group/sali/mhancock/xray/sample_bench/out/287_3_state_2_cond_phenix_ref/6/output_989/pdbs/134_7mhi.pdb,,0.4328313078633183,,0.3207739284489816,,0.2463947636876999,/wynton/home/sali/mhancock/xray/dev/38_standard_flags/data/7mhg.cif,/wynton/home/sali/mhancock/xray/dev/38_standard_flags/data/7mhi.cif,,,,,,,0.2343966274272309,0.1750268971596337,5.081672351895437,0.2187092073538218,0.3041094000803934,0.4771813925657848,,,,,,,,,,,,
14,3.0,2.0,1.0,,0.3131496646622961,,,0.2292216429050861,0.1823591043603695,5.031692733077037,4622.953976373618,/wynton/group/sali/mhancock/xray/sample_bench/out/287_3_state_2_cond_phenix_ref/7/output_1741/pdbs/2_7mhg.pdb,,0.4486639846268543,,0.1701721355926825,,0.3811638797804631,/wynton/home/sali/mhancock/xray/dev/38_standard_flags/data/7mhg.cif,/wynton/home/sali/mhancock/xray/dev/38_standard_flags/data/7mhj.cif,,,,,,,,,,,,,,,,0.5071823730660663,0.2650236848160426,0.227793942117891,,,,,,
15,3.0,2.0,1.0,,0.4652389664474156,,,,,,4141.043519774363,/wynton/group/sali/mhancock/xray/sample_bench/out/287_3_state_2_cond_phenix_ref/7/output_1307/pdbs/24_7mhj.pdb,,0.3029110528095396,,0.4237272374402972,,0.2733617097501631,/wynton/home/sali/mhancock/xray/dev/38_standard_flags/data/7mhg.cif,/wynton/home/sali/mhancock/xray/dev/38_standard_flags/data/7mhj.cif,,,,,,,,,,,,,0.2430778699031568,0.1845491367977927,5.197286632552829,0.0303304666564136,0.4350185788536281,0.5346509544899581,,,,,,
16,3.0,2.0,1.0,,0.3285044517451773,,,0.230064268771881,0.1818060909413572,5.02665464091222,5418.88639712983,/wynton/group/sali/mhancock/xray/sample_bench/out/287_3_state_2_cond_phenix_ref/8/output_1918/pdbs/2_7mhg.pdb,,0.1896576842860213,,0.4206821781966621,,0.3896601375173166,/wynton/home/sali/mhancock/xray/dev/38_standard_flags/data/7mhg.cif,/wynton/home/sali/mhancock/xray/dev/38_standard_flags/data/7mhk.cif,,,,,,,,,,,,,,,,,,,,,,0.1162276216409713,0.4065905901290331,0.4771817882299955
17,3.0,2.0,1.0,,0.4221566582307111,,,,,,3604.62443389879,/wynton/group/sali/mhancock/xray/sample_bench/out/287_3_state_2_cond_phenix_ref/8/output_537/pdbs/8_7mhk.pdb,,0.4720497877948605,,0.3513874499181845,,0.176562762286955,/wynton/home/sali/mhancock/xray/dev/38_standard_flags/data/7mhg.cif,/wynton/home/sali/mhancock/xray/dev/38_standard_flags/data/7mhk.cif,,,,,,,,,,,,,,,,,,,0.2570009755180316,0.1903307358310333,5.088430659725822,0.4043795735501387,0.1481668818935861,0.4474535445562752
18,3.0,2.0,1.0,,0.5587079677072511,,,,,,3870.358671227896,/wynton/group/sali/mhancock/xray/sample_bench/out/287_3_state_2_cond_phenix_ref/9/output_482/pdbs/3_7mhh.pdb,,,,,,,/wynton/home/sali/mhancock/xray/dev/38_standard_flags/data/7mhh.cif,/wynton/home/sali/mhancock/xray/dev/38_standard_flags/data/7mhi.cif,0.2531559718571434,0.1776613339538404,5.6437478433356,0.3392130838970495,0.2302090287348018,0.4305778873681486,,,,0.4000570995270951,0.2719773794649249,0.3279655210079799,,,,,,,,,,,,
19,3.0,2.0,1.0,,0.6607017043907081,,,,,,4043.595751353576,/wynton/group/sali/mhancock/xray/sample_bench/out/287_3_state_2_cond_phenix_ref/9/output_1784/pdbs/4_7mhi.pdb,,,,,,,/wynton/home/sali/mhancock/xray/dev/38_standard_flags/data/7mhh.cif,/wynton/home/sali/mhancock/xray/dev/38_standard_flags/data/7mhi.cif,,,,0.3519946465277556,0.2101427982080274,0.437862555264217,0.2369649375650008,0.178565144572024,5.098894104008595,0.3562750710918203,0.3256061326254119,0.3181187962827678,,,,,,,,,,,,
20,3.0,2.0,1.0,,0.7155199819880548,,,,,,4521.507864674818,/wynton/group/sali/mhancock/xray/sample_bench/out/287_3_state_2_cond_phenix_ref/10/output_1358/pdbs/7_7mhh.pdb,,,,,,,/wynton/home/sali/mhancock/xray/dev/38_standard_flags/data/7mhh.cif,/wynton/home/sali/mhancock/xray/dev/38_standard_flags/data/7mhj.cif,0.251059034814344,0.1749858605431991,5.635529228721246,0.3524069752418183,0.569095258263093,0.0784977664950886,,,,,,,,,,0.5243325449293764,0.117748374421274,0.3579190806493497,,,,,,
21,3.0,2.0,1.0,,0.7210316917575121,,,,,,4697.017549282337,/wynton/group/sali/mhancock/xray/sample_bench/out/287_3_state_2_cond_phenix_ref/10/output_1362/pdbs/5_7mhj.pdb,,,,,,,/wynton/home/sali/mhancock/xray/dev/38_standard_flags/data/7mhh.cif,/wynton/home/sali/mhancock/xray/dev/38_standard_flags/data/7mhj.cif,,,,0.10404247616019,0.2180429887326904,0.6779145351071195,,,,,,,0.2486082765330663,0.1786557924129019,5.185430093531,0.3456162764608197,0.1896968013391427,0.4646869222000375,,,,,,
22,3.0,2.0,1.0,,0.6876439502792431,,,,,,4004.321699860403,/wynton/group/sali/mhancock/xray/sample_bench/out/287_3_state_2_cond_phenix_ref/11/output_1049/pdbs/5_7mhh.pdb,,,,,,,/wynton/home/sali/mhancock/xray/dev/38_standard_flags/data/7mhh.cif,/wynton/home/sali/mhancock/xray/dev/38_standard_flags/data/7mhk.cif,0.2492737859430581,0.1751190248925577,5.641905613505122,0.1968136234539426,0.5265050913643377,0.2766812851817197,,,,,,,,,,,,,,,,0.1075061219764987,0.4571021235897887,0.4353917544337126
23,3.0,2.0,1.0,,0.6323417313080295,,,,,,4369.146264127093,/wynton/group/sali/mhancock/xray/sample_bench/out/287_3_state_2_cond_phenix_ref/11/output_1015/pdbs/12_7mhk.pdb,,,,,,,/wynton/home/sali/mhancock/xray/dev/38_standard_flags/data/7mhh.cif,/wynton/home/sali/mhancock/xray/dev/38_standard_flags/data/7mhk.cif,,,,0.106998095631941,0.5816169687754461,0.3113849355926128,,,,,,,,,,,,,0.259394583174547,0.1903888330232163,5.0879444376809,0.2829872782227746,0.5033934345959217,0.2136192871813038
24,3.0,2.0,1.0,,0.5724309744145003,,,,,,3737.712829363073,/wynton/group/sali/mhancock/xray/sample_bench/out/287_3_state_2_cond_phenix_ref/12/output_1168/pdbs/3_7mhi.pdb,,,,,,,/wynton/home/sali/mhancock/xray/dev/38_standard_flags/data/7mhi.cif,/wynton/home/sali/mhancock/xray/dev/38_standard_flags/data/7mhj.cif,,,,,,,0.2378032392363321,0.1804584004214726,5.10022481454945,0.4277165636720147,0.3270817743131701,0.2452016620148151,,,,0.1237808342986393,0.6923496798210448,0.1838694858803159,,,,,,
25,3.0,2.0,1.0,,0.6810180382809754,,,,,,5181.314706725252,/wynton/group/sali/mhancock/xray/sample_bench/out/287_3_state_2_cond_phenix_ref/12/output_1761/pdbs/9_7mhj.pdb,,,,,,,/wynton/home/sali/mhancock/xray/dev/38_standard_flags/data/7mhi.cif,/wynton/home/sali/mhancock/xray/dev/38_standard_flags/data/7mhj.cif,,,,,,,,,,0.0368274610807766,0.4953916717415085,0.4677808671777148,0.2471504940631661,0.1792569612506361,5.172681091277627,0.3140043805697786,0.4279406359902653,0.2580549834399561,,,,,,
26,3.0,2.0,1.0,,0.6239769491804412,,,,,,4545.422014550008,/wynton/group/sali/mhancock/xray/sample_bench/out/287_3_state_2_cond_phenix_ref/13/output_1994/pdbs/8_7mhi.pdb,,,,,,,/wynton/home/sali/mhancock/xray/dev/38_standard_flags/data/7mhi.cif,/wynton/home/sali/mhancock/xray/dev/38_standard_flags/data/7mhk.cif,,,,,,,0.2366399600499834,0.1759896558861951,5.091784764406634,0.349101152670982,0.2689882522494791,0.381910595079539,,,,,,,,,,0.3280249627885949,0.0208897972230675,0.6510852399883374
27,3.0,2.0,1.0,,0.624345071871532,,,,,,3943.76302115488,/wynton/group/sali/mhancock/xray/sample_bench/out/287_3_state_2_cond_phenix_ref/13/output_618/pdbs/12_7mhk.pdb,,,,,,,/wynton/home/sali/mhancock/xray/dev/38_standard_flags/data/7mhi.cif,/wynton/home/sali/mhancock/xray/dev/38_standard_flags/data/7mhk.cif,,,,,,,,,,0.0237766517072551,0.8149860850520152,0.1612372632407296,,,,,,,0.259963952744266,0.1905801875211063,5.09086620522294,0.1654858180752612,0.55571668713288,0.2787974947918587
28,3.0,2.0,1.0,,0.6707558842073206,,,,,,4015.2387708966194,/wynton/group/sali/mhancock/xray/sample_bench/out/287_3_state_2_cond_phenix_ref/14/output_1938/pdbs/5_7mhj.pdb,,,,,,,/wynton/home/sali/mhancock/xray/dev/38_standard_flags/data/7mhj.cif,/wynton/home/sali/mhancock/xray/dev/38_standard_flags/data/7mhk.cif,,,,,,,,,,,,,0.2450902527142364,0.181314763517131,5.1900260097707855,0.6075666552647947,0.1379336038066202,0.254499740928585,,,,0.2501654391095474,0.164515482605993,0.5853190782844595
29,3.0,2.0,1.0,,0.6218459334724749,,,,,,4495.940726116002,/wynton/group/sali/mhancock/xray/sample_bench/out/287_3_state_2_cond_phenix_ref/14/output_1414/pdbs/9_7mhk.pdb,,,,,,,/wynton/home/sali/mhancock/xray/dev/38_standard_flags/data/7mhj.cif,/wynton/home/sali/mhancock/xray/dev/38_standard_flags/data/7mhk.cif,,,,,,,,,,,,,,,,0.3612690074070021,0.2692322359955701,0.3694987565974278,0.2597044578552562,0.1932485104989638,5.09761371458053,0.3803295554442749,0.3792658360466732,0.2404046085090517
30,3.0,1.0,1.0,0.2241842482021474,0.250717906113297,0.1852239358381404,5.131442312637774,,,,6890.715192938582,/wynton/group/sali/mhancock/xray/sample_bench/out/287_3_state_2_cond_phenix_ref/15/output_1144/pdbs/2_7mhf.pdb,0.4044404501471352,,0.2242872921949255,,0.3712722576579393,,/wynton/home/sali/mhancock/xray/dev/38_standard_flags/data/7mhf.cif,,,,,,,,,,,,,,,,,,,,,,,,,
31,3.0,1.0,1.0,,0.4346143414300996,,,0.2290927046182083,0.1816138069757491,5.027776665224502,5577.477628757599,/wynton/group/sali/mhancock/xray/sample_bench/out/287_3_state_2_cond_phenix_ref/16/output_672/pdbs/3_7mhg.pdb,,0.2820496407529143,,0.1420795015638461,,0.5758708576832395,/wynton/home/sali/mhancock/xray/dev/38_standard_flags/data/7mhg.cif,,,,,,,,,,,,,,,,,,,,,,,,,
32,3.0,1.0,1.0,,0.4584894255879574,,,,,,3517.205446553942,/wynton/group/sali/mhancock/xray/sample_bench/out/287_3_state_2_cond_phenix_ref/17/output_1339/pdbs/2_7mhh.pdb,,,,,,,/wynton/home/sali/mhancock/xray/dev/38_standard_flags/data/7mhh.cif,,0.2562347209090211,0.1790180391272118,5.6588320061599,0.2168909626653826,0.6348428022709763,0.1482662350636409,,,,,,,,,,,,,,,,,,
33,3.0,1.0,1.0,,0.6892094131466328,,,,,,4704.282552325434,/wynton/group/sali/mhancock/xray/sample_bench/out/287_3_state_2_cond_phenix_ref/18/output_498/pdbs/17_7mhi.pdb,,,,,,,/wynton/home/sali/mhancock/xray/dev/38_standard_flags/data/7mhi.cif,,,,,,,,0.238845368527093,0.1796428300544746,5.106565997866754,0.4679636105000346,0.0304185615863606,0.5016178279136047,,,,,,,,,,,,
34,3.0,1.0,1.0,,0.657005045457941,,,,,,4131.624082047082,/wynton/group/sali/mhancock/xray/sample_bench/out/287_3_state_2_cond_phenix_ref/19/output_1154/pdbs/4_7mhj.pdb,,,,,,,/wynton/home/sali/mhancock/xray/dev/38_standard_flags/data/7mhj.cif,,,,,,,,,,,,,,0.2492202854124925,0.1816423775921941,5.199456853559984,0.2269510734248108,0.4946298610565239,0.2784190655186652,,,,,,
35,3.0,1.0,1.0,,0.6079918412071933,,,,,,4097.583709536726,/wynton/group/sali/mhancock/xray/sample_bench/out/287_3_state_2_cond_phenix_ref/20/output_940/pdbs/5_7mhk.pdb,,,,,,,/wynton/home/sali/mhancock/xray/dev/38_standard_flags/data/7mhk.cif,,,,,,,,,,,,,,,,,,,,0.2610644702929952,0.1912513232948682,5.094965043113337,0.1137984183307976,0.4099283249239159,0.4762732567452863
