,N,J,w_xray,r_free_7mhf,rmsd,r_work_7mhf,xray_7mhf,r_free_7mhg,r_work_7mhg,xray_7mhg,r_free_7mhh,r_work_7mhh,xray_7mhh,ff,pdb,w_0_7mhf,w_0_7mhg,w_0_7mhh,w_1_7mhf,w_1_7mhg,w_1_7mhh,cif_0,cif_1,cif_2,r_free_7mhi,r_work_7mhi,xray_7mhi,w_0_7mhi,w_1_7mhi,r_free_7mhj,r_work_7mhj,xray_7mhj,w_0_7mhj,w_1_7mhj,r_free_7mhk,r_work_7mhk,xray_7mhk,w_0_7mhk,w_1_7mhk
0,2.0,3.0,1.0,0.2314178002920495,0.3589556985473903,0.1911521445041894,5.155085143242992,,,,,,,4051.8482064911113,/wynton/group/sali/mhancock/xray/sample_bench/out/285_2_state_3_cond_phenix_ref/0/output_1831/pdbs/64_7mhf.pdb,0.5164365897674713,0.9262800276713103,0.9578918211079788,0.4835634102325287,0.0737199723286896,0.0421081788920213,/wynton/home/sali/mhancock/xray/dev/38_standard_flags/data/7mhf.cif,/wynton/home/sali/mhancock/xray/dev/38_standard_flags/data/7mhg.cif,/wynton/home/sali/mhancock/xray/dev/38_standard_flags/data/7mhh.cif,,,,,,,,,,,,,,,
1,2.0,3.0,1.0,,0.3473880096810935,,,0.2331309648839659,0.1905372009203622,5.032680198733018,,,,3678.4820694380246,/wynton/group/sali/mhancock/xray/sample_bench/out/285_2_state_3_cond_phenix_ref/0/output_1288/pdbs/119_7mhg.pdb,0.1126952820628727,0.5160129091956558,0.1534518271985796,0.8873047179371273,0.4839870908043442,0.8465481728014204,/wynton/home/sali/mhancock/xray/dev/38_standard_flags/data/7mhf.cif,/wynton/home/sali/mhancock/xray/dev/38_standard_flags/data/7mhg.cif,/wynton/home/sali/mhancock/xray/dev/38_standard_flags/data/7mhh.cif,,,,,,,,,,,,,,,
2,2.0,3.0,1.0,,0.3739082615133422,,,,,,0.2461315201611787,0.1789372700870269,5.643288109478357,2875.44265881954,/wynton/group/sali/mhancock/xray/sample_bench/out/285_2_state_3_cond_phenix_ref/0/output_762/pdbs/53_7mhh.pdb,0.3618693380054822,0.5028361218386853,0.5002183682904843,0.6381306619945178,0.4971638781613147,0.4997816317095158,/wynton/home/sali/mhancock/xray/dev/38_standard_flags/data/7mhf.cif,/wynton/home/sali/mhancock/xray/dev/38_standard_flags/data/7mhg.cif,/wynton/home/sali/mhancock/xray/dev/38_standard_flags/data/7mhh.cif,,,,,,,,,,,,,,,
3,2.0,3.0,1.0,0.232172183877309,0.3804173947260991,0.1922288891142959,5.151265122132889,,,,,,,6044.395809201201,/wynton/group/sali/mhancock/xray/sample_bench/out/285_2_state_3_cond_phenix_ref/1/output_1257/pdbs/70_7mhf.pdb,0.4924179883827332,0.566181690968622,,0.5075820116172668,0.4338183090313779,,/wynton/home/sali/mhancock/xray/dev/38_standard_flags/data/7mhf.cif,/wynton/home/sali/mhancock/xray/dev/38_standard_flags/data/7mhg.cif,/wynton/home/sali/mhancock/xray/dev/38_standard_flags/data/7mhi.cif,,,,0.0858550734274304,0.9141449265725696,,,,,,,,,,
4,2.0,3.0,1.0,,0.7405842790367386,,,0.2313153493140061,0.1883344851773329,5.025721299162528,,,,3346.5242211225386,/wynton/group/sali/mhancock/xray/sample_bench/out/285_2_state_3_cond_phenix_ref/1/output_538/pdbs/136_7mhg.pdb,0.2541601553020393,0.5017431744260326,,0.7458398446979607,0.4982568255739674,,/wynton/home/sali/mhancock/xray/dev/38_standard_flags/data/7mhf.cif,/wynton/home/sali/mhancock/xray/dev/38_standard_flags/data/7mhg.cif,/wynton/home/sali/mhancock/xray/dev/38_standard_flags/data/7mhi.cif,,,,0.7529554678041945,0.2470445321958055,,,,,,,,,,
5,2.0,3.0,1.0,,0.382381862773971,,,,,,,,,2705.7202916306514,/wynton/group/sali/mhancock/xray/sample_bench/out/285_2_state_3_cond_phenix_ref/1/output_367/pdbs/44_7mhi.pdb,0.98774703985582,0.4707613603068699,,0.0122529601441801,0.5292386396931301,,/wynton/home/sali/mhancock/xray/dev/38_standard_flags/data/7mhf.cif,/wynton/home/sali/mhancock/xray/dev/38_standard_flags/data/7mhg.cif,/wynton/home/sali/mhancock/xray/dev/38_standard_flags/data/7mhi.cif,0.2316608382734853,0.1789344715906137,5.081381000738127,0.4429418501514194,0.5570581498485805,,,,,,,,,,
6,2.0,3.0,1.0,0.2307564714686591,0.40276995662009,0.191472723744928,5.124991908046173,,,,,,,4794.152872065359,/wynton/group/sali/mhancock/xray/sample_bench/out/285_2_state_3_cond_phenix_ref/2/output_1223/pdbs/89_7mhf.pdb,0.6903299366282764,0.177485401000049,,0.3096700633717236,0.8225145989999509,,/wynton/home/sali/mhancock/xray/dev/38_standard_flags/data/7mhf.cif,/wynton/home/sali/mhancock/xray/dev/38_standard_flags/data/7mhg.cif,/wynton/home/sali/mhancock/xray/dev/38_standard_flags/data/7mhj.cif,,,,,,,,,0.1227246958780525,0.8772753041219474,,,,,
7,2.0,3.0,1.0,,0.3665224084334471,,,0.2342886737917833,0.1936055530424686,5.045630720664485,,,,4703.1593980656535,/wynton/group/sali/mhancock/xray/sample_bench/out/285_2_state_3_cond_phenix_ref/2/output_772/pdbs/84_7mhg.pdb,0.7781187364424221,0.3797629884371162,,0.2218812635575779,0.6202370115628838,,/wynton/home/sali/mhancock/xray/dev/38_standard_flags/data/7mhf.cif,/wynton/home/sali/mhancock/xray/dev/38_standard_flags/data/7mhg.cif,/wynton/home/sali/mhancock/xray/dev/38_standard_flags/data/7mhj.cif,,,,,,,,,0.2605549963290804,0.7394450036709196,,,,,
8,2.0,3.0,1.0,,0.6910157390303656,,,,,,,,,2756.761095576958,/wynton/group/sali/mhancock/xray/sample_bench/out/285_2_state_3_cond_phenix_ref/2/output_1052/pdbs/140_7mhj.pdb,0.2499564327290778,0.381040598069123,,0.7500435672709223,0.6189594019308771,,/wynton/home/sali/mhancock/xray/dev/38_standard_flags/data/7mhf.cif,/wynton/home/sali/mhancock/xray/dev/38_standard_flags/data/7mhg.cif,/wynton/home/sali/mhancock/xray/dev/38_standard_flags/data/7mhj.cif,,,,,,0.2420393887298251,0.1872618284454943,5.179408117469766,0.5876083806582032,0.4123916193417968,,,,,
9,2.0,3.0,1.0,0.2301214041603963,0.9241096395768956,0.1912657531827888,5.117110913153288,,,,,,,4616.923055419954,/wynton/group/sali/mhancock/xray/sample_bench/out/285_2_state_3_cond_phenix_ref/3/output_1700/pdbs/105_7mhf.pdb,0.4835263338082363,0.4699887868812513,,0.5164736661917637,0.5300112131187487,,/wynton/home/sali/mhancock/xray/dev/38_standard_flags/data/7mhf.cif,/wynton/home/sali/mhancock/xray/dev/38_standard_flags/data/7mhg.cif,/wynton/home/sali/mhancock/xray/dev/38_standard_flags/data/7mhk.cif,,,,,,,,,,,,,,0.7832375518955773,0.2167624481044227
10,2.0,3.0,1.0,,0.502325381322595,,,0.2299283571327511,0.1854737175691653,5.019869871302225,,,,3525.627349043468,/wynton/group/sali/mhancock/xray/sample_bench/out/285_2_state_3_cond_phenix_ref/3/output_571/pdbs/123_7mhg.pdb,0.653356569702556,0.535384908762801,,0.346643430297444,0.464615091237199,,/wynton/home/sali/mhancock/xray/dev/38_standard_flags/data/7mhf.cif,/wynton/home/sali/mhancock/xray/dev/38_standard_flags/data/7mhg.cif,/wynton/home/sali/mhancock/xray/dev/38_standard_flags/data/7mhk.cif,,,,,,,,,,,,,,0.1155977176945643,0.8844022823054356
11,2.0,3.0,1.0,,0.4759687228923315,,,,,,,,,2954.7173576656523,/wynton/group/sali/mhancock/xray/sample_bench/out/285_2_state_3_cond_phenix_ref/3/output_896/pdbs/84_7mhk.pdb,0.9967505578003212,0.7364014848009737,,0.0032494421996789,0.2635985151990263,,/wynton/home/sali/mhancock/xray/dev/38_standard_flags/data/7mhf.cif,/wynton/home/sali/mhancock/xray/dev/38_standard_flags/data/7mhg.cif,/wynton/home/sali/mhancock/xray/dev/38_standard_flags/data/7mhk.cif,,,,,,,,,,,0.2533506670486842,0.1954716122688338,5.108199934194275,0.3614813582692638,0.6385186417307362
12,2.0,3.0,1.0,0.2406126216009331,5.764891876377878,0.2021090497268141,5.17819741233971,,,,,,,4859.02556800364,/wynton/group/sali/mhancock/xray/sample_bench/out/285_2_state_3_cond_phenix_ref/4/output_326/pdbs/227_7mhf.pdb,0.5051806641736171,,0.942844726532642,0.4948193358263829,,0.0571552734673579,/wynton/home/sali/mhancock/xray/dev/38_standard_flags/data/7mhf.cif,/wynton/home/sali/mhancock/xray/dev/38_standard_flags/data/7mhh.cif,/wynton/home/sali/mhancock/xray/dev/38_standard_flags/data/7mhi.cif,,,,0.8402978644161105,0.1597021355838895,,,,,,,,,,
13,2.0,3.0,1.0,,0.5292848114407661,,,,,,0.2476564766677379,0.1780909912077032,5.653455560499854,3119.96661669965,/wynton/group/sali/mhancock/xray/sample_bench/out/285_2_state_3_cond_phenix_ref/4/output_994/pdbs/22_7mhh.pdb,0.0027500987744022,,0.2898432828243752,0.9972499012255978,,0.7101567171756248,/wynton/home/sali/mhancock/xray/dev/38_standard_flags/data/7mhf.cif,/wynton/home/sali/mhancock/xray/dev/38_standard_flags/data/7mhh.cif,/wynton/home/sali/mhancock/xray/dev/38_standard_flags/data/7mhi.cif,,,,0.5821589658848839,0.4178410341151161,,,,,,,,,,
14,2.0,3.0,1.0,,0.666190035273588,,,,,,,,,2864.463783964969,/wynton/group/sali/mhancock/xray/sample_bench/out/285_2_state_3_cond_phenix_ref/4/output_225/pdbs/43_7mhi.pdb,0.2955163436850397,,0.3368583253692624,0.7044836563149602,,0.6631416746307376,/wynton/home/sali/mhancock/xray/dev/38_standard_flags/data/7mhf.cif,/wynton/home/sali/mhancock/xray/dev/38_standard_flags/data/7mhh.cif,/wynton/home/sali/mhancock/xray/dev/38_standard_flags/data/7mhi.cif,0.2338519491109019,0.182985497227325,5.10664219545957,0.6601688087107369,0.3398311912892631,,,,,,,,,,
15,2.0,3.0,1.0,0.2432744761157639,1.1488256039456897,0.2009330248908074,5.18521755193536,,,,,,,4579.823535956683,/wynton/group/sali/mhancock/xray/sample_bench/out/285_2_state_3_cond_phenix_ref/5/output_1208/pdbs/109_7mhf.pdb,0.5718186542650804,,0.0554348438312558,0.4281813457349195,,0.944565156168744,/wynton/home/sali/mhancock/xray/dev/38_standard_flags/data/7mhf.cif,/wynton/home/sali/mhancock/xray/dev/38_standard_flags/data/7mhh.cif,/wynton/home/sali/mhancock/xray/dev/38_standard_flags/data/7mhj.cif,,,,,,,,,0.0189003319268387,0.9810996680731612,,,,,
16,2.0,3.0,1.0,,1.526707280111479,,,,,,0.2498547230890091,0.1783700070706398,5.64588633090645,2520.6863179164857,/wynton/group/sali/mhancock/xray/sample_bench/out/285_2_state_3_cond_phenix_ref/5/output_661/pdbs/179_7mhh.pdb,0.8037502845747735,,0.5097904111266179,0.1962497154252264,,0.4902095888733821,/wynton/home/sali/mhancock/xray/dev/38_standard_flags/data/7mhf.cif,/wynton/home/sali/mhancock/xray/dev/38_standard_flags/data/7mhh.cif,/wynton/home/sali/mhancock/xray/dev/38_standard_flags/data/7mhj.cif,,,,,,,,,0.0903018489060504,0.9096981510939496,,,,,
17,2.0,3.0,1.0,,1.766189563394874,,,,,,,,,2470.752827606259,/wynton/group/sali/mhancock/xray/sample_bench/out/285_2_state_3_cond_phenix_ref/5/output_1926/pdbs/142_7mhj.pdb,0.9891413323858468,,0.0478276810068501,0.0108586676141531,,0.9521723189931498,/wynton/home/sali/mhancock/xray/dev/38_standard_flags/data/7mhf.cif,/wynton/home/sali/mhancock/xray/dev/38_standard_flags/data/7mhh.cif,/wynton/home/sali/mhancock/xray/dev/38_standard_flags/data/7mhj.cif,,,,,,0.2461749908019313,0.1805805198390819,5.183493153348717,0.5719518047023969,0.4280481952976031,,,,,
18,2.0,3.0,1.0,0.2388869230122849,3.4429661143872585,0.1949074836664504,5.171302439128705,,,,,,,4066.913886708943,/wynton/group/sali/mhancock/xray/sample_bench/out/285_2_state_3_cond_phenix_ref/6/output_1181/pdbs/237_7mhf.pdb,0.3349003318477853,,0.9985843456362096,0.6650996681522147,,0.0014156543637903,/wynton/home/sali/mhancock/xray/dev/38_standard_flags/data/7mhf.cif,/wynton/home/sali/mhancock/xray/dev/38_standard_flags/data/7mhh.cif,/wynton/home/sali/mhancock/xray/dev/38_standard_flags/data/7mhk.cif,,,,,,,,,,,,,,0.914501342976102,0.0854986570238981
19,2.0,3.0,1.0,,2.6568270532843914,,,,,,0.2484023115812294,0.1746575570906318,5.634263387434999,3172.3818399213405,/wynton/group/sali/mhancock/xray/sample_bench/out/285_2_state_3_cond_phenix_ref/6/output_769/pdbs/125_7mhh.pdb,0.0770940418068435,,0.4467288058930277,0.9229059581931564,,0.5532711941069722,/wynton/home/sali/mhancock/xray/dev/38_standard_flags/data/7mhf.cif,/wynton/home/sali/mhancock/xray/dev/38_standard_flags/data/7mhh.cif,/wynton/home/sali/mhancock/xray/dev/38_standard_flags/data/7mhk.cif,,,,,,,,,,,,,,0.5819366401231614,0.4180633598768387
20,2.0,3.0,1.0,,0.8352188794164119,,,,,,,,,2810.225780165099,/wynton/group/sali/mhancock/xray/sample_bench/out/285_2_state_3_cond_phenix_ref/6/output_1009/pdbs/50_7mhk.pdb,0.5467540339419504,,0.3603627413440814,0.4532459660580495,,0.6396372586559186,/wynton/home/sali/mhancock/xray/dev/38_standard_flags/data/7mhf.cif,/wynton/home/sali/mhancock/xray/dev/38_standard_flags/data/7mhh.cif,/wynton/home/sali/mhancock/xray/dev/38_standard_flags/data/7mhk.cif,,,,,,,,,,,0.2574701053915801,0.1916223984592187,5.081478097348184,0.5095768794881251,0.4904231205118748
21,2.0,3.0,1.0,0.2400333715321838,3.0984930753912807,0.1962429674369367,5.179624823819141,,,,,,,4249.536119972059,/wynton/group/sali/mhancock/xray/sample_bench/out/285_2_state_3_cond_phenix_ref/7/output_1162/pdbs/145_7mhf.pdb,0.4399996661516659,,,0.560000333848334,,,/wynton/home/sali/mhancock/xray/dev/38_standard_flags/data/7mhf.cif,/wynton/home/sali/mhancock/xray/dev/38_standard_flags/data/7mhi.cif,/wynton/home/sali/mhancock/xray/dev/38_standard_flags/data/7mhj.cif,,,,0.9675754028589644,0.0324245971410356,,,,0.963996235065184,0.036003764934816,,,,,
22,2.0,3.0,1.0,,8.348210647379753,,,,,,,,,2687.8172281125326,/wynton/group/sali/mhancock/xray/sample_bench/out/285_2_state_3_cond_phenix_ref/7/output_1676/pdbs/226_7mhi.pdb,0.2351298974417405,,,0.7648701025582595,,,/wynton/home/sali/mhancock/xray/dev/38_standard_flags/data/7mhf.cif,/wynton/home/sali/mhancock/xray/dev/38_standard_flags/data/7mhi.cif,/wynton/home/sali/mhancock/xray/dev/38_standard_flags/data/7mhj.cif,0.2360395668998188,0.1809544733677086,5.104539758888841,0.3645624765941211,0.6354375234058788,,,,0.6987322117747959,0.301267788225204,,,,,
23,2.0,3.0,1.0,,1.3371472487039524,,,,,,,,,2423.1842081627733,/wynton/group/sali/mhancock/xray/sample_bench/out/285_2_state_3_cond_phenix_ref/7/output_430/pdbs/144_7mhj.pdb,0.9061229775734144,,,0.0938770224265856,,,/wynton/home/sali/mhancock/xray/dev/38_standard_flags/data/7mhf.cif,/wynton/home/sali/mhancock/xray/dev/38_standard_flags/data/7mhi.cif,/wynton/home/sali/mhancock/xray/dev/38_standard_flags/data/7mhj.cif,,,,0.1803154116599963,0.8196845883400037,0.2435390288252694,0.1821122096973723,5.1788665614181895,0.6609702553142308,0.3390297446857692,,,,,
24,2.0,3.0,1.0,0.2392388357817303,0.4725439089167982,0.1975525485641548,5.179207099878534,,,,,,,4251.300151078516,/wynton/group/sali/mhancock/xray/sample_bench/out/285_2_state_3_cond_phenix_ref/8/output_774/pdbs/43_7mhf.pdb,0.4745356247845136,,,0.5254643752154864,,,/wynton/home/sali/mhancock/xray/dev/38_standard_flags/data/7mhf.cif,/wynton/home/sali/mhancock/xray/dev/38_standard_flags/data/7mhi.cif,/wynton/home/sali/mhancock/xray/dev/38_standard_flags/data/7mhk.cif,,,,0.0043305058230361,0.9956694941769638,,,,,,,,,0.1031290050614015,0.8968709949385985
25,2.0,3.0,1.0,,0.4877498370894444,,,,,,,,,2656.961530569575,/wynton/group/sali/mhancock/xray/sample_bench/out/285_2_state_3_cond_phenix_ref/8/output_1763/pdbs/37_7mhi.pdb,0.1674270129369124,,,0.8325729870630877,,,/wynton/home/sali/mhancock/xray/dev/38_standard_flags/data/7mhf.cif,/wynton/home/sali/mhancock/xray/dev/38_standard_flags/data/7mhi.cif,/wynton/home/sali/mhancock/xray/dev/38_standard_flags/data/7mhk.cif,0.2323980158473538,0.1776793588649401,5.08000877351403,0.5448012802633836,0.4551987197366164,,,,,,,,,0.9471612002471274,0.0528387997528726
26,2.0,3.0,1.0,,0.9802246477186994,,,,,,,,,2859.741916708506,/wynton/group/sali/mhancock/xray/sample_bench/out/285_2_state_3_cond_phenix_ref/8/output_954/pdbs/215_7mhk.pdb,0.3075304085757678,,,0.6924695914242321,,,/wynton/home/sali/mhancock/xray/dev/38_standard_flags/data/7mhf.cif,/wynton/home/sali/mhancock/xray/dev/38_standard_flags/data/7mhi.cif,/wynton/home/sali/mhancock/xray/dev/38_standard_flags/data/7mhk.cif,,,,0.8686068158292253,0.1313931841707747,,,,,,0.253608254324053,0.1946515489307539,5.103624543246071,0.690589422399758,0.3094105776002421
27,2.0,3.0,1.0,0.2376727530996554,0.4971735660365506,0.1964323843071389,5.142282165693136,,,,,,,4371.354289079218,/wynton/group/sali/mhancock/xray/sample_bench/out/285_2_state_3_cond_phenix_ref/9/output_1461/pdbs/38_7mhf.pdb,0.596650145998333,,,0.403349854001667,,,/wynton/home/sali/mhancock/xray/dev/38_standard_flags/data/7mhf.cif,/wynton/home/sali/mhancock/xray/dev/38_standard_flags/data/7mhj.cif,/wynton/home/sali/mhancock/xray/dev/38_standard_flags/data/7mhk.cif,,,,,,,,,0.0436823170920289,0.9563176829079711,,,,0.0578630153549637,0.9421369846450364
28,2.0,3.0,1.0,,0.9145980539155302,,,,,,,,,3010.7220114301263,/wynton/group/sali/mhancock/xray/sample_bench/out/285_2_state_3_cond_phenix_ref/9/output_1742/pdbs/69_7mhj.pdb,0.5731690417658672,,,0.4268309582341328,,,/wynton/home/sali/mhancock/xray/dev/38_standard_flags/data/7mhf.cif,/wynton/home/sali/mhancock/xray/dev/38_standard_flags/data/7mhj.cif,/wynton/home/sali/mhancock/xray/dev/38_standard_flags/data/7mhk.cif,,,,,,0.2437840130896229,0.1820423906532309,5.187683359436936,0.5819072545484577,0.4180927454515423,,,,0.3901924854400775,0.6098075145599225
29,2.0,3.0,1.0,,2.6937184543515778,,,,,,,,,2935.591335282092,/wynton/group/sali/mhancock/xray/sample_bench/out/285_2_state_3_cond_phenix_ref/9/output_298/pdbs/125_7mhk.pdb,0.475668047499285,,,0.5243319525007151,,,/wynton/home/sali/mhancock/xray/dev/38_standard_flags/data/7mhf.cif,/wynton/home/sali/mhancock/xray/dev/38_standard_flags/data/7mhj.cif,/wynton/home/sali/mhancock/xray/dev/38_standard_flags/data/7mhk.cif,,,,,,,,,0.4898821792788992,0.5101178207211008,0.2565124486394462,0.1961203281364111,5.086990720612312,0.4760497975429449,0.5239502024570551
30,2.0,3.0,1.0,,0.6595213635411751,,,0.2353254848305189,0.1931086864464481,5.061946123165075,,,,4480.69043498275,/wynton/group/sali/mhancock/xray/sample_bench/out/285_2_state_3_cond_phenix_ref/10/output_1197/pdbs/67_7mhg.pdb,,0.4352984859516294,0.9810987385267714,,0.5647015140483705,0.0189012614732285,/wynton/home/sali/mhancock/xray/dev/38_standard_flags/data/7mhg.cif,/wynton/home/sali/mhancock/xray/dev/38_standard_flags/data/7mhh.cif,/wynton/home/sali/mhancock/xray/dev/38_standard_flags/data/7mhi.cif,,,,0.8305484342346383,0.1694515657653616,,,,,,,,,,
31,2.0,3.0,1.0,,1.0698554490277308,,,,,,0.2451580511806746,0.1757360667939186,5.65585473650763,2860.305927372274,/wynton/group/sali/mhancock/xray/sample_bench/out/285_2_state_3_cond_phenix_ref/10/output_388/pdbs/131_7mhh.pdb,,0.1417944722432137,0.526096685082273,,0.8582055277567863,0.473903314917727,/wynton/home/sali/mhancock/xray/dev/38_standard_flags/data/7mhg.cif,/wynton/home/sali/mhancock/xray/dev/38_standard_flags/data/7mhh.cif,/wynton/home/sali/mhancock/xray/dev/38_standard_flags/data/7mhi.cif,,,,0.8654908456745815,0.1345091543254185,,,,,,,,,,
32,2.0,3.0,1.0,,0.6346543563778506,,,,,,,,,2813.381911161376,/wynton/group/sali/mhancock/xray/sample_bench/out/285_2_state_3_cond_phenix_ref/10/output_1154/pdbs/94_7mhi.pdb,,0.7731139585554292,0.2256447421134573,,0.2268860414445708,0.7743552578865427,/wynton/home/sali/mhancock/xray/dev/38_standard_flags/data/7mhg.cif,/wynton/home/sali/mhancock/xray/dev/38_standard_flags/data/7mhh.cif,/wynton/home/sali/mhancock/xray/dev/38_standard_flags/data/7mhi.cif,0.2336526599799303,0.1745127207804426,5.080295414930767,0.4978889299406776,0.5021110700593223,,,,,,,,,,
33,2.0,3.0,1.0,,2.154377683393416,,,0.2389477049567246,0.1958191159587552,5.064977993955629,,,,3792.78722909452,/wynton/group/sali/mhancock/xray/sample_bench/out/285_2_state_3_cond_phenix_ref/11/output_1767/pdbs/118_7mhg.pdb,,0.3766629805981401,0.9750567290354408,,0.6233370194018599,0.0249432709645593,/wynton/home/sali/mhancock/xray/dev/38_standard_flags/data/7mhg.cif,/wynton/home/sali/mhancock/xray/dev/38_standard_flags/data/7mhh.cif,/wynton/home/sali/mhancock/xray/dev/38_standard_flags/data/7mhj.cif,,,,,,,,,0.7644387834459898,0.2355612165540103,,,,,
34,2.0,3.0,1.0,,0.5919514486444389,,,,,,0.244486634455468,0.180689406020869,5.64419436133474,3009.608081243484,/wynton/group/sali/mhancock/xray/sample_bench/out/285_2_state_3_cond_phenix_ref/11/output_239/pdbs/26_7mhh.pdb,,0.4263309784122928,0.6352007145212991,,0.5736690215877073,0.364799285478701,/wynton/home/sali/mhancock/xray/dev/38_standard_flags/data/7mhg.cif,/wynton/home/sali/mhancock/xray/dev/38_standard_flags/data/7mhh.cif,/wynton/home/sali/mhancock/xray/dev/38_standard_flags/data/7mhj.cif,,,,,,,,,0.2682345352945561,0.7317654647054439,,,,,
35,2.0,3.0,1.0,,0.9672520940814467,,,,,,,,,2657.9580967050524,/wynton/group/sali/mhancock/xray/sample_bench/out/285_2_state_3_cond_phenix_ref/11/output_1478/pdbs/95_7mhj.pdb,,0.5314828683015648,0.1393244926211452,,0.4685171316984353,0.8606755073788548,/wynton/home/sali/mhancock/xray/dev/38_standard_flags/data/7mhg.cif,/wynton/home/sali/mhancock/xray/dev/38_standard_flags/data/7mhh.cif,/wynton/home/sali/mhancock/xray/dev/38_standard_flags/data/7mhj.cif,,,,,,0.2418887406306634,0.1798046214663246,5.180726862531143,0.4739040876529696,0.5260959123470305,,,,,
36,2.0,3.0,1.0,,0.5054482683565952,,,0.2348381604812386,0.1892893485368993,5.040410512718104,,,,4682.921655881215,/wynton/group/sali/mhancock/xray/sample_bench/out/285_2_state_3_cond_phenix_ref/12/output_373/pdbs/41_7mhg.pdb,,0.5115322292571325,0.010230563808735,,0.4884677707428675,0.989769436191265,/wynton/home/sali/mhancock/xray/dev/38_standard_flags/data/7mhg.cif,/wynton/home/sali/mhancock/xray/dev/38_standard_flags/data/7mhh.cif,/wynton/home/sali/mhancock/xray/dev/38_standard_flags/data/7mhk.cif,,,,,,,,,,,,,,0.123119595859274,0.876880404140726
37,2.0,3.0,1.0,,2.4730740520394785,,,,,,0.2408712100692456,0.1726045268669933,5.611914105542929,2986.117491697734,/wynton/group/sali/mhancock/xray/sample_bench/out/285_2_state_3_cond_phenix_ref/12/output_267/pdbs/171_7mhh.pdb,,0.8667544590345819,0.4775586450826847,,0.1332455409654181,0.5224413549173152,/wynton/home/sali/mhancock/xray/dev/38_standard_flags/data/7mhg.cif,/wynton/home/sali/mhancock/xray/dev/38_standard_flags/data/7mhh.cif,/wynton/home/sali/mhancock/xray/dev/38_standard_flags/data/7mhk.cif,,,,,,,,,,,,,,0.0136552627507822,0.9863447372492178
38,2.0,3.0,1.0,,4.750912773047074,,,,,,,,,2436.431538315604,/wynton/group/sali/mhancock/xray/sample_bench/out/285_2_state_3_cond_phenix_ref/12/output_1414/pdbs/173_7mhk.pdb,,0.6700791390995844,0.1868133448999245,,0.3299208609004156,0.8131866551000755,/wynton/home/sali/mhancock/xray/dev/38_standard_flags/data/7mhg.cif,/wynton/home/sali/mhancock/xray/dev/38_standard_flags/data/7mhh.cif,/wynton/home/sali/mhancock/xray/dev/38_standard_flags/data/7mhk.cif,,,,,,,,,,,0.2529898542800324,0.1905640678162834,5.099202589708666,0.4633061305281667,0.5366938694718332
39,2.0,3.0,1.0,,5.836950297763792,,,0.2384880802562288,0.1938071358183823,5.05259750244276,,,,4344.678960923386,/wynton/group/sali/mhancock/xray/sample_bench/out/285_2_state_3_cond_phenix_ref/13/output_366/pdbs/183_7mhg.pdb,,0.5298294077932949,,,0.4701705922067051,,/wynton/home/sali/mhancock/xray/dev/38_standard_flags/data/7mhg.cif,/wynton/home/sali/mhancock/xray/dev/38_standard_flags/data/7mhi.cif,/wynton/home/sali/mhancock/xray/dev/38_standard_flags/data/7mhj.cif,,,,0.1029609361942251,0.8970390638057749,,,,0.1308579650430457,0.8691420349569543,,,,,
40,2.0,3.0,1.0,,3.394150394250802,,,,,,,,,2897.702586926893,/wynton/group/sali/mhancock/xray/sample_bench/out/285_2_state_3_cond_phenix_ref/13/output_1524/pdbs/169_7mhi.pdb,,0.2852277985302291,,,0.7147722014697708,,/wynton/home/sali/mhancock/xray/dev/38_standard_flags/data/7mhg.cif,/wynton/home/sali/mhancock/xray/dev/38_standard_flags/data/7mhi.cif,/wynton/home/sali/mhancock/xray/dev/38_standard_flags/data/7mhj.cif,0.2356559509267429,0.1815788413345601,5.109739146503903,0.6796437723263202,0.3203562276736798,,,,0.5638026179965888,0.4361973820034112,,,,,
41,2.0,3.0,1.0,,0.9311371319023592,,,,,,,,,2705.539183431022,/wynton/group/sali/mhancock/xray/sample_bench/out/285_2_state_3_cond_phenix_ref/13/output_1679/pdbs/79_7mhj.pdb,,0.6637535627151147,,,0.3362464372848854,,/wynton/home/sali/mhancock/xray/dev/38_standard_flags/data/7mhg.cif,/wynton/home/sali/mhancock/xray/dev/38_standard_flags/data/7mhi.cif,/wynton/home/sali/mhancock/xray/dev/38_standard_flags/data/7mhj.cif,,,,0.3165441495928993,0.6834558504071008,0.2432481369904646,0.178645839615893,5.171869590343341,0.4618065743252565,0.5381934256747434,,,,,
42,2.0,3.0,1.0,,3.034003392519754,,,0.235504562978425,0.1924403267309478,5.044599601723299,,,,3240.9343446972302,/wynton/group/sali/mhancock/xray/sample_bench/out/285_2_state_3_cond_phenix_ref/14/output_561/pdbs/217_7mhg.pdb,,0.371929311982038,,,0.6280706880179621,,/wynton/home/sali/mhancock/xray/dev/38_standard_flags/data/7mhg.cif,/wynton/home/sali/mhancock/xray/dev/38_standard_flags/data/7mhi.cif,/wynton/home/sali/mhancock/xray/dev/38_standard_flags/data/7mhk.cif,,,,0.2309752367043717,0.7690247632956283,,,,,,,,,0.938702608058314,0.0612973919416859
43,2.0,3.0,1.0,,1.4517920861509577,,,,,,,,,2950.1295907533404,/wynton/group/sali/mhancock/xray/sample_bench/out/285_2_state_3_cond_phenix_ref/14/output_846/pdbs/106_7mhi.pdb,,0.3497642761557766,,,0.6502357238442235,,/wynton/home/sali/mhancock/xray/dev/38_standard_flags/data/7mhg.cif,/wynton/home/sali/mhancock/xray/dev/38_standard_flags/data/7mhi.cif,/wynton/home/sali/mhancock/xray/dev/38_standard_flags/data/7mhk.cif,0.2313128994220992,0.175103937971301,5.080778020790357,0.5573276329092722,0.4426723670907277,,,,,,,,,0.6141457332650369,0.3858542667349631
44,2.0,3.0,1.0,,1.8575219687879487,,,,,,,,,2809.980931201081,/wynton/group/sali/mhancock/xray/sample_bench/out/285_2_state_3_cond_phenix_ref/14/output_602/pdbs/104_7mhk.pdb,,0.6815225795028006,,,0.3184774204971994,,/wynton/home/sali/mhancock/xray/dev/38_standard_flags/data/7mhg.cif,/wynton/home/sali/mhancock/xray/dev/38_standard_flags/data/7mhi.cif,/wynton/home/sali/mhancock/xray/dev/38_standard_flags/data/7mhk.cif,,,,0.3415226661432615,0.6584773338567385,,,,,,0.2516917401938299,0.1904863354074713,5.080288087985894,0.4327171201749749,0.5672828798250251
45,2.0,3.0,1.0,,1.6407931860215723,,,0.2354894297906257,0.194877804787049,5.052730283951874,,,,3760.4055241863016,/wynton/group/sali/mhancock/xray/sample_bench/out/285_2_state_3_cond_phenix_ref/15/output_1023/pdbs/130_7mhg.pdb,,0.2038233552069076,,,0.7961766447930924,,/wynton/home/sali/mhancock/xray/dev/38_standard_flags/data/7mhg.cif,/wynton/home/sali/mhancock/xray/dev/38_standard_flags/data/7mhj.cif,/wynton/home/sali/mhancock/xray/dev/38_standard_flags/data/7mhk.cif,,,,,,,,,0.2813072314624953,0.7186927685375047,,,,0.8472494722081554,0.1527505277918446
46,2.0,3.0,1.0,,0.5656337291969781,,,,,,,,,3451.122397540604,/wynton/group/sali/mhancock/xray/sample_bench/out/285_2_state_3_cond_phenix_ref/15/output_1316/pdbs/34_7mhj.pdb,,0.4499319792857377,,,0.5500680207142622,,/wynton/home/sali/mhancock/xray/dev/38_standard_flags/data/7mhg.cif,/wynton/home/sali/mhancock/xray/dev/38_standard_flags/data/7mhj.cif,/wynton/home/sali/mhancock/xray/dev/38_standard_flags/data/7mhk.cif,,,,,,0.2414873895005328,0.1829751109549504,5.179870569686075,0.5510455579029274,0.4489544420970726,,,,0.3709307045162913,0.6290692954837087
47,2.0,3.0,1.0,,7.716520434544459,,,,,,,,,2897.7498626608926,/wynton/group/sali/mhancock/xray/sample_bench/out/285_2_state_3_cond_phenix_ref/15/output_80/pdbs/195_7mhk.pdb,,0.4889531577022554,,,0.5110468422977447,,/wynton/home/sali/mhancock/xray/dev/38_standard_flags/data/7mhg.cif,/wynton/home/sali/mhancock/xray/dev/38_standard_flags/data/7mhj.cif,/wynton/home/sali/mhancock/xray/dev/38_standard_flags/data/7mhk.cif,,,,,,,,,0.5778940909678397,0.4221059090321602,0.2529397288975038,0.1908121943381082,5.076226760370127,0.6186091884860354,0.3813908115139646
48,2.0,3.0,1.0,,16.686881000138243,,,,,,0.251121681287359,0.1759811909402022,5.652839146962653,2764.8528042769503,/wynton/group/sali/mhancock/xray/sample_bench/out/285_2_state_3_cond_phenix_ref/16/output_491/pdbs/255_7mhh.pdb,,,0.5341754749428927,,,0.4658245250571072,/wynton/home/sali/mhancock/xray/dev/38_standard_flags/data/7mhh.cif,/wynton/home/sali/mhancock/xray/dev/38_standard_flags/data/7mhi.cif,/wynton/home/sali/mhancock/xray/dev/38_standard_flags/data/7mhj.cif,,,,0.0361061986865179,0.963893801313482,,,,0.7379733036259322,0.2620266963740678,,,,,
49,2.0,3.0,1.0,,4.909192509791867,,,,,,,,,3127.432858215615,/wynton/group/sali/mhancock/xray/sample_bench/out/285_2_state_3_cond_phenix_ref/16/output_1068/pdbs/229_7mhi.pdb,,,0.0650630483050531,,,0.9349369516949468,/wynton/home/sali/mhancock/xray/dev/38_standard_flags/data/7mhh.cif,/wynton/home/sali/mhancock/xray/dev/38_standard_flags/data/7mhi.cif,/wynton/home/sali/mhancock/xray/dev/38_standard_flags/data/7mhj.cif,0.2406197422763467,0.1789760434922869,5.104771739150414,0.4125454159056561,0.5874545840943439,,,,0.9935749943462682,0.0064250056537318,,,,,
50,2.0,3.0,1.0,,0.7328243083495177,,,,,,,,,3118.8236867827677,/wynton/group/sali/mhancock/xray/sample_bench/out/285_2_state_3_cond_phenix_ref/16/output_68/pdbs/20_7mhj.pdb,,,0.3426027696990093,,,0.6573972303009906,/wynton/home/sali/mhancock/xray/dev/38_standard_flags/data/7mhh.cif,/wynton/home/sali/mhancock/xray/dev/38_standard_flags/data/7mhi.cif,/wynton/home/sali/mhancock/xray/dev/38_standard_flags/data/7mhj.cif,,,,0.7811259828952447,0.2188740171047553,0.2485148964239094,0.1841158803146111,5.199866416871815,0.5840971170114321,0.415902882988568,,,,,
51,2.0,3.0,1.0,,0.6645094571618918,,,,,,0.2459658319454255,0.177324246379735,5.642851112194328,2876.6036501487943,/wynton/group/sali/mhancock/xray/sample_bench/out/285_2_state_3_cond_phenix_ref/17/output_726/pdbs/15_7mhh.pdb,,,0.3980056257726681,,,0.6019943742273319,/wynton/home/sali/mhancock/xray/dev/38_standard_flags/data/7mhh.cif,/wynton/home/sali/mhancock/xray/dev/38_standard_flags/data/7mhi.cif,/wynton/home/sali/mhancock/xray/dev/38_standard_flags/data/7mhk.cif,,,,0.7757112945117148,0.2242887054882852,,,,,,,,,0.3494134579725555,0.6505865420274445
52,2.0,3.0,1.0,,0.6802763397143913,,,,,,,,,3063.369523775844,/wynton/group/sali/mhancock/xray/sample_bench/out/285_2_state_3_cond_phenix_ref/17/output_898/pdbs/35_7mhi.pdb,,,0.9902530001747674,,,0.0097469998252326,/wynton/home/sali/mhancock/xray/dev/38_standard_flags/data/7mhh.cif,/wynton/home/sali/mhancock/xray/dev/38_standard_flags/data/7mhi.cif,/wynton/home/sali/mhancock/xray/dev/38_standard_flags/data/7mhk.cif,0.2364994563970767,0.1794457367207591,5.099841567149004,0.5098015121639392,0.4901984878360609,,,,,,,,,0.2142244478567141,0.7857755521432859
53,2.0,3.0,1.0,,5.332254403121531,,,,,,,,,2813.828441276656,/wynton/group/sali/mhancock/xray/sample_bench/out/285_2_state_3_cond_phenix_ref/17/output_753/pdbs/175_7mhk.pdb,,,0.074422325365432,,,0.925577674634568,/wynton/home/sali/mhancock/xray/dev/38_standard_flags/data/7mhh.cif,/wynton/home/sali/mhancock/xray/dev/38_standard_flags/data/7mhi.cif,/wynton/home/sali/mhancock/xray/dev/38_standard_flags/data/7mhk.cif,,,,0.3718495031557784,0.6281504968442215,,,,,,0.2618307167035983,0.1940295673827624,5.1075569987690095,0.5834130994136325,0.4165869005863675
54,2.0,3.0,1.0,,3.9532954838927488,,,,,,0.2481470233243402,0.17654165611699,5.644914108092723,2780.4819523791566,/wynton/group/sali/mhancock/xray/sample_bench/out/285_2_state_3_cond_phenix_ref/18/output_334/pdbs/118_7mhh.pdb,,,0.6292536405459043,,,0.3707463594540957,/wynton/home/sali/mhancock/xray/dev/38_standard_flags/data/7mhh.cif,/wynton/home/sali/mhancock/xray/dev/38_standard_flags/data/7mhj.cif,/wynton/home/sali/mhancock/xray/dev/38_standard_flags/data/7mhk.cif,,,,,,,,,0.1449240179389046,0.8550759820610954,,,,0.8892786852031076,0.1107213147968924
55,2.0,3.0,1.0,,1.1873344207902072,,,,,,,,,2909.1343125310927,/wynton/group/sali/mhancock/xray/sample_bench/out/285_2_state_3_cond_phenix_ref/18/output_1653/pdbs/72_7mhj.pdb,,,0.8965119946640084,,,0.1034880053359915,/wynton/home/sali/mhancock/xray/dev/38_standard_flags/data/7mhh.cif,/wynton/home/sali/mhancock/xray/dev/38_standard_flags/data/7mhj.cif,/wynton/home/sali/mhancock/xray/dev/38_standard_flags/data/7mhk.cif,,,,,,0.2449822262088978,0.1804789782295736,5.178512593660472,0.4720923325312913,0.5279076674687087,,,,0.1035226533044415,0.8964773466955585
56,2.0,3.0,1.0,,13.593371016554244,,,,,,,,,3204.015878299799,/wynton/group/sali/mhancock/xray/sample_bench/out/285_2_state_3_cond_phenix_ref/18/output_1897/pdbs/257_7mhk.pdb,,,0.706970608750342,,,0.293029391249658,/wynton/home/sali/mhancock/xray/dev/38_standard_flags/data/7mhh.cif,/wynton/home/sali/mhancock/xray/dev/38_standard_flags/data/7mhj.cif,/wynton/home/sali/mhancock/xray/dev/38_standard_flags/data/7mhk.cif,,,,,,,,,0.3045010349438207,0.6954989650561794,0.2588207244418122,0.1960426916130209,5.1020535277085495,0.6468346787823566,0.3531653212176434
57,2.0,3.0,1.0,,3.3985382256415697,,,,,,,,,3016.6628961173647,/wynton/group/sali/mhancock/xray/sample_bench/out/285_2_state_3_cond_phenix_ref/19/output_1216/pdbs/114_7mhi.pdb,,,,,,,/wynton/home/sali/mhancock/xray/dev/38_standard_flags/data/7mhi.cif,/wynton/home/sali/mhancock/xray/dev/38_standard_flags/data/7mhj.cif,/wynton/home/sali/mhancock/xray/dev/38_standard_flags/data/7mhk.cif,0.2345492221853307,0.1808870059274523,5.101104412342212,0.6752249985763248,0.3247750014236752,,,,0.6648934010162476,0.3351065989837524,,,,0.4069525525265529,0.5930474474734472
58,2.0,3.0,1.0,,3.732760274971248,,,,,,,,,3201.697661359291,/wynton/group/sali/mhancock/xray/sample_bench/out/285_2_state_3_cond_phenix_ref/19/output_940/pdbs/116_7mhj.pdb,,,,,,,/wynton/home/sali/mhancock/xray/dev/38_standard_flags/data/7mhi.cif,/wynton/home/sali/mhancock/xray/dev/38_standard_flags/data/7mhj.cif,/wynton/home/sali/mhancock/xray/dev/38_standard_flags/data/7mhk.cif,,,,0.4817593918479614,0.5182406081520385,0.240908350922169,0.1777334856020863,5.174248854308234,0.4308217532702728,0.5691782467297272,,,,0.1850658365791652,0.8149341634208348
59,2.0,3.0,1.0,,3.5705799491598733,,,,,,,,,3099.4151097195627,/wynton/group/sali/mhancock/xray/sample_bench/out/285_2_state_3_cond_phenix_ref/19/output_1404/pdbs/126_7mhk.pdb,,,,,,,/wynton/home/sali/mhancock/xray/dev/38_standard_flags/data/7mhi.cif,/wynton/home/sali/mhancock/xray/dev/38_standard_flags/data/7mhj.cif,/wynton/home/sali/mhancock/xray/dev/38_standard_flags/data/7mhk.cif,,,,0.4950534817038244,0.5049465182961755,,,,0.8464538496063441,0.1535461503936559,0.2567952475809163,0.1919824501138825,5.101641360888767,0.4377204959188823,0.5622795040811177
