,N,J,w_xray,r_free_7mhf,rmsd,r_work_7mhf,xray_7mhf,r_free_7mhg,r_work_7mhg,xray_7mhg,ff,pdb,w_0_7mhf,w_0_7mhg,w_1_7mhf,w_1_7mhg,cif_0,cif_1,r_free_7mhh,r_work_7mhh,xray_7mhh,w_0_7mhh,w_1_7mhh,r_free_7mhi,r_work_7mhi,xray_7mhi,w_0_7mhi,w_1_7mhi,r_free_7mhj,r_work_7mhj,xray_7mhj,w_0_7mhj,w_1_7mhj,r_free_7mhk,r_work_7mhk,xray_7mhk,w_0_7mhk,w_1_7mhk
0,2.0,2.0,1.0,0.2205265410579353,0.2777445064948684,0.1894520560607191,5.12371389698803,,,,9727336.824161954,/wynton/group/sali/mhancock/xray/sample_bench/out/283_2_cond_ref_phenix_ref_copy/0/output_2976/pdbs/182_7mhf.pdb,0.3931022483885107,0.5665653714786463,0.6068977516114893,0.4334346285213536,/wynton/home/sali/mhancock/xray/dev/38_standard_flags/data/7mhf.cif,/wynton/home/sali/mhancock/xray/dev/38_standard_flags/data/7mhg.cif,,,,,,,,,,,,,,,,,,,,
1,2.0,2.0,1.0,,0.3013500923469372,,,0.219215315202512,0.1837009111023427,5.014802998281677,8.479212023639667e+17,/wynton/group/sali/mhancock/xray/sample_bench/out/283_2_cond_ref_phenix_ref_copy/0/output_3182/pdbs/79_7mhg.pdb,0.642186922178418,0.4110687632096644,0.357813077821582,0.5889312367903355,/wynton/home/sali/mhancock/xray/dev/38_standard_flags/data/7mhf.cif,/wynton/home/sali/mhancock/xray/dev/38_standard_flags/data/7mhg.cif,,,,,,,,,,,,,,,,,,,,
2,2.0,2.0,1.0,0.2242918536424559,0.2883113396749052,0.1891816186982456,5.139378305319597,,,,7956017.544856453,/wynton/group/sali/mhancock/xray/sample_bench/out/283_2_cond_ref_phenix_ref_copy/1/output_601/pdbs/1_7mhf.pdb,0.3644994210797944,,0.6355005789202056,,/wynton/home/sali/mhancock/xray/dev/38_standard_flags/data/7mhf.cif,/wynton/home/sali/mhancock/xray/dev/38_standard_flags/data/7mhh.cif,,,,0.2612799126914469,0.7387200873085531,,,,,,,,,,,,,,,
3,2.0,2.0,1.0,,0.4349631788683191,,,,,,4317985.482849248,/wynton/group/sali/mhancock/xray/sample_bench/out/283_2_cond_ref_phenix_ref_copy/1/output_1305/pdbs/11_7mhh.pdb,0.9742176606460056,,0.0257823393539945,,/wynton/home/sali/mhancock/xray/dev/38_standard_flags/data/7mhf.cif,/wynton/home/sali/mhancock/xray/dev/38_standard_flags/data/7mhh.cif,0.2493985190909075,0.1792106657797788,5.666823336208341,0.5378700009118954,0.4621299990881046,,,,,,,,,,,,,,,
4,2.0,2.0,1.0,0.2237364643059545,0.2704960116902072,0.1895016515040967,5.132502118279309,,,,7275480.772265668,/wynton/group/sali/mhancock/xray/sample_bench/out/283_2_cond_ref_phenix_ref_copy/2/output_1815/pdbs/3_7mhf.pdb,0.4850300263393408,,0.5149699736606592,,/wynton/home/sali/mhancock/xray/dev/38_standard_flags/data/7mhf.cif,/wynton/home/sali/mhancock/xray/dev/38_standard_flags/data/7mhi.cif,,,,,,,,,0.6849473361616527,0.3150526638383473,,,,,,,,,,
5,2.0,2.0,1.0,,0.4263348792571424,,,,,,13202350061685.637,/wynton/group/sali/mhancock/xray/sample_bench/out/283_2_cond_ref_phenix_ref_copy/2/output_3561/pdbs/21_7mhi.pdb,0.0095985540543881,,0.990401445945612,,/wynton/home/sali/mhancock/xray/dev/38_standard_flags/data/7mhf.cif,/wynton/home/sali/mhancock/xray/dev/38_standard_flags/data/7mhi.cif,,,,,,0.2288493502320092,0.1862031512035526,5.106197301572523,0.4859757713081367,0.5140242286918633,,,,,,,,,,
6,2.0,2.0,1.0,0.2217478212999149,0.2889913922217809,0.1869574428390187,5.118347338272327,,,,7235178.132151809,/wynton/group/sali/mhancock/xray/sample_bench/out/283_2_cond_ref_phenix_ref_copy/3/output_1504/pdbs/1_7mhf.pdb,0.4996326262586628,,0.5003673737413372,,/wynton/home/sali/mhancock/xray/dev/38_standard_flags/data/7mhf.cif,/wynton/home/sali/mhancock/xray/dev/38_standard_flags/data/7mhj.cif,,,,,,,,,,,,,,0.0472341184409191,0.9527658815590808,,,,,
7,2.0,2.0,1.0,,0.4372139039683165,,,,,,455474107931674.3,/wynton/group/sali/mhancock/xray/sample_bench/out/283_2_cond_ref_phenix_ref_copy/3/output_3209/pdbs/40_7mhj.pdb,0.2364561256589833,,0.7635438743410166,,/wynton/home/sali/mhancock/xray/dev/38_standard_flags/data/7mhf.cif,/wynton/home/sali/mhancock/xray/dev/38_standard_flags/data/7mhj.cif,,,,,,,,,,,0.2454540365031562,0.1865935804939764,5.183374244849848,0.4847684391327174,0.5152315608672826,,,,,
8,2.0,2.0,1.0,0.2229408497362995,0.2353866172786944,0.1889886599757843,5.134888898530927,,,,7557999.87761513,/wynton/group/sali/mhancock/xray/sample_bench/out/283_2_cond_ref_phenix_ref_copy/4/output_563/pdbs/2_7mhf.pdb,0.4156009108464084,,0.5843990891535916,,/wynton/home/sali/mhancock/xray/dev/38_standard_flags/data/7mhf.cif,/wynton/home/sali/mhancock/xray/dev/38_standard_flags/data/7mhk.cif,,,,,,,,,,,,,,,,,,,0.5060837481450641,0.493916251854936
9,2.0,2.0,1.0,,0.3701787062182468,,,,,,6062070585554.398,/wynton/group/sali/mhancock/xray/sample_bench/out/283_2_cond_ref_phenix_ref_copy/4/output_912/pdbs/9_7mhk.pdb,0.3480843539161438,,0.6519156460838562,,/wynton/home/sali/mhancock/xray/dev/38_standard_flags/data/7mhf.cif,/wynton/home/sali/mhancock/xray/dev/38_standard_flags/data/7mhk.cif,,,,,,,,,,,,,,,,0.2525397003838445,0.1935740107027508,5.103372753943211,0.4607489133965974,0.5392510866034026
10,2.0,2.0,1.0,,0.3262701028634184,,,0.2191317368243434,0.1815794260637099,5.010285035948244,1873613031121832.5,/wynton/group/sali/mhancock/xray/sample_bench/out/283_2_cond_ref_phenix_ref_copy/5/output_956/pdbs/1_7mhg.pdb,,0.515785291704455,,0.484214708295545,/wynton/home/sali/mhancock/xray/dev/38_standard_flags/data/7mhg.cif,/wynton/home/sali/mhancock/xray/dev/38_standard_flags/data/7mhh.cif,,,,0.6446255623883077,0.3553744376116923,,,,,,,,,,,,,,,
11,2.0,2.0,1.0,,0.4438475914678418,,,,,,10340638.469647864,/wynton/group/sali/mhancock/xray/sample_bench/out/283_2_cond_ref_phenix_ref_copy/5/output_2478/pdbs/15_7mhh.pdb,,0.9907893653407746,,0.0092106346592254,/wynton/home/sali/mhancock/xray/dev/38_standard_flags/data/7mhg.cif,/wynton/home/sali/mhancock/xray/dev/38_standard_flags/data/7mhh.cif,0.2479412217495417,0.182880772798436,5.658548938774556,0.4956102102654068,0.5043897897345933,,,,,,,,,,,,,,,
12,2.0,2.0,1.0,,0.4411731587443627,,,0.2204985068549162,0.1826377587261211,5.0111735055970925,1150358986.1832826,/wynton/group/sali/mhancock/xray/sample_bench/out/283_2_cond_ref_phenix_ref_copy/6/output_1828/pdbs/39_7mhg.pdb,,0.5348889646455807,,0.4651110353544193,/wynton/home/sali/mhancock/xray/dev/38_standard_flags/data/7mhg.cif,/wynton/home/sali/mhancock/xray/dev/38_standard_flags/data/7mhi.cif,,,,,,,,,0.9626128839056124,0.0373871160943874,,,,,,,,,,
13,2.0,2.0,1.0,,0.4729211701634981,,,,,,2557233120549.144,/wynton/group/sali/mhancock/xray/sample_bench/out/283_2_cond_ref_phenix_ref_copy/6/output_1663/pdbs/195_7mhi.pdb,,0.0870208838298982,,0.9129791161701016,/wynton/home/sali/mhancock/xray/dev/38_standard_flags/data/7mhg.cif,/wynton/home/sali/mhancock/xray/dev/38_standard_flags/data/7mhi.cif,,,,,,0.2272014553338092,0.1888607499259463,5.117091868656143,0.5359597556216726,0.4640402443783273,,,,,,,,,,
14,2.0,2.0,1.0,,0.4077186565375596,,,0.2186870938252804,0.1842428831000928,5.01491777566605,1.0467686861576656e+16,/wynton/group/sali/mhancock/xray/sample_bench/out/283_2_cond_ref_phenix_ref_copy/7/output_3721/pdbs/83_7mhg.pdb,,0.4555178689924956,,0.5444821310075044,/wynton/home/sali/mhancock/xray/dev/38_standard_flags/data/7mhg.cif,/wynton/home/sali/mhancock/xray/dev/38_standard_flags/data/7mhj.cif,,,,,,,,,,,,,,0.1120716893011755,0.8879283106988245,,,,,
15,2.0,2.0,1.0,,0.4606504550671356,,,,,,33632329905.155296,/wynton/group/sali/mhancock/xray/sample_bench/out/283_2_cond_ref_phenix_ref_copy/7/output_1816/pdbs/18_7mhj.pdb,,0.9793086978322616,,0.0206913021677385,/wynton/home/sali/mhancock/xray/dev/38_standard_flags/data/7mhg.cif,/wynton/home/sali/mhancock/xray/dev/38_standard_flags/data/7mhj.cif,,,,,,,,,,,0.2414029068256799,0.1894811396696031,5.196417341575524,0.4828063856337407,0.5171936143662593,,,,,
16,2.0,2.0,1.0,,0.4045626461710088,,,0.2179466238400043,0.1850031057465032,5.016639240894612,108696804120.60808,/wynton/group/sali/mhancock/xray/sample_bench/out/283_2_cond_ref_phenix_ref_copy/8/output_3115/pdbs/49_7mhg.pdb,,0.4304516912938002,,0.5695483087061999,/wynton/home/sali/mhancock/xray/dev/38_standard_flags/data/7mhg.cif,/wynton/home/sali/mhancock/xray/dev/38_standard_flags/data/7mhk.cif,,,,,,,,,,,,,,,,,,,0.0369365139287691,0.9630634860712308
17,2.0,2.0,1.0,,0.3916084394163397,,,,,,62490568.33776906,/wynton/group/sali/mhancock/xray/sample_bench/out/283_2_cond_ref_phenix_ref_copy/8/output_728/pdbs/8_7mhk.pdb,,0.8395157209580545,,0.1604842790419454,/wynton/home/sali/mhancock/xray/dev/38_standard_flags/data/7mhg.cif,/wynton/home/sali/mhancock/xray/dev/38_standard_flags/data/7mhk.cif,,,,,,,,,,,,,,,,0.2474027883497705,0.1903950376609303,5.085237911635178,0.4628904556502353,0.5371095443497648
18,2.0,2.0,1.0,,0.6694469092520665,,,,,,16323704.636526858,/wynton/group/sali/mhancock/xray/sample_bench/out/283_2_cond_ref_phenix_ref_copy/9/output_2930/pdbs/8_7mhh.pdb,,,,,/wynton/home/sali/mhancock/xray/dev/38_standard_flags/data/7mhh.cif,/wynton/home/sali/mhancock/xray/dev/38_standard_flags/data/7mhi.cif,0.2486951003599685,0.1786460434481802,5.650341275912188,0.5624097757669616,0.4375902242330385,,,,0.6100928674817665,0.3899071325182335,,,,,,,,,,
19,2.0,2.0,1.0,,0.6185257756158451,,,,,,3.651553896529472e+19,/wynton/group/sali/mhancock/xray/sample_bench/out/283_2_cond_ref_phenix_ref_copy/9/output_2807/pdbs/5_7mhi.pdb,,,,,/wynton/home/sali/mhancock/xray/dev/38_standard_flags/data/7mhh.cif,/wynton/home/sali/mhancock/xray/dev/38_standard_flags/data/7mhi.cif,,,,0.3348055230093098,0.6651944769906901,0.234089433613052,0.1828698503757955,5.111573324484657,0.6243340097387289,0.3756659902612711,,,,,,,,,,
20,2.0,2.0,1.0,,0.6677315585138641,,,,,,4905362.609703016,/wynton/group/sali/mhancock/xray/sample_bench/out/283_2_cond_ref_phenix_ref_copy/10/output_3507/pdbs/6_7mhh.pdb,,,,,/wynton/home/sali/mhancock/xray/dev/38_standard_flags/data/7mhh.cif,/wynton/home/sali/mhancock/xray/dev/38_standard_flags/data/7mhj.cif,0.2466768297221266,0.1788458786170398,5.648111443374543,0.6080867241978901,0.3919132758021099,,,,,,,,,0.1273569421347019,0.872643057865298,,,,,
21,2.0,2.0,1.0,,0.6022543029924698,,,,,,104825045.43427628,/wynton/group/sali/mhancock/xray/sample_bench/out/283_2_cond_ref_phenix_ref_copy/10/output_2848/pdbs/4_7mhj.pdb,,,,,/wynton/home/sali/mhancock/xray/dev/38_standard_flags/data/7mhh.cif,/wynton/home/sali/mhancock/xray/dev/38_standard_flags/data/7mhj.cif,,,,0.3711671605103008,0.6288328394896993,,,,,,0.2424741045173478,0.1829950019068996,5.184030934424379,0.4813354322416116,0.5186645677583883,,,,,
22,2.0,2.0,1.0,,0.6688288390205922,,,,,,11241030.966669876,/wynton/group/sali/mhancock/xray/sample_bench/out/283_2_cond_ref_phenix_ref_copy/11/output_3014/pdbs/30_7mhh.pdb,,,,,/wynton/home/sali/mhancock/xray/dev/38_standard_flags/data/7mhh.cif,/wynton/home/sali/mhancock/xray/dev/38_standard_flags/data/7mhk.cif,0.2467243285195327,0.1835199069735888,5.666391430837658,0.4304648834448235,0.5695351165551764,,,,,,,,,,,,,,0.9053525806522786,0.0946474193477213
23,2.0,2.0,1.0,,0.6072461392399517,,,,,,18801853.176029038,/wynton/group/sali/mhancock/xray/sample_bench/out/283_2_cond_ref_phenix_ref_copy/11/output_659/pdbs/11_7mhk.pdb,,,,,/wynton/home/sali/mhancock/xray/dev/38_standard_flags/data/7mhh.cif,/wynton/home/sali/mhancock/xray/dev/38_standard_flags/data/7mhk.cif,,,,0.669129539021524,0.330870460978476,,,,,,,,,,,0.2485291829037011,0.1899315691907729,5.065887762991896,0.5618861281095104,0.4381138718904896
24,2.0,2.0,1.0,,0.7107795778304075,,,,,,892241717217674.9,/wynton/group/sali/mhancock/xray/sample_bench/out/283_2_cond_ref_phenix_ref_copy/12/output_700/pdbs/32_7mhi.pdb,,,,,/wynton/home/sali/mhancock/xray/dev/38_standard_flags/data/7mhi.cif,/wynton/home/sali/mhancock/xray/dev/38_standard_flags/data/7mhj.cif,,,,,,0.2323223354389133,0.1845819474383389,5.100326914553312,0.4671247095966966,0.5328752904033035,,,,0.9585227957587692,0.0414772042412307,,,,,
25,2.0,2.0,1.0,,0.660404490116052,,,,,,3385973426.262735,/wynton/group/sali/mhancock/xray/sample_bench/out/283_2_cond_ref_phenix_ref_copy/12/output_559/pdbs/11_7mhj.pdb,,,,,/wynton/home/sali/mhancock/xray/dev/38_standard_flags/data/7mhi.cif,/wynton/home/sali/mhancock/xray/dev/38_standard_flags/data/7mhj.cif,,,,,,,,,0.4563258722004976,0.5436741277995024,0.2414405362140608,0.1814625450572647,5.169020276920271,0.4615065625505965,0.5384934374494035,,,,,
26,2.0,2.0,1.0,,0.7886095399580088,,,,,,75234726355377.16,/wynton/group/sali/mhancock/xray/sample_bench/out/283_2_cond_ref_phenix_ref_copy/13/output_3288/pdbs/99_7mhi.pdb,,,,,/wynton/home/sali/mhancock/xray/dev/38_standard_flags/data/7mhi.cif,/wynton/home/sali/mhancock/xray/dev/38_standard_flags/data/7mhk.cif,,,,,,0.2274820920270997,0.1910898990107161,5.110661137084637,0.4808908045511874,0.5191091954488126,,,,,,,,,0.1919681328358409,0.808031867164159
27,2.0,2.0,1.0,,0.6089567280165264,,,,,,518959450.2271004,/wynton/group/sali/mhancock/xray/sample_bench/out/283_2_cond_ref_phenix_ref_copy/13/output_3670/pdbs/16_7mhk.pdb,,,,,/wynton/home/sali/mhancock/xray/dev/38_standard_flags/data/7mhi.cif,/wynton/home/sali/mhancock/xray/dev/38_standard_flags/data/7mhk.cif,,,,,,,,,0.5241713413965967,0.4758286586034032,,,,,,0.2513129738198927,0.1941954121304647,5.079605238573796,0.5282440357816411,0.4717559642183588
28,2.0,1.0,1.0,0.2218922673031915,0.2009511458104948,0.1877645186172254,5.126163941474718,,,,7275649.30689912,/wynton/group/sali/mhancock/xray/sample_bench/out/283_2_cond_ref_phenix_ref_copy/15/output_669/pdbs/2_7mhf.pdb,0.438662520332657,,0.5613374796673429,,/wynton/home/sali/mhancock/xray/dev/38_standard_flags/data/7mhf.cif,,,,,,,,,,,,,,,,,,,,,
29,2.0,1.0,1.0,,0.3522591286869861,,,0.2195042133920121,0.1821193816526867,5.007180379544829,348976171513632.75,/wynton/group/sali/mhancock/xray/sample_bench/out/283_2_cond_ref_phenix_ref_copy/16/output_368/pdbs/255_7mhg.pdb,,0.4413535823245084,,0.5586464176754916,/wynton/home/sali/mhancock/xray/dev/38_standard_flags/data/7mhg.cif,,,,,,,,,,,,,,,,,,,,,
30,2.0,1.0,1.0,,0.6382408364371773,,,,,,3748786.2942194496,/wynton/group/sali/mhancock/xray/sample_bench/out/283_2_cond_ref_phenix_ref_copy/17/output_708/pdbs/5_7mhh.pdb,,,,,/wynton/home/sali/mhancock/xray/dev/38_standard_flags/data/7mhh.cif,,0.2485238446833169,0.1770535090467466,5.634131083010635,0.4142295631213348,0.5857704368786651,,,,,,,,,,,,,,,
31,2.0,1.0,1.0,,0.587698986542218,,,,,,8.23759646555895e+18,/wynton/group/sali/mhancock/xray/sample_bench/out/283_2_cond_ref_phenix_ref_copy/18/output_1799/pdbs/4_7mhi.pdb,,,,,/wynton/home/sali/mhancock/xray/dev/38_standard_flags/data/7mhi.cif,,,,,,,0.2345083019970782,0.1840275817678582,5.102347608463338,0.487402835359782,0.5125971646402179,,,,,,,,,,
