,n,rmsd_mean,rmsd_std,rmsd_50,rmsd_25,rmsd_75
0,1,0.1387420539319775,0.014475355588827463,0.1374849975420462,0.1273853557243688,0.1472582205113618
1,2,0.13078746889318899,0.010787871347257859,0.12932103282035956,0.122513153070043,0.1376029210723925
2,3,0.12672249752550913,0.008682038131720334,0.125897561909022,0.1208932832202252,0.13191441383721195
3,4,0.12472651871554283,0.007559276005665169,0.1238558589141617,0.11988023882372173,0.12923249599210673
4,5,0.12334941590608352,0.00691581888912159,0.1225214377185683,0.1183778275351624,0.127411445032469
5,6,0.12227254501042291,0.00637924095584246,0.1217091671963019,0.1177542335541887,0.1260300201410156
6,7,0.1214492622719253,0.0058948375286332795,0.1212832776990165,0.1173024181191921,0.1251687053251822
7,8,0.12066593026453509,0.005553044085039714,0.12063592430399914,0.1167186902052941,0.1239868712831205
8,9,0.1200402282162998,0.005278268091727208,0.1201993793397787,0.1165775393866082,0.1230667684930665
9,10,0.11954354423045019,0.004988128315406337,0.1195950736861903,0.1159734397099544,0.1225297223670936
10,11,0.11918521978289849,0.004786824053563637,0.1190232409234418,0.115731566112294,0.1218116038594216
11,12,0.11875211783441039,0.004574035833638662,0.1183778275351624,0.115396837539225,0.1215608381528829
12,13,0.11842425196494157,0.004443740353578141,0.1180254176188496,0.1146391367632842,0.1212832776990165
13,14,0.11813736831071307,0.004360511164679033,0.117810363592605,0.1145469474070612,0.12098888515959555
14,15,0.11787696041537712,0.0041528367427365485,0.1177542335541887,0.1144982907660778,0.1208932832202252
15,16,0.1175429109915692,0.004039818776638297,0.11736816082481616,0.1144982907660778,0.1205481286366763
16,17,0.11729052714871495,0.003989150184103278,0.1170062975485924,0.114271934584322,0.1202516565955465
17,18,0.11706661079838337,0.003921800292182058,0.1169756449771952,0.114271934584322,0.12005251452567
18,19,0.11683930869847854,0.003857782715622253,0.1166666625351636,0.1142598518536477,0.1195950736861903
19,20,0.11658918121213091,0.003779036437695912,0.1165775393866082,0.1141320641116264,0.1190232409234418
20,21,0.11642965169155431,0.0037581671447336072,0.1165341806917392,0.1141320641116264,0.1187123036759602
21,22,0.1162799080701512,0.0036565342706476934,0.1157328404264905,0.1141036033634505,0.1184097465051558
22,23,0.11613080117741043,0.003571648051260864,0.1157328404264905,0.1141036033634505,0.11838691941028
23,24,0.1160106250244697,0.0035125252255442697,0.115731566112294,0.1141036033634505,0.118338505583028
24,25,0.11584413343245509,0.0034727904385333484,0.1154729461169864,0.1137066317963798,0.1179577794728993
25,26,0.11570241989948717,0.0033869216645748663,0.115396837539225,0.1137066317963798,0.117810363592605
26,27,0.11555308325842224,0.0033616129017791296,0.1148830678944704,0.1129843385102777,0.1177542335541887
27,28,0.11543357008159327,0.0033379294448966632,0.1148830678944704,0.1129843385102777,0.1175719525524289
28,29,0.1152865727662199,0.0033169199695175055,0.11459304208517271,0.1129843385102777,0.1174339035304402
29,30,0.11518624987030544,0.0032264850039990783,0.1145469474070612,0.1126546253043353,0.1173024181191921
30,31,0.11510997076314099,0.003183050686246201,0.1145469474070612,0.1126546253043353,0.1171716898292928
31,32,0.11496872388607113,0.003092127519783836,0.1144982907660778,0.1126546253043353,0.1170062975485924
32,33,0.11489491097674517,0.003055251137331702,0.1144982907660778,0.1126546253043353,0.1170062975485924
33,34,0.1148260239447581,0.003026470672153623,0.1144327991433818,0.1126546253043353,0.1169756449771952
34,35,0.11470177620870835,0.002972352281603068,0.1144327991433818,0.1126546253043353,0.1167186902052941
35,36,0.1146385449944416,0.002953716364773819,0.114271934584322,0.1126546253043353,0.1167186902052941
36,37,0.11455178220469875,0.0029085252003127854,0.114271934584322,0.1121708879634387,0.1166666625351636
37,38,0.11447937115833733,0.00287476707285931,0.114271934584322,0.1121708879634387,0.11659982017374705
38,39,0.11442854658253611,0.0028622827638509485,0.114271934584322,0.1121708879634387,0.1165775393866082
39,40,0.11437539092560355,0.0028502409518226073,0.1142598518536477,0.1121708879634387,0.1165341806917392
40,41,0.11431320050291516,0.002811834562530059,0.1142598518536477,0.1121708879634387,0.1165341806917392
41,42,0.11425347190415776,0.0027899133494373725,0.1142598518536477,0.1121708879634387,0.1165341806917392
42,43,0.11419225285860544,0.0027925860512731356,0.1142598518536477,0.1121489177762544,0.1159734397099544
43,44,0.11410062401797583,0.002742729198482806,0.1142517017094576,0.1121489177762544,0.1157328404264905
44,45,0.11403989549045458,0.002736822346281746,0.1142517017094576,0.1121489177762544,0.115731566112294
45,46,0.11397655816461719,0.002684623409575288,0.114191882910542,0.1121489177762544,0.115731566112294
46,47,0.11393300243564593,0.002684961486878714,0.1141320641116264,0.1121489177762544,0.1155376011158133
47,48,0.11389028485024333,0.0026852138804222834,0.1141320641116264,0.1121489177762544,0.1154729461169864
48,49,0.11347581315765409,0.002734806519279712,0.1137066317963798,0.1114182383026429,0.1148830678944704
49,50,0.113417121786045,0.0027041202617311484,0.1137066317963798,0.1114182383026429,0.1148830678944704
50,51,0.11335684280416937,0.0026787738541618573,0.1137066317963798,0.1114182383026429,0.1146391367632842
51,52,0.11330524199510529,0.002656821658723116,0.1129843385102777,0.1114182383026429,0.1146391367632842
52,53,0.11320865331308633,0.0026289895971360546,0.1129843385102777,0.1114182383026429,0.11456999474611695
53,54,0.11316147306071753,0.0025908797122065784,0.1129843385102777,0.1114182383026429,0.1145469474070612
54,55,0.11312120160894382,0.002566094603485338,0.1129843385102777,0.1114182383026429,0.1145469474070612
55,56,0.1130660109440113,0.0025583717892242092,0.1129843385102777,0.1113975466023526,0.1144982907660778
56,57,0.11304304715696988,0.0025577617871088165,0.1129843385102777,0.1113975466023526,0.1144982907660778
57,58,0.11300592601410227,0.0025409587196707686,0.1129843385102777,0.1113975466023526,0.1144982907660778
58,59,0.1129703415250336,0.0025241694198030354,0.1129843385102777,0.1113975466023526,0.1144491720490558
59,60,0.1129263580918488,0.0025122034519864454,0.1126546253043353,0.1113975466023526,0.1144327991433818
60,61,0.11287783091953936,0.002489079984262949,0.1126546253043353,0.1113975466023526,0.1144327991433818
61,62,0.11283013903893108,0.002455486435252282,0.1126546253043353,0.1113975466023526,0.114271934584322
62,63,0.11278413785934663,0.002434741740961018,0.1126546253043353,0.1113975466023526,0.114271934584322
63,64,0.11273833709113777,0.0024244868991251858,0.1126546253043353,0.1113975466023526,0.114271934584322
64,65,0.1127062498681486,0.0024161875615447753,0.1126546253043353,0.1113975466023526,0.114271934584322
65,66,0.1126853202357635,0.0024040524398988546,0.1126546253043353,0.1113975466023526,0.114271934584322
66,67,0.11265492416736321,0.0023952756006735583,0.1126546253043353,0.1113975466023526,0.114271934584322
67,68,0.11262349408130166,0.0023769073089096693,0.1121708879634387,0.1113975466023526,0.11426287253631628
68,69,0.1125939434033485,0.00237662609119792,0.1121708879634387,0.1113975466023526,0.1142598518536477
69,70,0.11257784550152669,0.0023671876237172235,0.1121708879634387,0.1113975466023526,0.1142598518536477
70,71,0.11253467384434643,0.002366191433112982,0.1121708879634387,0.1113975466023526,0.11425373924550512
71,72,0.1125165244439349,0.0023572640129491027,0.1121708879634387,0.1113975466023526,0.11425373924550512
72,73,0.11250432948938839,0.0023564813309533863,0.1121708879634387,0.1113975466023526,0.1142517017094576
73,74,0.11245867056373778,0.0023430299488934173,0.1121708879634387,0.1113975466023526,0.1142517017094576
74,75,0.11243288481547713,0.0023309770650646066,0.1121708879634387,0.1113975466023526,0.1142517017094576
75,76,0.11241211619248999,0.0023201222129217726,0.1121708879634387,0.1113975466023526,0.1142517017094576
76,77,0.11237077889901856,0.002300215210638592,0.1121708879634387,0.1113975466023526,0.1141320641116264
77,78,0.11233848661027866,0.002287232262739911,0.1121708879634387,0.1113975466023526,0.1141320641116264
78,79,0.11231748603049418,0.0022929528840864703,0.1121708879634387,0.1113975466023526,0.1141320641116264
79,80,0.1122889734037852,0.0022612719928963906,0.1121708879634387,0.1113975466023526,0.1141320641116264
80,81,0.11226140058883999,0.0022493632919625113,0.1121708879634387,0.1113975466023526,0.1141320641116264
81,82,0.11223600886442234,0.002246547706544374,0.1121708879634387,0.1113975466023526,0.1141320641116264
82,83,0.11222946997076122,0.0022407252628998107,0.1121708879634387,0.1113975466023526,0.1141320641116264
83,84,0.1121984145833417,0.0022346698901866717,0.1121708879634387,0.1102454178376699,0.1141036033634505
84,85,0.11217416686204003,0.0022301298672070006,0.1121489177762544,0.1102454178376699,0.1141036033634505
85,86,0.11214635634105759,0.0022234550253524775,0.1121489177762544,0.1102454178376699,0.1141036033634505
86,87,0.11213720790416834,0.0022187675881551712,0.1121489177762544,0.1102454178376699,0.1141036033634505
87,88,0.11210444586953558,0.0022195407267042184,0.1121489177762544,0.1102454178376699,0.1141036033634505
88,89,0.11209149285556938,0.002220780411102414,0.1121489177762544,0.1102454178376699,0.1141036033634505
89,90,0.11206846736244656,0.002210429714225165,0.1121489177762544,0.1102454178376699,0.1141036033634505
90,91,0.11204813321015596,0.0021953460362212126,0.1121489177762544,0.1102454178376699,0.1141036033634505
91,92,0.11202810865081228,0.002176734681449289,0.1121489177762544,0.1102454178376699,0.1141036033634505
92,93,0.11201813618341916,0.0021691085338612303,0.1121489177762544,0.1102454178376699,0.1141036033634505
93,94,0.1119907258957642,0.002157618005698201,0.1121489177762544,0.1102454178376699,0.1137066317963798
94,95,0.11197426782503114,0.0021541514850306775,0.1121489177762544,0.1102454178376699,0.1137066317963798
95,96,0.11194534588620235,0.00213548531488897,0.1121489177762544,0.1102454178376699,0.1137066317963798
96,97,0.11202324473017665,0.002156671463888192,0.1121489177762544,0.1102454178376699,0.1137066317963798
97,98,0.11199873522606403,0.0021450297813862566,0.1121489177762544,0.1102454178376699,0.1137066317963798
98,99,0.1119733336081406,0.002133881155269083,0.1121489177762544,0.1102454178376699,0.1137066317963798
99,100,0.11195378413124041,0.0021285963861356746,0.1121489177762544,0.1102454178376699,0.1137066317963798
100,101,0.111935062832303,0.002121816211580028,0.1121489177762544,0.1102454178376699,0.1137066317963798
101,102,0.11191521489049484,0.0021133031041745375,0.1121489177762544,0.1102454178376699,0.1137066317963798
102,103,0.11189820086318189,0.002113645186914858,0.1121489177762544,0.1102454178376699,0.1137066317963798
103,104,0.11189102129332229,0.0021109910023177055,0.1121489177762544,0.1102454178376699,0.1137066317963798
104,105,0.11186607181791117,0.002094652843343287,0.1121489177762544,0.1102454178376699,0.1137066317963798
105,106,0.11183111987430448,0.002080801785782233,0.1121489177762544,0.1102454178376699,0.1137066317963798
106,107,0.11180862937896331,0.0020693676366376765,0.1121489177762544,0.1102454178376699,0.11316491183180322
107,108,0.11178830366834737,0.0020672496939406993,0.1121489177762544,0.1102454178376699,0.1129843385102777
108,109,0.11178116371331366,0.0020660147004894743,0.1121489177762544,0.1102454178376699,0.1129843385102777
109,110,0.1117646775427618,0.002053602515462855,0.1121489177762544,0.1102454178376699,0.1129843385102777
110,111,0.1117443302258848,0.002042618319406311,0.11178357803944865,0.1102454178376699,0.1129843385102777
111,112,0.11173656336971245,0.0020378113520648135,0.1114182383026429,0.1102454178376699,0.1129843385102777
112,113,0.11172445182111329,0.0020346868483904785,0.1114182383026429,0.1102454178376699,0.1129843385102777
113,114,0.11170197524017118,0.0020268179111874794,0.1114182383026429,0.1102454178376699,0.1129843385102777
114,115,0.1116761581254958,0.00201792292505981,0.1114182383026429,0.1102454178376699,0.1129843385102777
115,116,0.11165589178765968,0.0020082288833854385,0.1114182383026429,0.1102454178376699,0.1129843385102777
116,117,0.11164068011772409,0.002006927488677211,0.1114182383026429,0.1102454178376699,0.1129843385102777
117,118,0.11162223557781399,0.0020055766364467692,0.1114182383026429,0.1102454178376699,0.1129843385102777
118,119,0.11160899062772746,0.0020040779344931755,0.1114182383026429,0.1102454178376699,0.1129843385102777
119,120,0.11159831938449424,0.0019983804442464,0.1114182383026429,0.1102454178376699,0.1129843385102777
120,121,0.11157879207910285,0.0020003117458310357,0.1114182383026429,0.1102454178376699,0.1127370536058209
121,122,0.11156827634497155,0.0019962066088945966,0.1114182383026429,0.1102454178376699,0.1126546253043353
122,123,0.11155717077351725,0.001999358007372725,0.1114182383026429,0.1102454178376699,0.1126546253043353
123,124,0.11154785259623563,0.0019945434032556204,0.1114182383026429,0.1102454178376699,0.1126546253043353
124,125,0.11153710750067095,0.0019905202847971997,0.1114182383026429,0.1102454178376699,0.1126546253043353
125,126,0.1115198183761898,0.001986325797384596,0.1114182383026429,0.1102454178376699,0.1126546253043353
126,127,0.11149733253984721,0.001984312684595052,0.1114182383026429,0.1102454178376699,0.1126546253043353
127,128,0.11148308790658525,0.001982307950435799,0.1114182383026429,0.1102454178376699,0.1126546253043353
128,129,0.11147006049314168,0.0019845945526943956,0.1114182383026429,0.1102454178376699,0.1126546253043353
129,130,0.11145561193193147,0.0019704393719096602,0.1114182383026429,0.1102454178376699,0.1126546253043353
130,131,0.11144684635301971,0.001967448326333085,0.1114182383026429,0.1102454178376699,0.1126546253043353
131,132,0.11142441876551509,0.0019628901005363697,0.1114182383026429,0.1102454178376699,0.1126546253043353
132,133,0.11141056542798654,0.0019645266919711252,0.1114182383026429,0.1102454178376699,0.1126546253043353
133,134,0.11139977124669151,0.0019648701594055084,0.1114182383026429,0.1102454178376699,0.1126546253043353
134,135,0.11138641031531,0.001956691663281129,0.1114182383026429,0.1102454178376699,0.1126546253043353
135,136,0.11137572815894754,0.001956219981464035,0.1114182383026429,0.1102454178376699,0.1126546253043353
136,137,0.11134920357039357,0.0019562552188391847,0.1114182383026429,0.1102454178376699,0.1126546253043353
137,138,0.11132948367363062,0.001953620597448416,0.1113975466023526,0.1102454178376699,0.1126546253043353
138,139,0.11132281400445708,0.0019482131034259651,0.1113975466023526,0.1102454178376699,0.1126546253043353
139,140,0.11131409204533262,0.0019388475906678504,0.1113975466023526,0.1102454178376699,0.1126546253043353
140,141,0.11130348108549519,0.0019388651697987052,0.1113975466023526,0.1102454178376699,0.1126546253043353
141,142,0.111296228823227,0.0019295348055094284,0.1113975466023526,0.1102454178376699,0.1126546253043353
142,143,0.11127143378404267,0.0019259728777435976,0.1113975466023526,0.1102454178376699,0.1121708879634387
143,144,0.11125667539745134,0.0019151803516064573,0.1113975466023526,0.1102454178376699,0.1121708879634387
144,145,0.11126393915663771,0.001895837739082156,0.1113975466023526,0.1102454178376699,0.1121708879634387
145,146,0.11124322237478006,0.001896222730329732,0.1113975466023526,0.1102454178376699,0.1121708879634387
146,147,0.11121741621090755,0.001881396664735774,0.1113975466023526,0.1102454178376699,0.1121708879634387
147,148,0.11121258688273798,0.001881786112360408,0.1113975466023526,0.1102454178376699,0.1121708879634387
148,149,0.11119740740804748,0.0018746547539426125,0.1113975466023526,0.1102454178376699,0.1121708879634387
149,150,0.11118683042262681,0.0018699372204580632,0.1113975466023526,0.1102454178376699,0.1121708879634387
150,151,0.11117617196571204,0.0018647823516308364,0.1113975466023526,0.1102454178376699,0.1121708879634387
151,152,0.11116120856796775,0.0018582285129526345,0.1113975466023526,0.1102454178376699,0.1121708879634387
152,153,0.11116012796465483,0.0018564756321593583,0.1113975466023526,0.1102454178376699,0.1121708879634387
153,154,0.11115046976490463,0.0018553474099606147,0.1113975466023526,0.1102454178376699,0.1121708879634387
154,155,0.11113499206569127,0.001851962658879186,0.1113975466023526,0.1102454178376699,0.1121708879634387
155,156,0.11111849460774664,0.0018462453715757856,0.1113975466023526,0.1102454178376699,0.1121708879634387
156,157,0.11110884178627851,0.0018386182929428264,0.1113975466023526,0.1102454178376699,0.1121708879634387
157,158,0.1110896824954513,0.0018332270304765004,0.1113975466023526,0.1102454178376699,0.1121708879634387
158,159,0.11107579827437528,0.0018323856729484127,0.1113975466023526,0.1102454178376699,0.1121708879634387
159,160,0.1110731816327698,0.0018295635235098372,0.1113975466023526,0.1102454178376699,0.1121708879634387
160,161,0.1110673170856737,0.0018221022311727,0.1113975466023526,0.1102454178376699,0.1121708879634387
161,162,0.11105042139375806,0.0018097901564226402,0.1113975466023526,0.1102454178376699,0.1121708879634387
162,163,0.11103477096164463,0.001808908106868531,0.1113975466023526,0.1102454178376699,0.1121708879634387
163,164,0.11102424798009101,0.001808295305379777,0.1113975466023526,0.10981596190600405,0.1121708879634387
164,165,0.11101943314426052,0.0018097824727601023,0.1113975466023526,0.1085275941110065,0.1121708879634387
165,166,0.11101436401284719,0.0018079953101521446,0.1113975466023526,0.1085275941110065,0.1121708879634387
166,167,0.11101001200970834,0.0018090331163644739,0.1113975466023526,0.1085275941110065,0.1121708879634387
167,168,0.11099573051545024,0.0018045220811708732,0.1113975466023526,0.1085275941110065,0.1121708879634387
168,169,0.11099409944104592,0.0018030848031274774,0.1113975466023526,0.1085275941110065,0.1121708879634387
169,170,0.11097839007013607,0.001794408403460509,0.1113975466023526,0.1085275941110065,0.1121708879634387
170,171,0.1109693492312918,0.0017891355962875043,0.1113975466023526,0.1085275941110065,0.1121708879634387
171,172,0.11096587315563564,0.001783795723263603,0.1113975466023526,0.1085275941110065,0.1121708879634387
172,173,0.11095564732411521,0.0017802301155806378,0.1113975466023526,0.1085275941110065,0.1121708879634387
173,174,0.11094444174999851,0.0017796487868947427,0.1113975466023526,0.1085275941110065,0.11215441032305047
174,175,0.11093578942034252,0.0017782682068480356,0.1113975466023526,0.1085275941110065,0.1121489177762544
175,176,0.1109277387120007,0.0017762311894407772,0.1113975466023526,0.1085275941110065,0.1121489177762544
176,177,0.11091671879511973,0.0017610416538584972,0.1113975466023526,0.1085275941110065,0.1121489177762544
177,178,0.11090081139703534,0.001762750939374219,0.1113975466023526,0.1085275941110065,0.1121489177762544
178,179,0.11089597548031306,0.0017612383043058722,0.1113975466023526,0.1085275941110065,0.1121489177762544
179,180,0.1108885930770747,0.0017584060500932836,0.1113975466023526,0.1085275941110065,0.1121489177762544
180,181,0.11087580421622416,0.0017538020167628115,0.1113975466023526,0.1085275941110065,0.1121489177762544
181,182,0.1108714860183667,0.0017472389088326928,0.1113975466023526,0.1085275941110065,0.1121489177762544
182,183,0.11086136649894118,0.0017463492551258908,0.1113975466023526,0.1085275941110065,0.1121489177762544
183,184,0.11085368318078435,0.0017391011727455352,0.1113975466023526,0.1085275941110065,0.1121489177762544
184,185,0.11084758778741347,0.0017360875122088737,0.1113975466023526,0.1085275941110065,0.1121489177762544
185,186,0.11083400310584696,0.0017360209569502734,0.1113975466023526,0.1085275941110065,0.1121489177762544
186,187,0.11082882251434639,0.0017322989409457228,0.1113975466023526,0.1085275941110065,0.1121489177762544
187,188,0.11082414798403098,0.0017335725031096408,0.1113975466023526,0.1085275941110065,0.1121489177762544
188,189,0.110817952252563,0.0017281920983998095,0.1113975466023526,0.1085275941110065,0.1121489177762544
189,190,0.11080653810339422,0.00172700864491673,0.1113975466023526,0.1085275941110065,0.1121489177762544
190,191,0.11078825524426111,0.0017176055921661365,0.1113975466023526,0.1085275941110065,0.1121489177762544
191,192,0.11078301895913954,0.001718909785083661,0.1113975466023526,0.1085275941110065,0.1121489177762544
192,193,0.11074293686766458,0.0016612721047713996,0.1113975466023526,0.1085275941110065,0.1121489177762544
193,194,0.1107372341235408,0.0016598717285494348,0.1113975466023526,0.1085275941110065,0.1121489177762544
194,195,0.11073220808786136,0.001655905342090759,0.1113975466023526,0.1085275941110065,0.1121489177762544
195,196,0.11072090216824106,0.0016500328069833392,0.1113975466023526,0.1085275941110065,0.1121489177762544
196,197,0.11071767951022755,0.0016480485410053963,0.1113975466023526,0.1085275941110065,0.1121489177762544
197,198,0.11070735213572602,0.001643732893569055,0.1113975466023526,0.1085275941110065,0.1121489177762544
198,199,0.11070108943503715,0.001635088153649581,0.1113975466023526,0.1085275941110065,0.1121489177762544
199,200,0.11069333980169169,0.001636139974770203,0.1113975466023526,0.1085275941110065,0.11160090817104577
200,201,0.11069046984920035,0.0016374188003050283,0.1113975466023526,0.1085275941110065,0.11160090817104577
201,202,0.11067910312800533,0.0016291989130872246,0.1113975466023526,0.1085275941110065,0.1114182383026429
202,203,0.11067239568168852,0.0016269136361349767,0.1113975466023526,0.1085275941110065,0.1114182383026429
203,204,0.11066600673931525,0.0016234478572722086,0.11082148222001126,0.1085275941110065,0.1114182383026429
204,205,0.1106636817900856,0.0016232160444762422,0.1102454178376699,0.1085275941110065,0.1114182383026429
205,206,0.11065430522060453,0.001616315553236241,0.1102454178376699,0.1085275941110065,0.1114182383026429
206,207,0.11062961745270625,0.0016123825259665183,0.1102454178376699,0.1085275941110065,0.1114182383026429
207,208,0.1106211025119838,0.001608071897356563,0.1102454178376699,0.1085275941110065,0.1114182383026429
208,209,0.11061300247373211,0.0016082936460637396,0.1102454178376699,0.1085275941110065,0.1114182383026429
209,210,0.11060689126346603,0.0016096578472763567,0.1102454178376699,0.1085275941110065,0.1114182383026429
210,211,0.11059496098093512,0.001608776238049021,0.1102454178376699,0.1085275941110065,0.1114182383026429
211,212,0.110591871299314,0.0016078493087014227,0.1102454178376699,0.1085275941110065,0.1114182383026429
212,213,0.11058843328459242,0.0016036545103852407,0.1102454178376699,0.1085275941110065,0.1114182383026429
213,214,0.11058479126922686,0.0016042046498644308,0.1102454178376699,0.1085275941110065,0.1114182383026429
214,215,0.11057666783524485,0.0015965858090599997,0.1102454178376699,0.1085275941110065,0.1114182383026429
215,216,0.11057421933204457,0.0015973119601583503,0.1102454178376699,0.1085275941110065,0.1114182383026429
216,217,0.11056972803234501,0.001592531207382695,0.1102454178376699,0.1085275941110065,0.1114182383026429
217,218,0.11055995246957565,0.0015871472806131654,0.1102454178376699,0.1085275941110065,0.1114182383026429
218,219,0.11055095655151424,0.0015804358841446456,0.1102454178376699,0.1085275941110065,0.1114182383026429
219,220,0.11054411873166776,0.0015775224826191083,0.1102454178376699,0.1085275941110065,0.1114182383026429
220,221,0.11053756410192339,0.0015789935889792038,0.1102454178376699,0.1085275941110065,0.1114182383026429
221,222,0.11052584747723791,0.001581785766596623,0.1102454178376699,0.1085275941110065,0.1114182383026429
222,223,0.11051998084183624,0.0015759580464260153,0.1102454178376699,0.1085275941110065,0.1114182383026429
223,224,0.11051245133555626,0.0015709690700212314,0.1102454178376699,0.1085275941110065,0.1114182383026429
224,225,0.1105012584754151,0.0015666180787046128,0.1102454178376699,0.1085275941110065,0.1114182383026429
225,226,0.11048768886325606,0.001560002648408994,0.1102454178376699,0.1085275941110065,0.1114182383026429
226,227,0.11048353449976651,0.0015586569512021932,0.1102454178376699,0.1085275941110065,0.1114182383026429
227,228,0.1104753502032778,0.001557187685064531,0.1102454178376699,0.1085275941110065,0.1114182383026429
228,229,0.1104745768619167,0.0015565373385698481,0.1102454178376699,0.1085275941110065,0.1114182383026429
229,230,0.1104673492395167,0.0015519845217584626,0.1102454178376699,0.1085275941110065,0.1114182383026429
230,231,0.11046462249105532,0.0015479833722699102,0.1102454178376699,0.1085275941110065,0.1114182383026429
231,232,0.11045157914288481,0.0015485642174833533,0.1102454178376699,0.1085275941110065,0.1114182383026429
232,233,0.11044617306280231,0.001546879631271341,0.1102454178376699,0.1085275941110065,0.1114182383026429
233,234,0.1104412739687348,0.001545827367219389,0.1102454178376699,0.1085275941110065,0.1114182383026429
234,235,0.11044110517868849,0.0015454564101981508,0.1102454178376699,0.1085275941110065,0.1114182383026429
235,236,0.11043867527952153,0.0015438679427516955,0.1102454178376699,0.1085275941110065,0.1114182383026429
236,237,0.11043521406556282,0.0015404135981277997,0.1102454178376699,0.1085275941110065,0.1114182383026429
237,238,0.11041503411953657,0.0015347538152753724,0.1102454178376699,0.1085275941110065,0.1114182383026429
238,239,0.11040472572571672,0.0015276509876888426,0.1102454178376699,0.1085275941110065,0.1114182383026429
239,240,0.11040472572571672,0.0015276509876888426,0.1102454178376699,0.1085275941110065,0.1114182383026429
240,241,0.11038925436894667,0.001550116260678755,0.1102454178376699,0.1085275941110065,0.1114182383026429
241,242,0.11038605470324937,0.0015503860013630379,0.1102454178376699,0.1085275941110065,0.1114182383026429
242,243,0.11037774900415233,0.0015453958870764197,0.1102454178376699,0.1085275941110065,0.1114182383026429
243,244,0.11036496683665394,0.0015368442463234153,0.1102454178376699,0.1085275941110065,0.1114182383026429
244,245,0.11035237958383863,0.0015333224938471738,0.1102454178376699,0.1085275941110065,0.1114182383026429
245,246,0.1103414045096136,0.0015265218099356874,0.1102454178376699,0.1085275941110065,0.1114182383026429
246,247,0.11033386122696497,0.0015252656971310897,0.1102454178376699,0.1085275941110065,0.1114182383026429
247,248,0.1103260563960549,0.0015200738112048906,0.1102454178376699,0.1085275941110065,0.1114182383026429
248,249,0.11031697859862422,0.001516058477186421,0.1102454178376699,0.1085275941110065,0.1114182383026429
249,250,0.11030628481760721,0.0015074688809364448,0.1102454178376699,0.1085275941110065,0.1114182383026429
250,251,0.11030513268884252,0.001507074633884296,0.1102454178376699,0.1085275941110065,0.1114182383026429
251,252,0.1103002922627236,0.0015006451759704774,0.1102454178376699,0.1085275941110065,0.1114182383026429
252,253,0.11029763611312422,0.0014987545359459809,0.1102454178376699,0.1085275941110065,0.1114182383026429
253,254,0.11028922064532877,0.0014981164594875783,0.1102454178376699,0.1085275941110065,0.1114182383026429
254,255,0.11028294317206415,0.001496073470250149,0.1102454178376699,0.1085275941110065,0.1114182383026429
255,256,0.11028103967212557,0.0014949086099161856,0.1102454178376699,0.1085275941110065,0.1114182383026429
256,257,0.11027764332040586,0.0014947831372026988,0.1102454178376699,0.1085275941110065,0.1114182383026429
257,258,0.11027517412550529,0.0014950534035169001,0.1102454178376699,0.1085275941110065,0.1114182383026429
258,259,0.11026625295018176,0.0014935644446607927,0.1102454178376699,0.1085275941110065,0.1114182383026429
259,260,0.11026429826459458,0.0014898154577706164,0.1102454178376699,0.1085275941110065,0.1114182383026429
260,261,0.11026427757289428,0.001489799574428636,0.1102454178376699,0.1085275941110065,0.1114182383026429
261,262,0.11025967526146885,0.0014865881762313497,0.1102454178376699,0.1085275941110065,0.1113975466023526
262,263,0.11025177156299003,0.0014825471709345487,0.1102454178376699,0.1085275941110065,0.1113975466023526
263,264,0.11024718378677202,0.0014841016815961784,0.1102454178376699,0.1085275941110065,0.1113975466023526
264,265,0.11024603165800735,0.0014836553314119213,0.1102454178376699,0.1085275941110065,0.1113975466023526
265,266,0.11024203565863276,0.001479609243580721,0.1102454178376699,0.1085275941110065,0.1113975466023526
266,267,0.11023627378346289,0.001480653319058557,0.1102454178376699,0.1085275941110065,0.1113975466023526
267,268,0.11022799975468926,0.0014752102694670047,0.1102454178376699,0.1085275941110065,0.1113975466023526
268,269,0.110219790654806,0.0014764125502769005,0.1102454178376699,0.1085275941110065,0.1113975466023526
269,270,0.11021426583120217,0.0014748507103884147,0.1102454178376699,0.1085275941110065,0.1113975466023526
270,271,0.11020268871853955,0.001470123151916222,0.1102454178376699,0.1085275941110065,0.1113975466023526
271,272,0.11018996283968269,0.001468328039949949,0.1102454178376699,0.1085275941110065,0.1113975466023526
272,273,0.11018830500338994,0.0014670692705437843,0.1102454178376699,0.1085275941110065,0.1113975466023526
273,274,0.11018371722717195,0.0014684418923126981,0.1102454178376699,0.1085275941110065,0.1113975466023526
274,275,0.11018005324161924,0.0014680093330819977,0.1102454178376699,0.1085275941110065,0.1113975466023526
275,276,0.11017223688940822,0.0014670288759353735,0.1102454178376699,0.1085275941110065,0.1113975466023526
276,277,0.11016691843371662,0.0014675468133738987,0.1102454178376699,0.1085275941110065,0.1113975466023526
277,278,0.11015921787456881,0.001464961965584844,0.1102454178376699,0.1085275941110065,0.1113975466023526
278,279,0.1101497932923331,0.001465194268605453,0.1102454178376699,0.1085275941110065,0.1113975466023526
279,280,0.1101471371427337,0.0014629846082750272,0.1102454178376699,0.1085275941110065,0.1113975466023526
280,281,0.11013641279842111,0.0014581656191595656,0.1102454178376699,0.1085275941110065,0.1113975466023526
281,282,0.11011924882633875,0.001454962110821506,0.1102454178376699,0.1085275941110065,0.1113975466023526
282,283,0.11011447537390882,0.0014538526886104756,0.1102454178376699,0.1085275941110065,0.1113975466023526
283,284,0.11010467948211765,0.0014521549644830576,0.1102454178376699,0.1085275941110065,0.1113975466023526
284,285,0.11010340171171538,0.001450471564176813,0.1102454178376699,0.1085275941110065,0.1113975466023526
285,286,0.11009506209538944,0.001443710571279658,0.1102454178376699,0.1085275941110065,0.1113975466023526
286,287,0.11008685299550619,0.0014441836088434138,0.1102454178376699,0.1085275941110065,0.1113975466023526
287,288,0.11007727687518494,0.0014390911315568721,0.1102454178376699,0.1085275941110065,0.1113975466023526
288,289,0.10996774573444715,0.0014148085881699108,0.1102454178376699,0.1085275941110065,0.1113975466023526
289,290,0.1099627743431609,0.0014129851601939198,0.1102454178376699,0.1085275941110065,0.1113975466023526
290,291,0.10995431365650418,0.001410229841567033,0.1102454178376699,0.1085275941110065,0.1113975466023526
291,292,0.10994897323062537,0.0014099123922966792,0.1102454178376699,0.1085275941110065,0.1113975466023526
292,293,0.10994319194224211,0.0014098023578346134,0.1102454178376699,0.1085275941110065,0.1113975466023526
293,294,0.10993760816394177,0.0014042896392953339,0.1102454178376699,0.1085275941110065,0.1113975466023526
294,295,0.10993005312895177,0.0013991738904170208,0.1102454178376699,0.1085275941110065,0.1113975466023526
295,296,0.10992655535925715,0.0013969218942423047,0.1102454178376699,0.1085275941110065,0.1113975466023526
296,297,0.10991951907983888,0.0013971870342231654,0.1102454178376699,0.1085275941110065,0.1113975466023526
297,298,0.10991483251017642,0.0013914894165544148,0.1102454178376699,0.1085275941110065,0.1113975466023526
298,299,0.10991311468644976,0.001392140434432519,0.1102454178376699,0.1085275941110065,0.1113975466023526
299,300,0.1099065807484057,0.0013908589770696483,0.1102454178376699,0.1085275941110065,0.1113975466023526
300,301,0.10989988182585,0.0013871542459784004,0.1102454178376699,0.1085275941110065,0.1113975466023526
301,302,0.10988689927353684,0.001384542785464781,0.1102454178376699,0.1085275941110065,0.1113975466023526
302,303,0.10988689927353684,0.001384542785464781,0.1102454178376699,0.1085275941110065,0.1113975466023526
303,304,0.10988231149731885,0.0013849991000823118,0.1102454178376699,0.1085275941110065,0.1113975466023526
304,305,0.1098773940078949,0.00138473976347097,0.1102454178376699,0.1085275941110065,0.1113975466023526
305,306,0.10987567618416823,0.0013853475303481201,0.1102454178376699,0.1085275941110065,0.1113975466023526
306,307,0.1098664592011912,0.0013825714260467864,0.1102454178376699,0.1085275941110065,0.1113975466023526
307,308,0.10984963687768004,0.0013786238784410782,0.1102454178376699,0.1085275941110065,0.1113975466023526
308,309,0.10984310421812286,0.0013770421299746922,0.1102454178376699,0.1085275941110065,0.1113975466023526
309,310,0.10983392866568684,0.0013776526447481904,0.1102454178376699,0.1085275941110065,0.1113975466023526
310,311,0.10982992823907994,0.0013724775502402854,0.1102454178376699,0.1085275941110065,0.1113975466023526
311,312,0.10982191352887527,0.0013686787523313605,0.1102454178376699,0.1085275941110065,0.1113975466023526
312,313,0.10981831289691031,0.0013673311631503297,0.1102454178376699,0.1085275941110065,0.1113975466023526
313,314,0.10981531932379696,0.001365159776105692,0.1102454178376699,0.1085275941110065,0.1113975466023526
314,315,0.10981129724254093,0.0013639946377433394,0.1102454178376699,0.1085275941110065,0.1113975466023526
315,316,0.10980666808292236,0.0013641550268692795,0.1102454178376699,0.1085275941110065,0.1113975466023526
316,317,0.10980495025919569,0.0013646829358106248,0.1102454178376699,0.1085275941110065,0.1113975466023526
317,318,0.1097925127101442,0.0013597146650131905,0.1102454178376699,0.1085275941110065,0.1113975466023526
318,319,0.10979173936878311,0.0013585811853344374,0.1102454178376699,0.1085275941110065,0.1113975466023526
319,320,0.1097877172875271,0.001357340529730917,0.1102454178376699,0.1085275941110065,0.1113975466023526
320,321,0.10978059208801566,0.0013501909137746528,0.1102454178376699,0.1085275941110065,0.1113975466023526
321,322,0.10977654931505934,0.0013488842795097947,0.1102454178376699,0.1085275941110065,0.1113975466023526
322,323,0.10977078871837637,0.0013480551243553046,0.1102454178376699,0.1085275941110065,0.1113975466023526
323,324,0.10976486313718174,0.00134471759264894,0.1102454178376699,0.1085275941110065,0.1113975466023526
324,325,0.10976121984332933,0.00134312844120286,0.1102454178376699,0.1085275941110065,0.1113975466023526
325,326,0.10975416159372385,0.001342498579921242,0.1102454178376699,0.1085275941110065,0.1113975466023526
326,327,0.10975298877325888,0.0013415562764888971,0.1102454178376699,0.1085275941110065,0.11053345002884057
327,328,0.10974609191184684,0.0013367329878880836,0.1102454178376699,0.1085275941110065,0.1102454178376699
328,329,0.10974093356586176,0.0013314263419528785,0.1102454178376699,0.1085275941110065,0.1102454178376699
329,330,0.10973403663779832,0.0013233347471509982,0.1102454178376699,0.1085275941110065,0.1102454178376699
330,331,0.1097311459936067,0.001322809686053112,0.1093865059743382,0.1085275941110065,0.1102454178376699
331,332,0.10972275121751152,0.001318502336468645,0.1085275941110065,0.1085275941110065,0.1102454178376699
332,333,0.10971868775285493,0.001316960184486081,0.1085275941110065,0.1085275941110065,0.1102454178376699
333,334,0.10971546718678048,0.0013150437685099973,0.1085275941110065,0.1085275941110065,0.1102454178376699
334,335,0.10971087941056247,0.0013149261999982982,0.1085275941110065,0.1085275941110065,0.1102454178376699
335,336,0.10970498669327937,0.0013089357189021756,0.1085275941110065,0.1085275941110065,0.1102454178376699
336,337,0.10976184541494724,0.0013330759738246416,0.1102454178376699,0.1085275941110065,0.1102454178376699
337,338,0.10975935424985951,0.0013323839208172373,0.1102454178376699,0.1085275941110065,0.1102454178376699
338,339,0.10975407508990151,0.0013288740591609306,0.1102454178376699,0.1085275941110065,0.1102454178376699
339,340,0.10975235726617484,0.0013293480176719316,0.1102454178376699,0.1085275941110065,0.1102454178376699
340,341,0.10974618397653581,0.001326452636714095,0.1102454178376699,0.1085275941110065,0.1102454178376699
341,342,0.10973967200867893,0.0013243244386702856,0.1102454178376699,0.1085275941110065,0.1102454178376699
342,343,0.10973047576454263,0.0013242165565399673,0.1102454178376699,0.1085275941110065,0.1102454178376699
343,344,0.10972857098611716,0.0013220910828224382,0.1102454178376699,0.1085275941110065,0.1102454178376699
344,345,0.10971862337080697,0.001320737650892652,0.1085275941110065,0.1085275941110065,0.1102454178376699
345,346,0.10971425067596782,0.0013178594364142552,0.1085275941110065,0.1085275941110065,0.1102454178376699
346,347,0.10971190503503787,0.0013158666807691188,0.1085275941110065,0.1085275941110065,0.1102454178376699
347,348,0.10970731725881987,0.0013157367651598201,0.1085275941110065,0.1085275941110065,0.1102454178376699
348,349,0.1097036131640814,0.0013133713576505414,0.1085275941110065,0.1085275941110065,0.1102454178376699
349,350,0.10970120395661473,0.0013101616688289267,0.1085275941110065,0.1085275941110065,0.1102454178376699
350,351,0.10968987587444048,0.0013049277627719402,0.1085275941110065,0.1085275941110065,0.1102454178376699
351,352,0.10968528809822248,0.001304719299301458,0.1085275941110065,0.1085275941110065,0.1102454178376699
352,353,0.10968067626415029,0.0013019183668143595,0.1085275941110065,0.1085275941110065,0.1102454178376699
353,354,0.10967244647256676,0.001299800841933174,0.1085275941110065,0.1085275941110065,0.1102454178376699
354,355,0.10967167313120568,0.0012985435653869305,0.1085275941110065,0.1085275941110065,0.1102454178376699
355,356,0.10966644304544533,0.0012935438789473818,0.1085275941110065,0.1085275941110065,0.1102454178376699
356,357,0.10966585577247019,0.0012916107893413734,0.1085275941110065,0.1085275941110065,0.1102454178376699
357,358,0.1096612679962522,0.00129131484052287,0.1085275941110065,0.1085275941110065,0.1102454178376699
358,359,0.10965596814459388,0.001287262694173537,0.1085275941110065,0.1085275941110065,0.1102454178376699
359,360,0.1096494768684373,0.0012846406772609909,0.1085275941110065,0.1085275941110065,0.1102454178376699
360,361,0.10963998871966489,0.0012799390340168934,0.1085275941110065,0.1085275941110065,0.1102454178376699
361,362,0.10963998871966489,0.0012799390340168934,0.1085275941110065,0.1085275941110065,0.1102454178376699
362,363,0.10963653238051126,0.001280586028874385,0.1085275941110065,0.1085275941110065,0.1102454178376699
363,364,0.10962966108560461,0.0012819084885424097,0.1085275941110065,0.1085275941110065,0.1102454178376699
364,365,0.1096262254381513,0.0012825554022346261,0.1085275941110065,0.1085275941110065,0.1102454178376699
365,366,0.10962048553316861,0.00128103639196725,0.1085275941110065,0.1085275941110065,0.1102454178376699
366,367,0.10961686420950337,0.0012790006120452528,0.1085275941110065,0.1085275941110065,0.1102454178376699
367,368,0.10960355824250478,0.0012689795943258203,0.1085275941110065,0.1085275941110065,0.1102454178376699
368,369,0.10959989425695206,0.001266802128769947,0.1085275941110065,0.1085275941110065,0.1102454178376699
369,370,0.1095914775106697,0.0012613857713806834,0.1085275941110065,0.1085275941110065,0.1102454178376699
370,371,0.10958917325314034,0.0012591347264743209,0.1085275941110065,0.1085275941110065,0.1102454178376699
371,372,0.10958299868501442,0.0012552602242539325,0.1085275941110065,0.1085275941110065,0.1102454178376699
372,373,0.10957648543867064,0.0012521476793030657,0.1085275941110065,0.1085275941110065,0.1102454178376699
373,374,0.10957646474697036,0.0012521174148241159,0.1085275941110065,0.1085275941110065,0.1102454178376699
374,375,0.10957531261820568,0.0012509707639344284,0.1085275941110065,0.1085275941110065,0.1102454178376699
375,376,0.10957118558701236,0.0012476082587429332,0.1085275941110065,0.1085275941110065,0.1102454178376699
376,377,0.1095643142921057,0.001248606074289934,0.1085275941110065,0.1085275941110065,0.1102454178376699
377,378,0.10955593816291223,0.0012437005949321005,0.1085275941110065,0.1085275941110065,0.1102454178376699
378,379,0.10955403466297363,0.0012411846701716606,0.1085275941110065,0.1085275941110065,0.1102454178376699
379,380,0.10955041333930839,0.0012388891933176138,0.1085275941110065,0.1085275941110065,0.1102454178376699
380,381,0.10954505222172929,0.001236753852460775,0.1085275941110065,0.1085275941110065,0.1102454178376699
381,382,0.10954505222172929,0.001236753852460775,0.1085275941110065,0.1085275941110065,0.1102454178376699
382,383,0.10954333439800262,0.00123697285728883,0.1085275941110065,0.1085275941110065,0.1102454178376699
383,384,0.10953673689342185,0.0012322986463987327,0.1085275941110065,0.1085275941110065,0.1102454178376699
384,385,0.10953659715328785,0.0012423045762764862,0.1085275941110065,0.1085275941110065,0.1102454178376699
385,386,0.10953370650909622,0.0012412855506039038,0.1085275941110065,0.1085275941110065,0.1102454178376699
386,387,0.10952147409661048,0.0012398493328098746,0.1085275941110065,0.1085275941110065,0.1102454178376699
387,388,0.10951351193885996,0.0012368054271781575,0.1085275941110065,0.1085275941110065,0.1102454178376699
388,389,0.1095117941151333,0.0012369806229272757,0.1085275941110065,0.1085275941110065,0.1102454178376699
389,390,0.10951007629140663,0.001237153408620388,0.1085275941110065,0.1085275941110065,0.1102454178376699
390,391,0.10950374999976166,0.001236398726770217,0.1085275941110065,0.1085275941110065,0.1102454178376699
391,392,0.1095018245296359,0.0012337400659735028,0.1085275941110065,0.1085275941110065,0.1102454178376699
392,393,0.10949984138330052,0.001227875645816209,0.1085275941110065,0.1085275941110065,0.1102454178376699
393,394,0.10949908873363973,0.0012264680150798602,0.1085275941110065,0.1085275941110065,0.1102454178376699
394,395,0.1094935432183356,0.0012212991719919245,0.1085275941110065,0.1085275941110065,0.1102454178376699
395,396,0.10948648624721703,0.0012190731703927296,0.1085275941110065,0.1085275941110065,0.1102454178376699
396,397,0.10948284295336459,0.0012164865731836534,0.1085275941110065,0.1085275941110065,0.1102454178376699
397,398,0.10947903595348743,0.0012111037199488265,0.1085275941110065,0.1085275941110065,0.1102454178376699
398,399,0.10947731812976076,0.0012112337387732994,0.1085275941110065,0.1085275941110065,0.1102454178376699
399,400,0.10947616600099609,0.0012099539422293683,0.1085275941110065,0.1085275941110065,0.1102454178376699
400,401,0.10947197898236886,0.0012087742523064513,0.1085275941110065,0.1085275941110065,0.1102454178376699
401,402,0.10946453985769283,0.0012038334137451513,0.1085275941110065,0.1085275941110065,0.1102454178376699
402,403,0.10946049708473651,0.0012013045946383718,0.1085275941110065,0.1085275941110065,0.1102454178376699
403,404,0.10945762713224517,0.0012001010955734728,0.1085275941110065,0.1085275941110065,0.1102454178376699
404,405,0.10945337799137665,0.001194636090753862,0.1085275941110065,0.1085275941110065,0.1102454178376699
405,406,0.10944648595762929,0.0011908442354662447,0.1085275941110065,0.1085275941110065,0.1102454178376699
406,407,0.10943902822891995,0.0011884173907661015,0.1085275941110065,0.1085275941110065,0.1102454178376699
407,408,0.10943615827642861,0.0011871489274645456,0.1085275941110065,0.1085275941110065,0.1102454178376699
408,409,0.10942314272263032,0.0011774161339247855,0.1085275941110065,0.1085275941110065,0.1102454178376699
409,410,0.10942140420720337,0.0011774334228517288,0.1085275941110065,0.1085275941110065,0.1102454178376699
410,411,0.10941606505981144,0.0011746490637620345,0.1085275941110065,0.1085275941110065,0.1102454178376699
411,412,0.10940975945986679,0.0011733826669604592,0.1085275941110065,0.1085275941110065,0.1102454178376699
412,413,0.10940802094443984,0.0011733801864390052,0.1085275941110065,0.1085275941110065,0.1102454178376699
413,414,0.10939884539200384,0.0011706914986454155,0.1085275941110065,0.1085275941110065,0.1102454178376699
414,415,0.10938755869323014,0.0011619588570720226,0.1085275941110065,0.1085275941110065,0.1102454178376699
415,416,0.1093846887407388,0.0011605342031102187,0.1085275941110065,0.1085275941110065,0.1102454178376699
416,417,0.10938010096452078,0.001159092472565195,0.1085275941110065,0.1085275941110065,0.1102454178376699
417,418,0.1093743403678378,0.0011561538049252177,0.1085275941110065,0.1085275941110065,0.1102454178376699
418,419,0.10937241489771202,0.0011530941031467619,0.1085275941110065,0.1085275941110065,0.1102454178376699
419,420,0.10937241489771202,0.0011530941031467619,0.1085275941110065,0.1085275941110065,0.1102454178376699
420,421,0.10936952425352038,0.001151584119222504,0.1085275941110065,0.1085275941110065,0.1102454178376699
421,422,0.10936592362155542,0.0011485648400126477,0.1085275941110065,0.1085275941110065,0.1102454178376699
422,423,0.10936131515363712,0.00114699609452118,0.1085275941110065,0.1085275941110065,0.1102454178376699
423,424,0.10936131515363712,0.00114699609452118,0.1085275941110065,0.1085275941110065,0.1102454178376699
424,425,0.10935702335088111,0.0011408270134249474,0.1085275941110065,0.1085275941110065,0.1102454178376699
425,426,0.10935415339838978,0.0011392990194224416,0.1085275941110065,0.1085275941110065,0.1102454178376699
426,427,0.10934954365198457,0.0011376529842782618,0.1085275941110065,0.1085275941110065,0.1102454178376699
427,428,0.1093438037470019,0.0011345412888275166,0.1085275941110065,0.1085275941110065,0.1102454178376699
428,429,0.10934018242333665,0.0011313568647964645,0.1085275941110065,0.1085275941110065,0.1102454178376699
429,430,0.10933442182665368,0.0011281421483908742,0.1085275941110065,0.1085275941110065,0.1102454178376699
430,431,0.10932809553500872,0.0011263283177335153,0.1085275941110065,0.1085275941110065,0.1102454178376699
431,432,0.10934893176607269,0.0011187122417513867,0.1085275941110065,0.1085275941110065,0.1102454178376699
432,433,0.10934549611861936,0.001118591566526899,0.1085275941110065,0.1085275941110065,0.1102454178376699
433,434,0.10931880407225875,0.0011186399443985568,0.1085275941110065,0.1085275941110065,0.1102454178376699
434,435,0.10933916982697439,0.0011168249564990059,0.1085275941110065,0.1085275941110065,0.1102454178376699
435,436,0.10933573417952107,0.0011166740433793962,0.1085275941110065,0.1085275941110065,0.1102454178376699
436,437,0.10933114640330306,0.0011149741958370511,0.1085275941110065,0.1085275941110065,0.1102454178376699
437,438,0.10932712432204704,0.001111797125927984,0.1085275941110065,0.1085275941110065,0.1102454178376699
438,439,0.10931414176973386,0.0011018089504794362,0.1085275941110065,0.1085275941110065,0.1102454178376699
439,440,0.10930955399351584,0.0010999960814900948,0.1085275941110065,0.1085275941110065,0.1102454178376699
440,441,0.10930611834606253,0.0010997503425169942,0.1085275941110065,0.1085275941110065,0.1102454178376699
441,442,0.10930440052233587,0.0010996234270865277,0.1085275941110065,0.1085275941110065,0.1102454178376699
442,443,0.1093026826986092,0.00109949381312133,0.1085275941110065,0.1085275941110065,0.1102454178376699
443,444,0.10930075722848344,0.0010961501200830543,0.1085275941110065,0.1085275941110065,0.1102454178376699
444,445,0.10929309185337498,0.001089285808256511,0.1085275941110065,0.1085275941110065,0.1102454178376699
445,446,0.10928963063941625,0.0010807216024577395,0.1085275941110065,0.1085275941110065,0.1102454178376699
446,447,0.10928960994771597,0.001080681044857146,0.1085275941110065,0.1085275941110065,0.1102454178376699
447,448,0.10928673999522462,0.0010788885740805932,0.1085275941110065,0.1085275941110065,0.1102454178376699
448,449,0.10928387004273328,0.0010770854732077549,0.1085275941110065,0.1085275941110065,0.1102454178376699
449,450,0.10928024871906802,0.001073528507949196,0.1085275941110065,0.1085275941110065,0.1102454178376699
450,451,0.10927509524788803,0.0010730059234268033,0.1085275941110065,0.1085275941110065,0.1102454178376699
451,452,0.1092722046036964,0.0010711204655320752,0.1085275941110065,0.1085275941110065,0.1102454178376699
452,453,0.10926858328003115,0.00106750405329685,0.1085275941110065,0.1085275941110065,0.1102454178376699
453,454,0.10926280199164791,0.001063667042346691,0.1085275941110065,0.1085275941110065,0.1102454178376699
454,455,0.10925758639822661,0.001058292505432606,0.1085275941110065,0.1085275941110065,0.1102454178376699
455,456,0.10924950085231397,0.001050923097915254,0.1085275941110065,0.1085275941110065,0.1102454178376699
456,457,0.1092477830285873,0.0010506977231891472,0.1085275941110065,0.1085275941110065,0.1102454178376699
457,458,0.10924606520486065,0.0010504694909711603,0.1085275941110065,0.1085275941110065,0.1102454178376699
458,459,0.10923973891321567,0.0010479880649593232,0.1085275941110065,0.1085275941110065,0.1102454178376699
459,460,0.1092385660927507,0.0010462041575613702,0.1085275941110065,0.1085275941110065,0.1102454178376699
460,461,0.10923513044529737,0.0010457125786134628,0.1085275941110065,0.1085275941110065,0.1102454178376699
461,462,0.10923513044529737,0.0010457125786134628,0.1085275941110065,0.1085275941110065,0.1102454178376699
462,463,0.10922635565045215,0.0010410994343709786,0.1085275941110065,0.1085275941110065,0.1102454178376699
463,464,0.10922520352168746,0.001039332055908351,0.1085275941110065,0.1085275941110065,0.1102454178376699
464,465,0.10921946361670479,0.0010352358884761304,0.1085275941110065,0.1085275941110065,0.1102454178376699
465,466,0.10921831148794012,0.0010334507990027472,0.1085275941110065,0.1085275941110065,0.1102454178376699
466,467,0.10921010238805687,0.0010271280201456085,0.1085275941110065,0.1085275941110065,0.1102454178376699
467,468,0.10919902333568227,0.0010185549352942245,0.1085275941110065,0.1085275941110065,0.1102454178376699
468,469,0.10919787120691758,0.0010167173971715182,0.1085275941110065,0.1085275941110065,0.1102454178376699
469,470,0.10919787120691758,0.0010167173971715182,0.1085275941110065,0.1085275941110065,0.1102454178376699
470,471,0.10919615338319093,0.001016397182323213,0.1085275941110065,0.1085275941110065,0.1102454178376699
471,472,0.10919424988325234,0.0010126409764852661,0.1085275941110065,0.1085275941110065,0.1102454178376699
472,473,0.10918274938158669,0.0010037816154952867,0.1085275941110065,0.1085275941110065,0.1102454178376699
473,474,0.10918274938158669,0.0010037816154952867,0.1085275941110065,0.1085275941110065,0.1102454178376699
474,475,0.1091775959104067,0.0010027217290375981,0.1085275941110065,0.1085275941110065,0.1102454178376699
475,476,0.1091775959104067,0.0010027217290375981,0.1085275941110065,0.1085275941110065,0.1102454178376699
476,477,0.10917183531372371,0.0009981553119048534,0.1085275941110065,0.1085275941110065,0.1102454178376699
477,478,0.10917183531372371,0.0009981553119048534,0.1085275941110065,0.1085275941110065,0.1102454178376699
478,479,0.10916552971377905,0.00099511831289714,0.1085275941110065,0.1085275941110065,0.1102454178376699
479,480,0.10914497467942735,0.0010019317260865153,0.1085275941110065,0.1085275941110065,0.1102454178376699
480,481,0.10914325685570068,0.00100151605900359,0.1085275941110065,0.1085275941110065,0.1102454178376699
481,482,0.10914210472693602,0.0009995829258294198,0.1085275941110065,0.1085275941110065,0.1102454178376699
482,483,0.10913003853030837,0.000991523640258866,0.1085275941110065,0.1085275941110065,0.1102454178376699
483,484,0.10912832070658171,0.0009910777197338707,0.1085275941110065,0.1085275941110065,0.1102454178376699
484,485,0.10912545075409037,0.0009886547912199535,0.1085275941110065,0.1085275941110065,0.1102454178376699
485,486,0.10912545075409037,0.0009886547912199535,0.1085275941110065,0.1085275941110065,0.1102454178376699
486,487,0.10912570852174396,0.0009665062351491684,0.1085275941110065,0.1085275941110065,0.1102454178376699
487,488,0.10912011160669847,0.000983732166667443,0.1085275941110065,0.1085275941110065,0.1102454178376699
488,489,0.10911724165420712,0.000981267092045881,0.1085275941110065,0.1085275941110065,0.1102454178376699
489,490,0.10911608952544245,0.0009792633810042533,0.1085275941110065,0.1085275941110065,0.1102454178376699
490,491,0.10911437170171578,0.0009787873941124968,0.1085275941110065,0.1085275941110065,0.1102454178376699
491,492,0.10911321957295111,0.0009767752111963103,0.1085275941110065,0.1085275941110065,0.1102454178376699
492,493,0.10910576184424178,0.0009712594371072846,0.1085275941110065,0.1085275941110065,0.1102454178376699
493,494,0.10910289189175043,0.0009687201133933846,0.1085275941110065,0.1085275941110065,0.1102454178376699
494,495,0.10909943427410991,0.0009676381455715581,0.1085275941110065,0.1085275941110065,0.1102454178376699
495,496,0.1090954121928539,0.0009630083294453712,0.1085275941110065,0.1085275941110065,0.1102454178376699
496,497,0.10909369436912723,0.0009624874004649446,0.1085275941110065,0.1085275941110065,0.1102454178376699
497,498,0.10909197654540057,0.0009619631217929598,0.1085275941110065,0.1085275941110065,0.1102454178376699
498,499,0.10909124586592694,0.000959916203567517,0.1085275941110065,0.1085275941110065,0.1102454178376699
499,500,0.10908665808970895,0.0009567666072534546,0.1085275941110065,0.1085275941110065,0.1102454178376699
500,501,0.10908016681355237,0.0009493511832024944,0.1085275941110065,0.1085275941110065,0.1102454178376699
501,502,0.1090790146847877,0.0009472348718828655,0.1085275941110065,0.1085275941110065,0.1102454178376699
502,503,0.10907384047476698,0.0009402794353715207,0.1085275941110065,0.1085275941110065,0.1102454178376699
503,504,0.10907384047476698,0.0009402794353715207,0.1085275941110065,0.1085275941110065,0.1102454178376699
504,505,0.10907212265104031,0.0009397064739783791,0.1085275941110065,0.1085275941110065,0.1102454178376699
505,506,0.10906696917986032,0.000937966613574004,0.1085275941110065,0.1085275941110065,0.1102454178376699
506,507,0.10906009788495367,0.0009355976113634517,0.1085275941110065,0.1085275941110065,0.1102454178376699
507,508,0.10905264015624434,0.0009294114466026459,0.1085275941110065,0.1085275941110065,0.1102454178376699
508,509,0.10904977020375302,0.0009265929459894076,0.1085275941110065,0.1085275941110065,0.1102454178376699
509,510,0.10904977020375302,0.0009265929459894076,0.1085275941110065,0.1085275941110065,0.1102454178376699
510,511,0.10904346460380834,0.0009224866015478747,0.1085275941110065,0.1085275941110065,0.1102454178376699
511,512,0.10904174678008167,0.0009218459794922023,0.1085275941110065,0.1085275941110065,0.1102454178376699
512,513,0.10904059465131699,0.000919618243467096,0.1085275941110065,0.1085275941110065,0.1102454178376699
513,514,0.10904059465131699,0.000919618243467096,0.1085275941110065,0.1085275941110065,0.1102454178376699
514,515,0.10903772469882565,0.0009167319259985778,0.1085275941110065,0.1085275941110065,0.1102454178376699
515,516,0.10903313692260765,0.0009131645857969404,0.1085275941110065,0.1085275941110065,0.1102454178376699
516,517,0.10902953629064269,0.0009080211202769027,0.1085275941110065,0.1085275941110065,0.10895705004267235
517,518,0.10902781846691602,0.0009073439160350695,0.1085275941110065,0.1085275941110065,0.1085275941110065
518,519,0.10902551420938665,0.0009027743604836404,0.1085275941110065,0.1085275941110065,0.1085275941110065
519,520,0.1090237744154728,0.0009020091753495035,0.1085275941110065,0.1085275941110065,0.1085275941110065
520,521,0.10901744812382785,0.0008975526906668788,0.1085275941110065,0.1085275941110065,0.1085275941110065
521,522,0.10901229465264785,0.0008954163368318799,0.1085275941110065,0.1085275941110065,0.1085275941110065
522,523,0.10901057682892121,0.0008946964888568013,0.1085275941110065,0.1085275941110065,0.1085275941110065
523,524,0.10900714118146787,0.0008932451418715274,0.1085275941110065,0.1085275941110065,0.1085275941110065
524,525,0.1090002284560202,0.0008846416744008196,0.1085275941110065,0.1085275941110065,0.1085275941110065
525,526,0.10900020776431991,0.0008845853572917141,0.1085275941110065,0.1085275941110065,0.1085275941110065
526,527,0.10899444716763694,0.0008782429572747723,0.1085275941110065,0.1085275941110065,0.1085275941110065
527,528,0.109016216948786,0.000916556677774433,0.1085275941110065,0.1085275941110065,0.1085275941110065
528,529,0.10901433414054772,0.0009120683607177027,0.1085275941110065,0.1085275941110065,0.1085275941110065
529,530,0.10901146418805638,0.0009090751741265516,0.1085275941110065,0.1085275941110065,0.1085275941110065
530,531,0.10900859423556504,0.0009060630091497818,0.1085275941110065,0.1085275941110065,0.1085275941110065
531,532,0.10900344076438505,0.0009038962903871443,0.1085275941110065,0.1085275941110065,0.1085275941110065
532,533,0.10900172294065838,0.0009031663611119742,0.1085275941110065,0.1085275941110065,0.1085275941110065
533,534,0.10899885298816706,0.0009001033642566307,0.1085275941110065,0.1085275941110065,0.1085275941110065
534,535,0.10899525235620211,0.0008947468763850847,0.1085275941110065,0.1085275941110065,0.1085275941110065
535,536,0.10898710324375277,0.0008818009079736034,0.1085275941110065,0.1085275941110065,0.1085275941110065
536,537,0.10898366759629945,0.0008802366861709749,0.1085275941110065,0.1085275941110065,0.1085275941110065
537,538,0.10895996640148066,0.0008444375902309603,0.1085275941110065,0.1085275941110065,0.1085275941110065
538,539,0.10898023194884611,0.0008786562460442653,0.1085275941110065,0.1085275941110065,0.1085275941110065
539,540,0.10897851412511946,0.0008778599167710094,0.1085275941110065,0.1085275941110065,0.1085275941110065
540,541,0.10897277422013678,0.0008713829860804083,0.1085275941110065,0.1085275941110065,0.1085275941110065
541,542,0.10897277422013678,0.0008713829860804083,0.1085275941110065,0.1085275941110065,0.1085275941110065
542,543,0.10897103570470983,0.0008705073670415199,0.1085275941110065,0.1085275941110065,0.1085275941110065
543,544,0.10896644792849182,0.000866396736097142,0.1085275941110065,0.1085275941110065,0.1085275941110065
544,545,0.10896186015227381,0.0008622420989401691,0.1085275941110065,0.1085275941110065,0.1085275941110065
545,546,0.10895325029479977,0.0008521475007728967,0.1085275941110065,0.1085275941110065,0.1085275941110065
546,547,0.10894922821354376,0.0008461919978369354,0.1085275941110065,0.1085275941110065,0.1085275941110065
547,548,0.10894348830856107,0.0008392705019604332,0.1085275941110065,0.1085275941110065,0.1085275941110065
548,549,0.1089417704848344,0.00083836148052457,0.1085275941110065,0.1085275941110065,0.1085275941110065
549,550,0.10894061835606973,0.0008357734769109609,0.1085275941110065,0.1085275941110065,0.1085275941110065
550,551,0.10893372632232236,0.0008260774752392728,0.1085275941110065,0.1085275941110065,0.1085275941110065
551,552,0.108930856369831,0.0008224902987094481,0.1085275941110065,0.1085275941110065,0.1085275941110065
552,553,0.108930856369831,0.0008224902987094481,0.1085275941110065,0.1085275941110065,0.1085275941110065
553,554,0.10892913854610435,0.0008215362981326268,0.1085275941110065,0.1085275941110065,0.1085275941110065
554,555,0.10892913854610435,0.0008215362981326268,0.1085275941110065,0.1085275941110065,0.1085275941110065
555,556,0.10892675003033797,0.0008141695787705311,0.1085275941110065,0.1085275941110065,0.1085275941110065
556,557,0.10892675003033797,0.0008141695787705311,0.1085275941110065,0.1085275941110065,0.1085275941110065
557,558,0.1089250322066113,0.0008131971426037262,0.1085275941110065,0.1085275941110065,0.1085275941110065
558,559,0.10892331438288463,0.0008122199090428864,0.1085275941110065,0.1085275941110065,0.1085275941110065
559,560,0.10892214156241967,0.0008094585334145042,0.1085275941110065,0.1085275941110065,0.1085275941110065
560,561,0.10891870591496634,0.0008074778813228733,0.1085275941110065,0.1085275941110065,0.1085275941110065
561,562,0.10891698809123967,0.0008064802426747147,0.1085275941110065,0.1085275941110065,0.1085275941110065
562,563,0.10891527026751302,0.0008054777048354258,0.1085275941110065,0.1085275941110065,0.1085275941110065
563,564,0.10891066179959472,0.0008006494483054019,0.1085275941110065,0.1085275941110065,0.1085275941110065
564,565,0.10890894397586806,0.000799626009660919,0.1085275941110065,0.1085275941110065,0.1085275941110065
565,566,0.10890475695724083,0.0007948575140733713,0.1085275941110065,0.1085275941110065,0.1085275941110065
566,567,0.10890132130978752,0.0007927650499599463,0.1085275941110065,0.1085275941110065,0.1085275941110065
567,568,0.1088932771944159,0.0007856307956951324,0.1085275941110065,0.1085275941110065,0.1085275941110065
568,569,0.10889155937068924,0.0007845497027114067,0.1085275941110065,0.1085275941110065,0.1085275941110065
569,570,0.10888579877400627,0.000776586063833535,0.1085275941110065,0.1085275941110065,0.1085275941110065
570,571,0.1088840809502796,0.0007754757960145616,0.1085275941110065,0.1085275941110065,0.1085275941110065
571,572,0.10888236312655294,0.0007743601255434455,0.1085275941110065,0.1085275941110065,0.1085275941110065
572,573,0.10887720965537297,0.0007709804631072815,0.1085275941110065,0.1085275941110065,0.1085275941110065
573,574,0.1088754918316463,0.0007698429456541859,0.1085275941110065,0.1085275941110065,0.1085275941110065
574,575,0.108866902713013,0.0007640720292124397,0.1085275941110065,0.1085275941110065,0.1085275941110065
575,576,0.10880717880823737,0.0006819221487720851,0.1085275941110065,0.1085275941110065,0.1085275941110065
576,577,0.1088054609845107,0.0006804590378301379,0.1085275941110065,0.1085275941110065,0.1085275941110065
577,578,0.10879972107952803,0.0006706028332432091,0.1085275941110065,0.1085275941110065,0.1085275941110065
578,579,0.10879800325580136,0.0006690958249802123,0.1085275941110065,0.1085275941110065,0.1085275941110065
579,580,0.1087916976558567,0.000661000137804689,0.1085275941110065,0.1085275941110065,0.1085275941110065
580,581,0.10878826200840336,0.000657892297519254,0.1085275941110065,0.1085275941110065,0.1085275941110065
581,582,0.10878826200840336,0.000657892297519254,0.1085275941110065,0.1085275941110065,0.1085275941110065
582,583,0.10878826200840336,0.000657892297519254,0.1085275941110065,0.1085275941110065,0.1085275941110065
583,584,0.10877852076100539,0.0006463478502034615,0.1085275941110065,0.1085275941110065,0.1085275941110065
584,585,0.10877508511355205,0.0006430988214026703,0.1085275941110065,0.1085275941110065,0.1085275941110065
585,586,0.1087670616898807,0.0006327667711948426,0.1085275941110065,0.1085275941110065,0.1085275941110065
586,587,0.10882730990621772,0.0007218633802867482,0.1085275941110065,0.1085275941110065,0.1085275941110065
587,588,0.10875903826620938,0.0006221597292595926,0.1085275941110065,0.1085275941110065,0.1085275941110065
588,589,0.10875616831371802,0.000616576298800185,0.1085275941110065,0.1085275941110065,0.1085275941110065
589,590,0.10875616831371802,0.000616576298800185,0.1085275941110065,0.1085275941110065,0.1085275941110065
590,591,0.10875158053750003,0.0006091428678688756,0.1085275941110065,0.1085275941110065,0.1085275941110065
591,592,0.10875158053750003,0.0006091428678688756,0.1085275941110065,0.1085275941110065,0.1085275941110065
592,593,0.10875158053750003,0.0006091428678688756,0.1085275941110065,0.1085275941110065,0.1085275941110065
593,594,0.10874986271377336,0.0006073472668885815,0.1085275941110065,0.1085275941110065,0.1085275941110065
594,595,0.10874642706632005,0.0006037253807236509,0.1085275941110065,0.1085275941110065,0.1085275941110065
595,596,0.1087435571138287,0.0005979093173472045,0.1085275941110065,0.1085275941110065,0.1085275941110065
596,597,0.1087435571138287,0.0005979093173472045,0.1085275941110065,0.1085275941110065,0.1085275941110065
597,598,0.10874068716133736,0.0005920222081617191,0.1085275941110065,0.1085275941110065,0.1085275941110065
598,599,0.1087389693376107,0.0005901428117651842,0.1085275941110065,0.1085275941110065,0.1085275941110065
599,600,0.1087389693376107,0.0005901428117651842,0.1085275941110065,0.1085275941110065,0.1085275941110065
600,601,0.10873725151388404,0.0005882523946086797,0.1085275941110065,0.1085275941110065,0.1085275941110065
601,602,0.10873209804270405,0.0005825139424913016,0.1085275941110065,0.1085275941110065,0.1085275941110065
602,603,0.1087303802189774,0.0005805783558957744,0.1085275941110065,0.1085275941110065,0.1085275941110065
603,604,0.10872866239525072,0.0005786311948346802,0.1085275941110065,0.1085275941110065,0.1085275941110065
604,605,0.10872350892407073,0.0005727190808058053,0.1085275941110065,0.1085275941110065,0.1085275941110065
605,606,0.1087200732766174,0.0005687175868486741,0.1085275941110065,0.1085275941110065,0.1085275941110065
606,607,0.1087200732766174,0.0005687175868486741,0.1085275941110065,0.1085275941110065,0.1085275941110065
607,608,0.1087200732766174,0.0005687175868486741,0.1085275941110065,0.1085275941110065,0.1085275941110065
608,609,0.10871491980543742,0.0005626226550038127,0.1085275941110065,0.1085275941110065,0.1085275941110065
609,610,0.10871204985294608,0.0005562145446502555,0.1085275941110065,0.1085275941110065,0.1085275941110065
610,611,0.10871204985294608,0.0005562145446502555,0.1085275941110065,0.1085275941110065,0.1085275941110065
611,612,0.10870689638176609,0.0005499058838089854,0.1085275941110065,0.1085275941110065,0.1085275941110065
612,613,0.10870689638176609,0.0005499058838089854,0.1085275941110065,0.1085275941110065,0.1085275941110065
613,614,0.10870689638176609,0.0005499058838089854,0.1085275941110065,0.1085275941110065,0.1085275941110065
614,615,0.1087057235613011,0.0005453538106571417,0.1085275941110065,0.1085275941110065,0.1085275941110065
615,616,0.10870285360880977,0.0005386913411107303,0.1085275941110065,0.1085275941110065,0.1085275941110065
616,617,0.10870285360880977,0.0005386913411107303,0.1085275941110065,0.1085275941110065,0.1085275941110065
617,618,0.10869598231390312,0.0005298546897589932,0.1085275941110065,0.1085275941110065,0.1085275941110065
618,619,0.10869311236141178,0.0005229413548520839,0.1085275941110065,0.1085275941110065,0.1085275941110065
619,620,0.10868967671395845,0.0005183544587830678,0.1085275941110065,0.1085275941110065,0.1085275941110065
620,621,0.10868795889023178,0.0005160371443492189,0.1085275941110065,0.1085275941110065,0.1085275941110065
621,622,0.10868795889023178,0.0005160371443492189,0.1085275941110065,0.1085275941110065,0.1085275941110065
622,623,0.10868795889023178,0.0005160371443492189,0.1085275941110065,0.1085275941110065,0.1085275941110065
623,624,0.10867310564933522,0.0005117178064519913,0.1085275941110065,0.1085275941110065,0.1085275941110065
624,625,0.10867310564933522,0.0005117178064519913,0.1085275941110065,0.1085275941110065,0.1085275941110065
625,626,0.1086696700018819,0.0005068938012513088,0.1085275941110065,0.1085275941110065,0.1085275941110065
626,627,0.10866336440193723,0.0004945248715699133,0.1085275941110065,0.1085275941110065,0.1085275941110065
627,628,0.10865877662571923,0.00048434700646933916,0.1085275941110065,0.1085275941110065,0.1085275941110065
628,629,0.10865705880199256,0.00048175600699332515,0.1085275941110065,0.1085275941110065,0.1085275941110065
629,630,0.10865247102577456,0.00047124109220842634,0.1085275941110065,0.1085275941110065,0.1085275941110065
630,631,0.10865247102577456,0.00047124109220842634,0.1085275941110065,0.1085275941110065,0.1085275941110065
631,632,0.10864788324955656,0.00046044042862912834,0.1085275941110065,0.1085275941110065,0.1085275941110065
632,633,0.10864788324955656,0.00046044042862912834,0.1085275941110065,0.1085275941110065,0.1085275941110065
633,634,0.10864616542582989,0.00045767323508639503,0.1085275941110065,0.1085275941110065,0.1085275941110065
634,635,0.10866388861921779,0.0004713457931123099,0.1085275941110065,0.1085275941110065,0.1085275941110065
635,636,0.1086410119546499,0.0004492299906384143,0.1085275941110065,0.1085275941110065,0.1085275941110065
636,637,0.10863929413092323,0.00044636686586306334,0.1085275941110065,0.1085275941110065,0.1085275941110065
637,638,0.10863585848346992,0.000440564708451695,0.1085275941110065,0.1085275941110065,0.1085275941110065
638,639,0.10863414065974325,0.00043762466940794803,0.1085275941110065,0.1085275941110065,0.1085275941110065
639,640,0.10863070501228993,0.0004316640170860413,0.1085275941110065,0.1085275941110065,0.1085275941110065
640,641,0.10863070501228993,0.0004316640170860413,0.1085275941110065,0.1085275941110065,0.1085275941110065
641,642,0.10863070501228993,0.0004316640170860413,0.1085275941110065,0.1085275941110065,0.1085275941110065
642,643,0.10862898718856326,0.0004286422833529279,0.1085275941110065,0.1085275941110065,0.1085275941110065
643,644,0.10862898718856326,0.0004286422833529279,0.1085275941110065,0.1085275941110065,0.1085275941110065
644,645,0.10862439941234525,0.00041648043318824135,0.1085275941110065,0.1085275941110065,0.1085275941110065
645,646,0.1086226815886186,0.0004133215102573626,0.1085275941110065,0.1085275941110065,0.1085275941110065
646,647,0.10862096376489193,0.0004101310627317531,0.1085275941110065,0.1085275941110065,0.1085275941110065
647,648,0.10862096376489193,0.0004101310627317531,0.1085275941110065,0.1085275941110065,0.1085275941110065
648,649,0.1086175281174386,0.00040365259649783274,0.1085275941110065,0.1085275941110065,0.1085275941110065
649,650,0.10861007038872925,0.00038052205563447207,0.1085275941110065,0.1085275941110065,0.1085275941110065
650,651,0.10860835256500258,0.00037699671744399993,0.1085275941110065,0.1085275941110065,0.1085275941110065
651,652,0.10860491691754924,0.000369821307839272,0.1085275941110065,0.1085275941110065,0.1085275941110065
652,653,0.10860148127009592,0.00036247133287130594,0.1085275941110065,0.1085275941110065,0.1085275941110065
653,654,0.10859632779891594,0.00035109500781197356,0.1085275941110065,0.1085275941110065,0.1085275941110065
654,655,0.10859460997518927,0.0003472030817202844,0.1085275941110065,0.1085275941110065,0.1085275941110065
655,656,0.10859174002269793,0.0003356929858053424,0.1085275941110065,0.1085275941110065,0.1085275941110065
656,657,0.10858658655151796,0.00032322069178882884,0.1085275941110065,0.1085275941110065,0.1085275941110065
657,658,0.10858658655151796,0.00032322069178882884,0.1085275941110065,0.1085275941110065,0.1085275941110065
658,659,0.10858658655151796,0.00032322069178882884,0.1085275941110065,0.1085275941110065,0.1085275941110065
659,660,0.10858486872779129,0.00031893639421396645,0.1085275941110065,0.1085275941110065,0.1085275941110065
660,661,0.10858486872779129,0.00031893639421396645,0.1085275941110065,0.1085275941110065,0.1085275941110065
661,662,0.10858486872779129,0.00031893639421396645,0.1085275941110065,0.1085275941110065,0.1085275941110065
662,663,0.10858315090406462,0.00031458437607620053,0.1085275941110065,0.1085275941110065,0.1085275941110065
663,664,0.10857971525661131,0.00030566556298544423,0.1085275941110065,0.1085275941110065,0.1085275941110065
664,665,0.10857456178543132,0.000291700758836525,0.1085275941110065,0.1085275941110065,0.1085275941110065
665,666,0.10857284396170466,0.00028687423690979924,0.1085275941110065,0.1085275941110065,0.1085275941110065
666,667,0.10856940831425134,0.00027693701898806253,0.1085275941110065,0.1085275941110065,0.1085275941110065
667,668,0.10856940831425134,0.00027693701898806253,0.1085275941110065,0.1085275941110065,0.1085275941110065
668,669,0.10856138489058,0.0002453799929181833,0.1085275941110065,0.1085275941110065,0.1085275941110065
669,670,0.10855966706685334,0.0002395277955813565,0.1085275941110065,0.1085275941110065,0.1085275941110065
670,671,0.10855451359567334,0.00022096340337350579,0.1085275941110065,0.1085275941110065,0.1085275941110065
671,672,0.10857512748039327,0.00028757796047439497,0.1085275941110065,0.1085275941110065,0.1085275941110065
672,673,0.1085699740092133,0.00027260171260681603,0.1085275941110065,0.1085275941110065,0.1085275941110065
673,674,0.10856482053803332,0.00025664993191372486,0.1085275941110065,0.1085275941110065,0.1085275941110065
674,675,0.10856195058554197,0.00024049532173287642,0.1085275941110065,0.1085275941110065,0.1085275941110065
675,676,0.10855679711436197,0.0002220648478378334,0.1085275941110065,0.1085275941110065,0.1085275941110065
676,677,0.1085550792906353,0.000215544098956795,0.1085275941110065,0.1085275941110065,0.1085275941110065
677,678,0.10854992581945533,0.00019458477182039612,0.1085275941110065,0.1085275941110065,0.1085275941110065
678,679,0.10854649017200199,0.00017917321449843654,0.1085275941110065,0.1085275941110065,0.1085275941110065
679,680,0.10854477234827534,0.00017092130271937624,0.1085275941110065,0.1085275941110065,0.1085275941110065
680,681,0.10854133670082201,0.0001530310036310457,0.1085275941110065,0.1085275941110065,0.1085275941110065
681,682,0.10854133670082203,0.00015303100363104572,0.1085275941110065,0.1085275941110065,0.1085275941110065
682,683,0.10853618322964204,0.0001211644288582318,0.1085275941110065,0.1085275941110065,0.1085275941110065
683,684,0.10853102975846206,7.674655066093809e-05,0.1085275941110065,0.1085275941110065,0.1085275941110065
684,685,0.10853102975846206,7.674655066093809e-05,0.1085275941110065,0.1085275941110065,0.1085275941110065
685,686,0.10853102975846206,7.674655066093809e-05,0.1085275941110065,0.1085275941110065,0.1085275941110065
686,687,0.10853102975846206,7.674655066093809e-05,0.1085275941110065,0.1085275941110065,0.1085275941110065
687,688,0.10852759411100872,1.3877787807814457e-17,0.1085275941110065,0.1085275941110065,0.1085275941110065
688,689,0.10852759411100872,1.3877787807814457e-17,0.1085275941110065,0.1085275941110065,0.1085275941110065
